Time (ms), GPS Distance (m), GPS Displacement (m), GPS Speed (km/h), Target Speed (km/h), Power (W), Cadence (rpm), Velocity (km/h), Simulated Distance (m), Heart Rate (bpm)112361.0257873, 0, 0, 0, 0, 0, 0, 0, 0, 0, 
112487.0257873, 0, 0, 0, 0, 0, 0, 0, 0, 0, 
112937.0258178, 0, 0, 0, 0, 0, 0, 0, 0, 0, 
114436.0261535, 0, 0, 0, 0, 0, 0, 0, 0, 0, 
114935.026184, 0, 0, 0, 0, 0, 0, 0, 0, 0, 
115433.0263977, 0, 0, 0, 0, 0, 0, 0, 0, 0, 
116933.0264282, 0, 0, 0, 0, 0, 0, 0, 0, 0, 
117433.0268859, 0, 0, 0, 0, 0, 0, 0, 0, 0, 
118931.0269165, 0, 0, 0, 0, 0, 0, 0, 0, 0, 
119431.0273742, 0, 0, 0, 0, 0, 0, 0, 0, 0, 
121430.0275573, 0, 0, 0, 0, 0, 0, 0, 0, 0, 
121929.0275878, 0, 0, 0, 0, 0, 0, 0, 0, 0, 
122428.0277404, 0, 0, 0, 0, 0, 0, 0, 0, 0, 
123428.0278625, 0, 0, 0, 0, 0, 0, 0, 0, 0, 
123928.027893, 0, 0, 0, 0, 0, 0, 0, 0, 0, 
124428.0281066, 0, 0, 0, 0, 0, 0, 0, 0, 0, 
125927.0283813, 0, 0, 0, 0, 0, 0, 0, 0, 0, 
126426.0283508, 0, 0, 0, 0, 0, 0, 0, 0, 0, 
126924.0283813, 0, 0, 0, 0, 0, 0, 0, 0, 0, 
128424.0288391, 0, 0, 0, 0, 0, 0, 0, 0, 0, 
128924.0288696, 0, 0, 0, 0, 0, 0, 0, 0, 0, 
130423.0293273, 0, 0, 0, 0, 0, 0, 0, 0, 0, 
130922.0293579, 0, 0, 0, 0, 0, 0, 0, 0, 0, 
131420.0295104, 0, 0, 0, 0, 0, 0, 0, 0, 0, 
133670.0298461, 0, 0, 0, 0, 0, 0, 0, 0, 0, 
135170.030281, 0, 0, 0, 0, 0, 0, 0, 0, 0, 
135669.0303344, 0, 0, 0, 0, 0, 0, 0, 0, 0, 
136249.0302886, 0, 0, 0, 0, 0, 0, 0, 0, 0, 
137167.0307693, 0, 0, 0, 0, 0, 0, 0, 0, 0, 
137667.0308227, 0, 0, 0, 0, 0, 0, 0, 0, 0, 
138262.0307769, 0, 0, 0, 0, 0, 0, 0, 0, 0, 
139666.031311, 0, 0, 0, 0, 0, 0, 0, 0, 0, 
140663.031311, 0, 0, 0, 0, 0, 0, 0, 0, 0, 
142248.0316314, 0, 0, 0, 0, 0, 0, 0, 0, 0, 
142663.0316772, 0, 0, 0, 0, 0, 0, 0, 0, 0, 
144248.0319976, 0, 0, 0, 0, 0, 0, 0, 0, 0, 
144662.0320434, 0, 0, 0, 0, 0, 0, 0, 0, 0, 
145160.0322341, 0, 0, 0, 0, 0, 0, 0, 0, 0, 
146661.0322875, 0, 0, 0, 0, 0, 0, 0, 0, 0, 
147160.0327224, 0, 0, 0, 0, 0, 0, 0, 0, 0, 
147658.0327758, 0, 0, 0, 0, 0, 0, 0, 0, 0, 
148659.0327758, 0, 0, 0, 0, 0, 0, 0, 0, 0, 
149158.0332107, 0, 0, 0, 0, 0, 0, 0, 0, 0, 
149658.0332641, 0, 0, 0, 0, 0, 0, 0, 0, 0, 
151157.0314407, 0, 0, 0, 0, 0, 0, 0, 0, 0, 
151657.0314941, 0, 0, 0, 0, 0, 0, 0, 0, 0, 
152249.0316314, 0, 0, 0, 0, 0, 0, 0, 0, 0, 
153156.0317459, 0, 0, 0, 0, 0, 0, 0, 0, 0, 
153655.0317993, 0, 0, 0, 0, 0, 0, 0, 0, 0, 
154249.0319976, 0, 0, 0, 0, 0, 0, 0, 0, 0, 
155654.0322875, 0, 0, 0, 0, 0, 0, 0, 0, 0, 
156249.0322418, 0, 0, 0, 0, 0, 0, 0, 0, 0, 
156651.0322875, 0, 0, 0, 0, 0, 0, 0, 0, 0, 
158248.0327301, 0, 0, 0, 0, 0, 0, 0, 0, 0, 
158652.0327758, 0, 0, 0, 0, 0, 0, 0, 0, 0, 
160249.0351715, 0, 0, 0, 0, 0, 0, 0, 0, 0, 
160650.0352172, 0, 0, 0, 0, 0, 0, 0, 0, 0, 
161149.0353469, 0, 0, 0, 0, 0, 0, 0, 0, 0, 
163148.0356521, 0, 0, 0, 0, 0, 0, 0, 0, 0, 
163647.0357055, 0, 0, 0, 0, 0, 0, 0, 0, 0, 
164647.0359497, 0, 0, 0, 0, 0, 0, 0, 0, 0, 
165146.0361404, 0, 0, 0, 0, 0, 0, 0, 0, 0, 
165646.0361938, 0, 0, 0, 0, 0, 0, 0, 0, 0, 
167145.0366287, 0, 0, 0, 0, 0, 0, 0, 0, 0, 
167645.0366821, 0, 0, 0, 0, 0, 0, 0, 0, 0, 
168142.0366287, 0, 0, 0, 0, 0, 0, 0, 0, 0, 
170142.0390701, 0, 0, 0, 0, 0, 0, 0, 0, 0, 
171641.0393066, 0, 0, 0, 0, 0, 0, 0, 0, 0, 
172141.0394363, 0, 0, 0, 0, 0, 0, 0, 0, 0, 
172641.0394897, 0, 0, 0, 0, 0, 0, 0, 0, 0, 
174140.0398025, 0, 0, 0, 0, 0, 0, 0, 0, 0, 
174640.0398559, 0, 0, 0, 0, 0, 0, 0, 0, 0, 
175138.0400466, 0, 0, 0, 0, 0, 0, 0, 0, 0, 
176139.0400466, 0, 0, 0, 0, 0, 0, 0, 0, 0, 
176638.0401, 0, 0, 0, 0, 0, 0, 0, 0, 0, 
177137.0405349, 0, 0, 0, 0, 0, 0, 0, 0, 0, 
178636.0405883, 0, 0, 0, 0, 0, 0, 0, 0, 0, 
179136.0410232, 0, 0, 0, 0, 0, 0, 0, 0, 0, 
179634.0410766, 0, 0, 0, 0, 0, 0, 0, 0, 0, 
181134.0392532, 0, 0, 0, 0, 0, 0, 0, 0, 0, 
181634.0393066, 0, 0, 0, 0, 0, 0, 0, 0, 0, 
183133.0395584, 0, 0, 0, 0, 0, 0, 0, 0, 0, 
184130.0398025, 0, 0, 0, 0, 0, 0, 0, 0, 0, 
185631.0401, 0, 0, 0, 0, 0, 0, 0, 0, 0, 
186131.0400466, 0, 0, 0, 0, 0, 0, 0, 0, 0, 
186630.0401, 0, 0, 0, 0, 0, 0, 0, 0, 0, 
187630.0405883, 0, 0, 0, 0, 0, 0, 0, 0, 0, 
188130.0405349, 0, 0, 0, 0, 0, 0, 0, 0, 0, 
188628.0405883, 0, 0, 0, 0, 0, 0, 0, 0, 0, 
190128.0390701, 0, 0, 0, 0, 0, 0, 0, 0, 0, 
190627.0391235, 0, 0, 0, 0, 0, 0, 0, 0, 0, 
191125.0392532, 0, 0, 0, 0, 0, 0, 0, 0, 0, 
192125.0394363, 0, 0, 0, 0, 0, 0, 0, 0, 0, 
192625.0394897, 0, 0, 0, 0, 0, 0, 0, 0, 0, 
193125.0395584, 0, 0, 0, 0, 0, 0, 0, 0, 0, 
194624.0398559, 0, 0, 0, 0, 0, 0, 0, 0, 0, 
195124.0400466, 0, 0, 0, 0, 0, 0, 0, 0, 0, 
195621.0401, 0, 0, 0, 0, 0, 0, 0, 0, 0, 
197122.0405349, 0, 0, 0, 0, 0, 0, 0, 0, 0, 
197621.0405883, 0, 0, 0, 0, 0, 0, 0, 0, 0, 
199120.0410232, 0, 0, 0, 0, 0, 0, 0, 0, 0, 
199620.0410766, 0, 0, 0, 0, 0, 0, 0, 0, 0, 
200120.0468826, 0, 0, 0, 0, 0, 0, 0, 0, 0, 
201619.0471191, 0, 0, 0, 0, 0, 0, 0, 0, 0, 
202118.0472488, 0, 0, 0, 0, 0, 0, 0, 0, 0, 
202616.0473022, 0, 0, 0, 0, 0, 0, 0, 0, 0, 
203617.0474243, 0, 0, 0, 0, 0, 0, 0, 0, 0, 
204116.047615, 0, 0, 0, 0, 0, 0, 0, 0, 0, 
204616.0476684, 0, 0, 0, 0, 0, 0, 0, 0, 0, 
206115.0478591, 0, 0, 0, 0, 0, 0, 0, 0, 0, 
206615.0479125, 0, 0, 0, 0, 0, 0, 0, 0, 0, 
207113.0483474, 0, 0, 0, 0, 0, 0, 0, 0, 0, 
208613.0484008, 0, 0, 0, 0, 0, 0, 0, 0, 0, 
209113.0488357, 0, 0, 0, 0, 0, 0, 0, 0, 0, 
210612.0488891, 0, 0, 0, 0, 0, 0, 0, 0, 0, 
211111.0490188, 0, 0, 0, 0, 0, 0, 0, 0, 0, 
211609.0490722, 0, 0, 0, 0, 0, 0, 0, 0, 0, 
213109.049324, 0, 0, 0, 0, 0, 0, 0, 0, 0, 
215108.0498123, 0, 0, 0, 0, 0, 0, 0, 0, 0, 
215608.0498657, 0, 0, 0, 0, 0, 0, 0, 0, 0, 
216108.0498123, 0, 0, 0, 0, 0, 0, 0, 0, 0, 
220104.0507888, 0, 0, 0, 0, 0, 0, 0, 0, 0, 
220604.0508422, 0, 0, 0, 0, 0, 0, 0, 0, 0, 
222103.051155, 0, 0, 0, 0, 0, 0, 0, 0, 0, 
222603.0512084, 0, 0, 0, 0, 0, 0, 0, 0, 0, 
223100.0512771, 0, 0, 0, 0, 0, 0, 0, 0, 0, 
224601.0515747, 0, 0, 0, 0, 0, 0, 0, 0, 0, 
225100.0517654, 0, 0, 0, 0, 0, 0, 0, 0, 0, 
226599.0517883, 0, 0, 0, 0, 0, 0, 0, 0, 0, 
227099.052246, 0, 0, 0, 0, 0, 0, 0, 0, 0, 
227599.0522766, 0, 0, 0, 0, 0, 0, 0, 0, 0, 
229097.0527343, 0, 0, 0, 0, 0, 0, 0, 0, 0, 
229597.0527648, 0, 0, 0, 0, 0, 0, 0, 0, 0, 
230095.0527343, 0, 0, 0, 0, 0, 0, 0, 0, 0, 
231096.0529174, 0, 0, 0, 0, 0, 0, 0, 0, 0, 
231596.0529479, 0, 0, 0, 0, 0, 0, 0, 0, 0, 
232095.0531005, 0, 0, 0, 0, 0, 0, 0, 0, 0, 
233593.0532531, 0, 0, 0, 0, 0, 0, 0, 0, 0, 
234094.0534667, 0, 0, 0, 0, 0, 0, 0, 0, 0, 
234592.0534973, 0, 0, 0, 0, 0, 0, 0, 0, 0, 
236092.0537109, 0, 0, 0, 0, 0, 0, 0, 0, 0, 
236592.0537414, 0, 0, 0, 0, 0, 0, 0, 0, 0, 
238090.0541992, 0, 0, 0, 0, 0, 0, 0, 0, 0, 
238589.0542297, 0, 0, 0, 0, 0, 0, 0, 0, 0, 
239089.0546874, 0, 0, 0, 0, 0, 0, 0, 0, 0, 
240588.054718, 0, 0, 0, 0, 0, 0, 0, 0, 0, 
241088.0548706, 0, 0, 0, 0, 0, 0, 0, 0, 0, 
241587.0549011, 0, 0, 0, 0, 0, 0, 0, 0, 0, 
242587.0550842, 0, 0, 0, 0, 0, 0, 0, 0, 0, 
243086.0551757, 0, 0, 0, 0, 0, 0, 0, 0, 0, 
243586.0552062, 0, 0, 0, 0, 0, 0, 0, 0, 0, 
245085.055664, 0, 0, 0, 0, 0, 0, 0, 0, 0, 
245584.0556945, 0, 0, 0, 0, 0, 0, 0, 0, 0, 
246083.055664, 0, 0, 0, 0, 0, 0, 0, 0, 0, 
247583.0561828, 0, 0, 0, 0, 0, 0, 0, 0, 0, 
248083.0561523, 0, 0, 0, 0, 0, 0, 0, 0, 0, 
249581.0566711, 0, 0, 0, 0, 0, 0, 0, 0, 0, 
250081.0546874, 0, 0, 0, 0, 0, 0, 0, 0, 0, 
250578.054718, 0, 0, 0, 0, 0, 0, 0, 0, 0, 
252080.0550537, 0, 0, 0, 0, 0, 0, 0, 0, 0, 
252578.0550842, 0, 0, 0, 0, 0, 0, 0, 0, 0, 
253077.0551757, 0, 0, 0, 0, 0, 0, 0, 0, 0, 
254077.0554199, 0, 0, 0, 0, 0, 0, 0, 0, 0, 
254577.0554504, 0, 0, 0, 0, 0, 0, 0, 0, 0, 
255077.055664, 0, 0, 0, 0, 0, 0, 0, 0, 0, 
256576.0556945, 0, 0, 0, 0, 0, 0, 0, 0, 0, 
257076.0561523, 0, 0, 0, 0, 0, 0, 0, 0, 0, 
257573.0561828, 0, 0, 0, 0, 0, 0, 0, 0, 0, 
258575.0561828, 0, 0, 0, 0, 0, 0, 0, 0, 0, 
259075.0566406, 0, 0, 0, 0, 0, 0, 0, 0, 0, 
259573.0566711, 0, 0, 0, 0, 0, 0, 0, 0, 0, 
261072.0587768, 0, 0, 0, 0, 0, 0, 0, 0, 0, 
261571.0588073, 0, 0, 0, 0, 0, 0, 0, 0, 0, 
262070.0589599, 0, 0, 0, 0, 0, 0, 0, 0, 0, 
263570.0591125, 0, 0, 0, 0, 0, 0, 0, 0, 0, 
264070.0593261, 0, 0, 0, 0, 0, 0, 0, 0, 0, 
265569.0596008, 0, 0, 0, 0, 0, 0, 0, 0, 0, 
266068.0595703, 0, 0, 0, 0, 0, 0, 0, 0, 0, 
266568.0596008, 0, 0, 0, 0, 0, 0, 0, 0, 0, 
268066.0600585, 0, 0, 0, 0, 0, 0, 0, 0, 0, 
268566.0600891, 0, 0, 0, 0, 0, 0, 0, 0, 0, 
269065.0605468, 0, 0, 0, 0, 0, 0, 0, 0, 0, 
270065.0624999, 0, 0, 0, 0, 0, 0, 0, 0, 0, 
270565.0625305, 0, 0, 0, 0, 0, 0, 0, 0, 0, 
271065.0626831, 0, 0, 0, 0, 0, 0, 0, 0, 0, 
272564.0628967, 0, 0, 0, 0, 0, 0, 0, 0, 0, 
273063.0629882, 0, 0, 0, 0, 0, 0, 0, 0, 0, 
273560.0630187, 0, 0, 0, 0, 0, 0, 0, 0, 0, 
275061.0634765, 0, 0, 0, 0, 0, 0, 0, 0, 0, 
275561.063507, 0, 0, 0, 0, 0, 0, 0, 0, 0, 
277059.0639648, 0, 0, 0, 0, 0, 0, 0, 0, 0, 
277559.0639953, 0, 0, 0, 0, 0, 0, 0, 0, 0, 
278056.0639648, 0, 0, 0, 0, 0, 0, 0, 0, 0, 
279558.0644836, 0, 0, 0, 0, 0, 0, 0, 0, 0, 
280057.0624999, 0, 0, 0, 0, 0, 0, 0, 0, 0, 
280555.0625305, 0, 0, 0, 0, 0, 0, 0, 0, 0, 
281556.0627136, 0, 0, 0, 0, 0, 0, 0, 0, 0, 
282056.0628662, 0, 0, 0, 0, 0, 0, 0, 0, 0, 
282556.0628967, 0, 0, 0, 0, 0, 0, 0, 0, 0, 
284054.0632324, 0, 0, 0, 0, 0, 0, 0, 0, 0, 
284554.0632629, 0, 0, 0, 0, 0, 0, 0, 0, 0, 
285052.0634765, 0, 0, 0, 0, 0, 0, 0, 0, 0, 
286553.063507, 0, 0, 0, 0, 0, 0, 0, 0, 0, 
287052.0639648, 0, 0, 0, 0, 0, 0, 0, 0, 0, 
288550.0639953, 0, 0, 0, 0, 0, 0, 0, 0, 0, 
289050.0644531, 0, 0, 0, 0, 0, 0, 0, 0, 0, 
289548.0644836, 0, 0, 0, 0, 0, 0, 0, 0, 0, 
291049.0626831, 0, 0, 0, 0, 0, 0, 0, 0, 0, 
291549.0627136, 0, 0, 0, 0, 0, 0, 0, 0, 0, 
292046.0628662, 0, 0, 0, 0, 0, 0, 0, 0, 0, 
293047.0629882, 0, 0, 0, 0, 0, 0, 0, 0, 0, 
293550.0630187, 0, 0, 0, 0, 0, 0, 0, 0, 0, 
294046.0632324, 0, 0, 0, 0, 0, 0, 0, 0, 0, 
295552.063507, 0, 0, 0, 0, 0, 0, 0, 0, 0, 
296045.0634765, 0, 0, 0, 0, 0, 0, 0, 0, 0, 
296552.063507, 0, 0, 0, 0, 0, 0, 0, 0, 0, 
297553.0639953, 0, 0, 0, 0, 0, 0, 0, 0, 0, 
298043.0639648, 0, 0, 0, 0, 0, 0, 0, 0, 0, 
298543.0639953, 0, 0, 0, 0, 0, 0, 0, 0, 0, 
300042.0624999, 0, 0, 0, 0, 0, 0, 0, 0, 0, 
300541.0625305, 0, 0, 0, 0, 0, 0, 0, 0, 0, 
301039.0626831, 0, 0, 0, 0, 0, 0, 0, 0, 0, 
302539.0628967, 0, 0, 0, 0, 0, 0, 0, 0, 0, 
303039.0629882, 0, 0, 0, 0, 0, 0, 0, 0, 0, 
304538.0632629, 0, 0, 0, 0, 0, 0, 0, 0, 0, 
305038.0634765, 0, 0, 0, 0, 0, 0, 0, 0, 0, 
305538.063507, 0, 0, 0, 0, 0, 0, 0, 0, 0, 
307037.0639648, 0, 0, 0, 0, 0, 0, 0, 0, 0, 
307536.0639953, 0, 0, 0, 0, 0, 0, 0, 0, 0, 
308034.0639648, 0, 0, 0, 0, 0, 0, 0, 0, 0, 
309035.0644531, 0, 0, 0, 0, 0, 0, 0, 0, 0, 
309534.0644836, 0, 0, 0, 0, 0, 0, 0, 0, 0, 
310034.0644531, 0, 0, 0, 0, 0, 0, 0, 0, 0, 
311532.0646667, 0, 0, 0, 0, 0, 0, 0, 0, 0, 
312032.0648193, 0, 0, 0, 0, 0, 0, 0, 0, 0, 
312530.0648498, 0, 0, 0, 0, 0, 0, 0, 0, 0, 
314031.0651855, 0, 0, 0, 0, 0, 0, 0, 0, 0, 
314530.065216, 0, 0, 0, 0, 0, 0, 0, 0, 0, 
316028.0654296, 0, 0, 0, 0, 0, 0, 0, 0, 0, 
317026.0659179, 0, 0, 0, 0, 0, 0, 0, 0, 0, 
318527.0659484, 0, 0, 0, 0, 0, 0, 0, 0, 0, 
319027.0664062, 0, 0, 0, 0, 0, 0, 0, 0, 0, 
319525.0664367, 0, 0, 0, 0, 0, 0, 0, 0, 0, 
320526.0664367, 0, 0, 0, 0, 0, 0, 0, 0, 0, 
321025.0665893, 0, 0, 0, 0, 0, 0, 0, 0, 0, 
321525.0666198, 0, 0, 0, 0, 0, 0, 0, 0, 0, 
323023.0668945, 0, 0, 0, 0, 0, 0, 0, 0, 0, 
323523.066925, 0, 0, 0, 0, 0, 0, 0, 0, 0, 
324021.0671386, 0, 0, 0, 0, 0, 0, 0, 0, 0, 
325022.0673828, 0, 0, 0, 0, 0, 0, 0, 0, 0, 
325521.0674133, 0, 0, 0, 0, 0, 0, 0, 0, 0, 
326021.0673828, 0, 0, 0, 0, 0, 0, 0, 0, 0, 
327520.0679016, 0, 0, 0, 0, 0, 0, 0, 0, 0, 
328019.067871, 0, 0, 0, 0, 0, 0, 0, 0, 0, 
328517.0679016, 0, 0, 0, 0, 0, 0, 0, 0, 0, 
330018.0683593, 0, 0, 0, 0, 0, 0, 0, 0, 0, 
330518.0683898, 0, 0, 0, 0, 0, 0, 0, 0, 0, 
332017.0687255, 0, 0, 0, 0, 0, 0, 0, 0, 0, 
332516.068756, 0, 0, 0, 0, 0, 0, 0, 0, 0, 
333016.0688476, 0, 0, 0, 0, 0, 0, 0, 0, 0, 
334514.0691223, 0, 0, 0, 0, 0, 0, 0, 0, 0, 
335013.0693359, 0, 0, 0, 0, 0, 0, 0, 0, 0, 
335512.0693664, 0, 0, 0, 0, 0, 0, 0, 0, 0, 
336513.0693664, 0, 0, 0, 0, 0, 0, 0, 0, 0, 
337012.0698242, 0, 0, 0, 0, 0, 0, 0, 0, 0, 
337512.0698547, 0, 0, 0, 0, 0, 0, 0, 0, 0, 
339011.0703124, 0, 0, 0, 0, 0, 0, 0, 0, 0, 
339510.070343, 0, 0, 0, 0, 0, 0, 0, 0, 0, 
340008.0703124, 0, 0, 0, 0, 0, 0, 0, 0, 0, 
341509.0705261, 0, 0, 0, 0, 0, 0, 0, 0, 0, 
342008.0706787, 0, 0, 0, 0, 0, 0, 0, 0, 0, 
343507.0708312, 0, 0, 0, 0, 0, 0, 0, 0, 0, 
344007.0710449, 0, 0, 0, 0, 0, 0, 0, 0, 0, 
344505.0710754, 0, 0, 0, 0, 0, 0, 0, 0, 0, 
346005.071289, 0, 0, 0, 0, 0, 0, 0, 0, 0, 
346505.0713195, 0, 0, 0, 0, 0, 0, 0, 0, 0, 
347003.0717773, 0, 0, 0, 0, 0, 0, 0, 0, 0, 
348004.0717773, 0, 0, 0, 0, 0, 0, 0, 0, 0, 
348504.0718078, 0, 0, 0, 0, 0, 0, 0, 0, 0, 
349002.0722656, 0, 0, 0, 0, 0, 0, 0, 0, 0, 
350501.070343, 0, 0, 0, 0, 0, 0, 0, 0, 0, 
351001.0704955, 0, 0, 0, 0, 0, 0, 0, 0, 0, 
351499.0705261, 0, 0, 0, 0, 0, 0, 0, 0, 0, 
353000.0708007, 0, 0, 0, 0, 0, 0, 0, 0, 0, 
353500.0708312, 0, 0, 0, 0, 0, 0, 0, 0, 0, 
354999.0711059, 0, 0, 0, 0, 0, 0, 0, 0, 0, 
355499.0713195, 0, 0, 0, 0, 0, 0, 0, 0, 0, 
355996.07135, 0, 0, 0, 0, 0, 0, 0, 0, 0, 
357496.0718078, 0, 0, 0, 0, 0, 0, 0, 0, 0, 
357996.0718383, 0, 0, 0, 0, 0, 0, 0, 0, 0, 
358494.0718078, 0, 0, 0, 0, 0, 0, 0, 0, 0, 
359494.0722961, 0, 0, 0, 0, 0, 0, 0, 0, 0, 
359994.0723266, 0, 0, 0, 0, 0, 0, 0, 0, 0, 
360494.0742492, 0, 0, 0, 0, 0, 0, 0, 0, 0, 
361993.0744628, 0, 0, 0, 0, 0, 0, 0, 0, 0, 
362492.0746154, 0, 0, 0, 0, 0, 0, 0, 0, 0, 
362990.0746459, 0, 0, 0, 0, 0, 0, 0, 0, 0, 
363991.074768, 0, 0, 0, 0, 0, 0, 0, 0, 0, 
364490.0749816, 0, 0, 0, 0, 0, 0, 0, 0, 0, 
364990.0750121, 0, 0, 0, 0, 0, 0, 0, 0, 0, 
366489.0752258, 0, 0, 0, 0, 0, 0, 0, 0, 0, 
366989.0752563, 0, 0, 0, 0, 0, 0, 0, 0, 0, 
367486.0757141, 0, 0, 0, 0, 0, 0, 0, 0, 0, 
545113.1337966, 0, 0, 0, 0, 0, 0, 0, 0, 0, 
545612.13385, 0, 0, 0, 0, 0, 0, 0, 0, 0, 
546112.1337966, 0, 0, 0, 0, 0, 0, 0, 0, 0, 
547628.1343383, 0, 0, 0, 0, 303.5022888, 35.545021, 11.3939494, 2.6712484, 0, 
548111.1342849, 0, 0, 0, 0, 303.5022888, 35.545021, 11.3939494, 2.6712484, 0, 
548622.1343383, 0, 0, 0, 0, 355.3014526, 40.6917571, 16.3713664, 8.3573541, 0, 
549622.1348266, 0, 0, 0, 0, 355.9891967, 45.3172187, 19.879652, 15.0235147, 0, 
550109.1328201, 0, 0, 0, 0, 355.9891967, 45.3172187, 19.879652, 15.0235147, 0, 
550608.1328735, 0, 0, 0, 0, 355.9891967, 45.3172187, 19.879652, 15.0235147, 0, 
552121.1331863, 0, 0, 0, 0, 346.2209167, 50.6222266, 24.9669131, 29.7886257, 0, 
553118.1333084, 0, 0, 0, 0, 346.9715575, 55.0206298, 27.0145416, 37.6616515, 0, 
554618.1336059, 0, 0, 0, 0, 378.3125305, 57.6923026, 28.9828147, 45.7501602, 0, 
555118.1337966, 0, 0, 0, 0, 335.8363036, 60.1202354, 30.5993976, 54.0089187, 0, 
556617.13385, 0, 0, 0, 0, 315.998474, 62.2406616, 32.0202789, 62.3929977, 0, 
557117.1342849, 0, 0, 0, 0, 320.3492431, 64.1711196, 33.3628272, 70.8837203, 0, 
557603.1343383, 0, 0, 0, 0, 320.3492431, 64.1711196, 33.3628272, 70.8837203, 0, 
559115.1347732, 0, 0, 0, 0, 366.1855468, 67.2268829, 36.0816001, 88.100151, 0, 
559614.1348266, 0, 0, 0, 0, 383.5216369, 70.052536, 37.3699226, 96.8378219, 0, 
561114.1369094, 0, 0, 0, 0, 411.858551, 72.0720672, 38.6584968, 105.6286163, 0, 
561613.1369628, 0, 0, 0, 0, 401.9982909, 73.937149, 39.8540687, 114.4776382, 0, 
562113.1370925, 0, 0, 0, 0, 412.855957, 75.8054275, 41.0151557, 123.3676376, 0, 
563611.137268, 0, 0, 0, 0, 343.5162963, 78.1504363, 42.8903236, 141.26165, 0, 
564609.1375122, 0, 0, 0, 0, 347.3697204, 80.2138977, 43.784542, 150.2662124, 0, 
566609.1377563, 0, 0, 0, 0, 299.2436675, 82.4364471, 46.0421409, 177.5074081, 0, 
568109.1381912, 0, 0, 0, 0, 274.9613494, 85.0159378, 47.5017929, 195.8459243, 0, 
568607.1382446, 0, 0, 0, 0, 315.0343322, 86.517662, 48.3016395, 205.0736694, 0, 
569092.1386718, 0, 0, 0, 0, 315.0343322, 86.517662, 48.3016395, 205.0736694, 0, 
570606.140686, 0, 0, 0, 0, 320.8500366, 88.4955673, 50.6287917, 233.0215148, 0, 
571092.1408081, 0, 0, 0, 0, 320.8500366, 88.4955673, 50.6287917, 233.0215148, 0, 
571603.1408691, 0, 0, 0, 0, 298.2432098, 90.4295349, 51.3306388, 242.4173583, 0, 
573105.1411209, 0, 0, 0, 0, 282.8524932, 91.673027, 52.6511077, 261.3218231, 0, 
575602.1416625, 0, 0, 0, 0, 274.7192535, 93.9518432, 55.1176414, 299.5572662, 0, 
576100.1416091, 0, 0, 0, 0, 255.3876189, 95.6937713, 55.6792487, 309.205841, 0, 
577600.1421508, 0, 0, 0, 0, 266.507492, 96.8783569, 57.3694991, 338.3786926, 0, 
578086.1420898, 0, 0, 0, 0, 266.507492, 96.8783569, 57.3694991, 338.3786926, 0, 
579599.1426086, 0, 0, 0, 0, 237.1825408, 98.7925262, 58.8785171, 367.7958984, 0, 
580098.1406249, 0, 0, 0, 0, 235.3500213, 99.9167327, 59.364067, 377.6576537, 0, 
580595.1406555, 0, 0, 0, 0, 264.0634918, 100.4184112, 59.8784675, 387.553131, 0, 
582096.1409912, 0, 0, 0, 0, 293.9564971, 101.3085708, 60.9612235, 407.4329528, 0, 
582596.1410217, 0, 0, 0, 0, 311.3385925, 102.3017883, 61.5097503, 417.4092407, 0, 
583095.1411132, 0, 0, 0, 0, 267.3028106, 102.7397232, 62.0016441, 427.4273986, 0, 
584095.1413574, 0, 0, 0, 0, 261.6604766, 103.5375366, 62.9591483, 447.542633, 0, 
584581.1413879, 0, 0, 0, 0, 261.6604766, 103.5375366, 62.9591483, 447.542633, 0, 
586593.141632, 0, 0, 0, 0, 284.0932769, 105.1478652, 64.9108733, 488.0791931, 0, 
587092.1420898, 0, 0, 0, 0, 319.2846984, 106.666664, 65.417488, 498.2611083, 0, 
587590.1421203, 0, 0, 0, 0, 276.2562713, 107.1428604, 65.8742751, 508.4726867, 0, 
589091.1425781, 0, 0, 0, 0, 280.2932891, 107.9136733, 66.7839508, 528.961029, 0, 
591089.1408081, 0, 0, 0, 0, 224.3823394, 103.092781, 68.3234634, 572.6457824, 0, 
591576.1408386, 0, 0, 0, 0, 224.3823394, 103.092781, 68.3234634, 572.6457824, 0, 
592087.1409912, 0, 0, 0, 0, 397.8591003, 78.9993362, 68.9068526, 587.1216735, 0, 
593587.1411437, 0, 0, 0, 0, 366.6152953, 79.8403167, 69.9649276, 616.111206, 0, 
595586.141632, 0, 0, 0, 0, 345.9500426, 81.2640991, 71.4141998, 659.6049194, 0, 
596085.1416015, 0, 0, 0, 0, 335.447174, 82.3610076, 71.8681106, 674.1022949, 0, 
596572.141632, 0, 0, 0, 0, 335.447174, 82.3610076, 71.8681106, 674.1022949, 0, 
598583.1421203, 0, 0, 0, 0, 306.2039794, 83.2947616, 73.093872, 717.6110229, 0, 
599081.1425781, 0, 0, 0, 0, 372.8540344, 84.3881835, 73.5672912, 732.093811, 0, 
600082.1249999, 0, 0, 0, 0, 351.3110351, 84.9858321, 74.008934, 746.5644531, 0, 
600582.1250305, 0, 0, 0, 0, 283.4817962, 85.4700775, 74.3675384, 761.0311889, 0, 
601081.1251831, 0, 0, 0, 0, 295.0363006, 85.8983459, 74.7349319, 775.4962158, 0, 
602579.1253967, 0, 0, 0, 0, 257.8224639, 86.4553222, 75.3010635, 804.4197997, 0, 
603066.1254882, 0, 0, 0, 0, 257.8224639, 86.4553222, 75.3010635, 804.4197997, 0, 
603577.1255187, 0, 0, 0, 0, 319.9904784, 87.1459655, 75.5933837, 818.84906, 0, 
605078.1259765, 0, 0, 0, 0, 297.9456023, 87.8798904, 76.1208038, 847.6220702, 0, 
605577.126007, 0, 0, 0, 0, 333.5738525, 88.5608825, 76.4171752, 861.9754638, 0, 
607076.1264648, 0, 0, 0, 0, 321.1531677, 89.3854675, 76.9734572, 890.576416, 0, 
607576.1264953, 0, 0, 0, 0, 275.2908172, 89.8876342, 77.1990585, 904.8695068, 0, 
608073.1264648, 0, 0, 0, 0, 285.7396087, 90.3614425, 77.4328918, 919.1300048, 0, 
609573.1269836, 0, 0, 0, 0, 266.5722503, 90.737236, 77.8561858, 947.6535644, 0, 
610073.1269531, 0, 0, 0, 0, 269.2013702, 91.4634094, 78.0742721, 961.8605346, 0, 
610572.1269836, 0, 0, 0, 0, 291.1209869, 91.673027, 78.3677062, 976.0815429, 0, 
611572.1271667, 0, 0, 0, 0, 313.7309265, 92.1658935, 78.6801299, 990.281311, 0, 
612072.1273193, 0, 0, 0, 0, 308.16333, 92.6640853, 78.983467, 1004.460205, 0, 
612572.1273498, 0, 0, 0, 0, 345.5599975, 93.0232467, 79.3202743, 1018.6416015, 0, 
614071.1276855, 0, 0, 0, 0, 302.7397461, 93.5672454, 79.9020156, 1047.0031127, 0, 
617068.1284179, 0, 0, 0, 0, 282.9724578, 94.6820144, 81.2236099, 1117.9096145, 0, 
619067.1289062, 0, 0, 0, 0, 293.9237823, 95.7701416, 82.0177688, 1160.5224075, 0, 
619565.1289367, 0, 0, 0, 0, 297.7118988, 96.2309493, 82.2808303, 1174.7501907, 0, 
621065.1290893, 0, 0, 0, 0, 256.5012054, 96.5794677, 82.7271347, 1203.2255401, 0, 
621564.1291198, 0, 0, 0, 0, 282.2046661, 96.9305266, 82.9704436, 1217.4709014, 0, 
623064.1293945, 0, 0, 0, 0, 233.04039, 97.1659851, 83.562004, 1260.3183135, 0, 
623549.129425, 0, 0, 0, 0, 233.04039, 97.1659851, 83.562004, 1260.3183135, 0, 
624062.1296386, 0, 0, 0, 0, 184.4415511, 97.4817123, 83.71315, 1274.6179961, 0, 
625561.1299133, 0, 0, 0, 0, 226.8877868, 97.8792724, 84.2565689, 1317.5202331, 0, 
626048.1298828, 0, 0, 0, 0, 226.8877868, 97.8792724, 84.2565689, 1317.5202331, 0, 
628059.130371, 0, 0, 0, 0, 238.1974182, 98.4817352, 84.8836364, 1374.7695007, 0, 
628558.1304016, 0, 0, 0, 0, 275.202774, 98.8467788, 85.0688552, 1389.0973815, 0, 
630057.1308593, 0, 0, 0, 0, 303.1116332, 99.4612426, 85.4822006, 1417.6764831, 0, 
630557.1308898, 0, 0, 0, 0, 312.2216186, 99.9167327, 85.6936263, 1431.9529723, 0, 
631055.1310424, 0, 0, 0, 0, 303.0207519, 100.3344497, 85.8953628, 1446.2044372, 0, 
633055.1313476, 0, 0, 0, 0, 303.421051, 100.9817657, 86.4935836, 1488.8826598, 0, 
634554.1316223, 0, 0, 0, 0, 282.6460113, 101.8964004, 87.0266113, 1531.4554138, 0, 
635040.1318359, 0, 0, 0, 0, 282.6460113, 101.8964004, 87.0266113, 1531.4554138, 0, 
635551.1318664, 0, 0, 0, 0, 308.9868468, 102.6518401, 87.2218856, 1545.6010436, 0, 
637052.1323242, 0, 0, 0, 0, 245.0873413, 103.0337676, 87.6484527, 1588.0313415, 0, 
637551.1323547, 0, 0, 0, 0, 231.9578704, 103.3591766, 87.7779006, 1602.1751708, 0, 
638050.1323242, 0, 0, 0, 0, 250.1524658, 103.7165069, 87.9207534, 1616.2921142, 0, 
639550.132843, 0, 0, 0, 0, 295.932846, 104.0763244, 88.2908019, 1644.510498, 0, 
641548.1330261, 0, 0, 0, 0, 234.8171844, 104.8034973, 88.8588714, 1700.8540038, 0, 
642546.1332092, 0, 0, 0, 0, 223.5827789, 84.3881835, 89.02182, 1718.4196777, 0, 
644046.1335449, 0, 0, 0, 0, 310.8232421, 81.1084747, 89.532196, 1755.1101074, 0, 
644545.1335754, 0, 0, 0, 0, 323.0818481, 81.6326446, 89.7948608, 1773.4163818, 0, 
646044.133789, 0, 0, 0, 0, 338.4537353, 82.0512771, 90.3434448, 1810.006958, 0, 
646544.1338195, 0, 0, 0, 0, 389.8301086, 82.5877456, 90.6622161, 1828.270874, 0, 
649041.1347656, 0, 0, 0, 0, 344.9723205, 83.2754974, 91.4740753, 1882.9497069, 0, 
649540.1347961, 0, 0, 0, 0, 334.3045654, 83.8574371, 91.7281799, 1901.1553955, 0, 
650541.132843, 0, 0, 0, 0, 315.6256103, 84.0924987, 91.9625854, 1919.3586425, 0, 
651040.1329956, 0, 0, 0, 0, 259.0977325, 84.2696609, 92.1427688, 1937.5645751, 0, 
651540.1330261, 0, 0, 0, 0, 297.2333831, 84.5070343, 92.3422927, 1955.7568359, 0, 
653039.1333007, 0, 0, 0, 0, 345.3659362, 84.8356246, 92.7509384, 1992.1199951, 0, 
653524.1333312, 0, 0, 0, 0, 345.3659362, 84.8356246, 92.7509384, 1992.1199951, 0, 
654039.1335449, 0, 0, 0, 0, 380.2017211, 85.348503, 92.9832458, 2010.2550048, 0, 
655040.133789, 0, 0, 0, 0, 347.3330993, 85.6836776, 93.3833846, 2046.5058593, 0, 
655523.1338195, 0, 0, 0, 0, 347.3330993, 85.6836776, 93.3833846, 2046.5058593, 0, 
656040.133789, 0, 0, 0, 0, 355.0838012, 86.0214996, 93.587387, 2064.6187743, 0, 
657536.1343078, 0, 0, 0, 0, 381.9197997, 86.4864807, 94.0379257, 2100.7757644, 0, 
658533.1343078, 0, 0, 0, 0, 381.8976135, 87.019577, 94.4798431, 2136.8822097, 0, 
660033.1367187, 0, 0, 0, 0, 366.4078979, 87.5273437, 94.88665, 2172.9408034, 0, 
660533.1367492, 0, 0, 0, 0, 320.4215698, 87.8477248, 95.0473937, 2190.9581374, 0, 
662032.1370849, 0, 0, 0, 0, 306.2938842, 88.2352905, 95.3411865, 2226.9205474, 0, 
662517.1371154, 0, 0, 0, 0, 306.2938842, 88.2352905, 95.3411865, 2226.9205474, 0, 
663030.137207, 0, 0, 0, 0, 300.0231933, 88.5608825, 95.4980468, 2244.8780669, 0, 
664529.1374816, 0, 0, 0, 0, 333.5346069, 88.8888854, 95.9661941, 2280.7777252, 0, 
665029.1376953, 0, 0, 0, 0, 347.7872314, 89.2193221, 96.2088623, 2298.7274322, 0, 
665528.1377258, 0, 0, 0, 0, 314.9013976, 89.5522308, 96.4216842, 2316.6527404, 0, 
666528.1377258, 0, 0, 0, 0, 316.156311, 89.7531738, 96.6340636, 2334.5775451, 0, 
667027.1381835, 0, 0, 0, 0, 309.7530212, 90.022499, 96.8393173, 2352.4872131, 0, 
667527.1382141, 0, 0, 0, 0, 324.2233886, 90.2255554, 97.0549163, 2370.3954162, 0, 
669026.1386718, 0, 0, 0, 0, 363.0240478, 90.6002197, 97.5448989, 2406.193756, 0, 
669526.1387023, 0, 0, 0, 0, 366.3467712, 90.9780044, 97.7889862, 2424.0858459, 0, 
670023.1406249, 0, 0, 0, 0, 342.2351074, 91.2547454, 98.0114364, 2441.966217, 0, 
671523.1408386, 0, 0, 0, 0, 316.3375243, 91.6030502, 98.4103088, 2477.70401, 0, 
672023.1409912, 0, 0, 0, 0, 305.947235, 91.9540175, 98.5987014, 2495.5580139, 0, 
673522.1411437, 0, 0, 0, 0, 348.965515, 92.3432006, 99.039772, 2531.2289123, 0, 
674022.1413574, 0, 0, 0, 0, 332.3388366, 92.8074188, 99.2439651, 2549.0331115, 0, 
676020.1416015, 0, 0, 0, 0, 344.7689819, 93.2400817, 99.8782882, 2602.4227905, 0, 
678019.1420898, 0, 0, 0, 0, 306.7673034, 93.9947661, 100.410263, 2655.6940307, 0, 
678518.1421203, 0, 0, 0, 0, 288.639511, 94.488182, 100.5705413, 2673.4193725, 0, 
679018.1425781, 0, 0, 0, 0, 317.3883666, 94.7867202, 100.7511596, 2691.1188354, 0, 
680516.1406555, 0, 0, 0, 0, 336.8478698, 95.0494995, 101.0792312, 2726.5092163, 0, 
681016.1408081, 0, 0, 0, 0, 285.6652068, 95.3895034, 101.1964187, 2744.1803588, 0, 
681515.1408386, 0, 0, 0, 0, 308.7528381, 95.6175231, 101.3300781, 2761.8309936, 0, 
682515.1410217, 0, 0, 0, 0, 294.4468841, 95.7701416, 101.4521331, 2779.475769, 0, 
683015.1411132, 0, 0, 0, 0, 268.2395782, 95.9232558, 101.5539245, 2797.1119995, 0, 
683514.1411437, 0, 0, 0, 0, 339.7024841, 96.2309493, 101.707611, 2814.7138061, 0, 
685012.1416015, 0, 0, 0, 0, 339.941101, 96.5018005, 102.0128097, 2849.8981323, 0, 
685512.141632, 0, 0, 0, 0, 322.625183, 96.6962051, 102.1510009, 2867.493103, 0, 
686010.1416015, 0, 0, 0, 0, 322.3189391, 97.0088882, 102.2877426, 2885.0548706, 0, 
687511.1421203, 0, 0, 0, 0, 340.3111572, 97.2053375, 102.6063537, 2920.1857299, 0, 
688010.1420898, 0, 0, 0, 0, 344.6035156, 97.4817123, 102.7958068, 2937.744812, 0, 
689509.1426086, 0, 0, 0, 0, 293.8258209, 97.8792724, 103.2493896, 2990.3722533, 0, 
689994.1426391, 0, 0, 0, 0, 293.8258209, 97.8792724, 103.2493896, 2990.3722533, 0, 
690508.1406555, 0, 0, 0, 0, 300.3250732, 98.2800903, 103.4026641, 3007.8947753, 0, 
692007.1409912, 0, 0, 0, 0, 337.4715881, 98.684204, 103.9362258, 3060.4206542, 0, 
693005.1411132, 0, 0, 0, 0, 296.3993682, 99.1735458, 104.0820999, 3077.8999023, 0, 
695005.1416015, 0, 0, 0, 0, 310.1688232, 99.7091751, 104.6971587, 3147.6960525, 0, 
696503.141632, 0, 0, 0, 0, 310.2807006, 100.3764114, 104.9974593, 3182.5141677, 0, 
697003.1420898, 0, 0, 0, 0, 323.3895568, 100.5867538, 105.1549682, 3199.9248122, 0, 
697500.1421203, 0, 0, 0, 0, 294.5226287, 100.7556686, 105.2942199, 3217.3308257, 0, 
699001.1425781, 0, 0, 0, 0, 275.0156097, 101.1378021, 105.5883102, 3252.0825347, 0, 
701000.187683, 0, 0, 0, 0, 308.349945, 101.6518401, 106.2569351, 3321.5500793, 0, 
701499.1877136, 0, 0, 0, 0, 253.6049041, 102.1276626, 106.3843307, 3338.9009093, 0, 
703498.1880187, 0, 0, 0, 0, 287.7013397, 102.3308715, 106.8312225, 3390.9907531, 0, 
703997.1880493, 0, 0, 0, 0, 346.0280761, 102.5641021, 107.0164489, 3408.3659972, 0, 
704495.1882629, 0, 0, 0, 0, 348.5795287, 102.7397232, 107.2021408, 3425.7414856, 0, 
705496.188507, 0, 0, 0, 0, 308.0302734, 102.9601058, 107.5177764, 3460.499298, 0, 
705982.1885375, 0, 0, 0, 0, 308.0302734, 102.9601058, 107.5177764, 3460.499298, 0, 
706495.188507, 0, 0, 0, 0, 319.0474243, 103.1814269, 107.6811141, 3477.8796691, 0, 
707994.1890258, 0, 0, 0, 0, 237.4418334, 103.3591689, 108.0091705, 3530.0498352, 0, 
708493.1889953, 0, 0, 0, 0, 213.3393401, 103.7165069, 108.1015243, 3547.4138488, 0, 
708992.1890258, 0, 0, 0, 0, 220.398117, 103.8062286, 108.1979751, 3564.7778625, 0, 
709992.1895141, 0, 0, 0, 0, 224.4117126, 103.9861373, 108.2964401, 3582.1274719, 0, 
710977.1895141, 0, 0, 0, 0, 224.4117126, 103.9861373, 108.2964401, 3582.1274719, 0, 
712489.1898498, 0, 0, 0, 0, 259.990097, 104.4568176, 108.8959121, 3668.7632446, 0, 
712989.1898803, 0, 0, 0, 0, 322.8795165, 104.9868773, 109.0526504, 3686.0628051, 0, 
713474.1899719, 0, 0, 0, 0, 322.8795165, 104.9868773, 109.0526504, 3686.0628051, 0, 
714988.1902465, 0, 0, 0, 0, 318.5265502, 105.3555755, 109.5106353, 3737.9260863, 0, 
715488.1904601, 0, 0, 0, 0, 342.6866759, 105.8201064, 109.6759643, 3755.1870727, 0, 
717486.1909484, 0, 0, 0, 0, 267.5350189, 106.0773467, 110.1451034, 3824.2627563, 0, 
717972.1909789, 0, 0, 0, 0, 267.5350189, 106.0773467, 110.1451034, 3824.2627563, 0, 
719484.1914367, 0, 0, 0, 0, 266.9689178, 106.5719375, 110.4888687, 3876.0198364, 0, 
719984.1914672, 0, 0, 0, 0, 258.2236175, 106.5719375, 110.5967559, 3893.307434, 0, 
720482.1914367, 0, 0, 0, 0, 216.7355499, 106.7615661, 110.6788558, 3910.5791625, 0, 
721482.1916198, 0, 0, 0, 0, 240.3289489, 106.856636, 110.8708495, 3945.1348266, 0, 
721982.1916503, 0, 0, 0, 0, 194.1403884, 107.0472793, 110.938034, 3962.4019164, 0, 
722468.1918029, 0, 0, 0, 0, 194.1403884, 107.0472793, 110.938034, 3962.4019164, 0, 
723981.1919555, 0, 0, 0, 0, 259.7376861, 107.0791168, 111.2573013, 4014.2785644, 0, 
724481.1921691, 0, 0, 0, 0, 314.2194824, 107.334526, 111.3952789, 4031.5651855, 0, 
724978.1921997, 0, 0, 0, 0, 307.1357421, 107.4306182, 111.528366, 4048.8571777, 0, 
726478.1924133, 0, 0, 0, 0, 323.7315673, 107.7521667, 111.9538039, 4100.7082595, 0, 
726965.1924438, 0, 0, 0, 0, 323.7315673, 107.7521667, 111.9538039, 4100.7082595, 0, 
728477.1929016, 0, 0, 0, 0, 254.1044464, 108.0107955, 112.301773, 4152.6140212, 0, 
728977.1929321, 0, 0, 0, 0, 217.8765411, 99.255577, 112.410614, 4171.4807205, 0, 
729477.1933898, 0, 0, 0, 0, 236.9967498, 89.4187698, 112.5445327, 4192.4450759, 0, 
730975.1934204, 0, 0, 0, 0, 246.4319152, 89.4854507, 112.8240585, 4234.4201812, 0, 
731474.1935729, 0, 0, 0, 0, 322.3894042, 89.6860961, 113.01651, 4255.4045562, 0, 
732974.1937866, 0, 0, 0, 0, 298.5815887, 89.7531738, 113.3649597, 4297.4421539, 0, 
733472.1938781, 0, 0, 0, 0, 208.2377319, 89.8876342, 113.4734725, 4318.4719543, 0, 
735471.1943664, 0, 0, 0, 0, 211.3643188, 89.9999923, 113.8029937, 4381.6042785, 0, 
736468.1943664, 0, 0, 0, 0, 352.0935058, 90.2934493, 114.0099487, 4402.6296691, 0, 
737969.1948852, 0, 0, 0, 0, 325.1940307, 90.3954772, 114.3833389, 4444.7395324, 0, 
738468.1948547, 0, 0, 0, 0, 270.6183318, 90.6344375, 114.5287399, 4465.7868957, 0, 
739968.1953735, 0, 0, 0, 0, 338.4019164, 90.8402633, 114.8071746, 4507.8635558, 0, 
740965.1953735, 0, 0, 0, 0, 285.972824, 90.9780044, 115.0100173, 4549.96463, 0, 
742965.1957397, 0, 0, 0, 0, 338.6473083, 91.370552, 115.4181671, 4613.0125122, 0, 
743463.1958312, 0, 0, 0, 0, 350.7969055, 91.6030502, 115.5603256, 4634.0252075, 0, 
744464.1960754, 0, 0, 0, 0, 310.4732971, 91.7431106, 115.6740951, 4655.0291137, 0, 
744964.1961059, 0, 0, 0, 0, 275.0729217, 91.8133087, 115.7631912, 4676.0354614, 0, 
745462.1963195, 0, 0, 0, 0, 291.3871002, 92.0245361, 115.8627929, 4697.010559, 0, 
747461.1968078, 0, 0, 0, 0, 356.3715209, 92.2131042, 116.2901534, 4759.9500121, 0, 
747960.1968383, 0, 0, 0, 0, 351.5132141, 92.5211944, 116.4269409, 4780.9109496, 0, 
748960.1968383, 0, 0, 0, 0, 345.6295776, 92.6640853, 116.5588378, 4801.8635864, 0, 
749460.1972961, 0, 0, 0, 0, 327.2637939, 92.6640853, 116.6777724, 4822.838684, 0, 
749960.1973266, 0, 0, 0, 0, 373.6055602, 92.8074188, 116.826683, 4843.8054809, 0, 
751458.1955261, 0, 0, 0, 0, 328.593872, 92.9152068, 117.0629272, 4885.7595825, 0, 
751958.1955566, 0, 0, 0, 0, 309.211914, 93.0954132, 117.1668472, 4906.7263794, 0, 
752455.1957092, 0, 0, 0, 0, 358.9010619, 93.2400894, 117.3029403, 4927.6819457, 0, 
753956.1958618, 0, 0, 0, 0, 353.3130493, 93.3852081, 117.5658264, 4969.5994262, 0, 
755954.19635, 0, 0, 0, 0, 383.7085876, 93.7011871, 118.014183, 5032.4536132, 0, 
756454.1963195, 0, 0, 0, 0, 439.8870849, 94.0438842, 118.1974334, 5053.3847656, 0, 
756954.19635, 0, 0, 0, 0, 369.51651, 94.0438842, 118.3340301, 5074.3442382, 0, 
758452.1968078, 0, 0, 0, 0, 303.1312561, 94.191513, 118.5196304, 5116.2544021, 0, 
758951.1968383, 0, 0, 0, 0, 352.0650024, 94.3396148, 118.6430129, 5137.2036209, 0, 
759450.1972961, 0, 0, 0, 0, 369.6200561, 94.5626449, 118.7766876, 5158.1264724, 0, 
760950.1992797, 0, 0, 0, 0, 344.7033691, 94.711914, 119.0101852, 5199.9702224, 0, 
761450.1994323, 0, 0, 0, 0, 369.6699828, 94.8616561, 119.141777, 5220.8911285, 0, 
762948.1996459, 0, 0, 0, 0, 332.1611022, 95.1248474, 119.3549346, 5262.6777496, 0, 
763448.1997375, 0, 0, 0, 0, 299.7802581, 95.3137359, 119.4398727, 5283.5556793, 0, 
763947.199768, 0, 0, 0, 0, 311.355072, 95.3895034, 119.5316772, 5304.4326476, 0, 
765946.2002563, 0, 0, 0, 0, 326.283905, 95.5413894, 119.8329696, 5367.0664367, 0, 
767447.2007141, 0, 0, 0, 0, 356.415924, 95.8849334, 120.0681457, 5408.7661438, 0, 
768444.2007141, 0, 0, 0, 0, 258.8421783, 96.0768585, 120.1787643, 5450.4424133, 0, 
769944.2012329, 0, 0, 0, 0, 250.5714874, 96.2309493, 120.278038, 5492.0884094, 0, 
770445.2031555, 0, 0, 0, 0, 293.5123138, 96.3855361, 120.3538436, 5512.8930969, 0, 
770942.203186, 0, 0, 0, 0, 253.1608886, 96.3081817, 120.4043273, 5533.7251281, 0, 
771943.2033691, 0, 0, 0, 0, 292.5349578, 96.5018005, 120.5532607, 5575.3403625, 0, 
772429.2035217, 0, 0, 0, 0, 292.5349578, 96.5018005, 120.5532607, 5575.3403625, 0, 
774441.2038879, 0, 0, 0, 0, 313.7594909, 96.5794677, 120.9002608, 5658.6753539, 0, 
774927.2039184, 0, 0, 0, 0, 313.7594909, 96.5794677, 120.9002608, 5658.6753539, 0, 
776439.204132, 0, 0, 0, 0, 279.2337493, 96.800209, 121.0916671, 5721.1729125, 0, 
776939.2041625, 0, 0, 0, 0, 322.3189391, 97.0088882, 121.1809234, 5741.9849242, 0, 
777439.2046203, 0, 0, 0, 0, 294.2622528, 96.9305266, 121.2545394, 5762.8276977, 0, 
778938.2046508, 0, 0, 0, 0, 375.4695739, 97.1266632, 121.5325775, 5804.4893188, 0, 
779438.2051086, 0, 0, 0, 0, 244.8224639, 97.0873718, 121.5906524, 5825.3574828, 0, 
779934.2051391, 0, 0, 0, 0, 254.3110961, 97.1659851, 121.6541595, 5846.2192993, 0, 
781435.2033386, 0, 0, 0, 0, 293.8280486, 97.2053375, 121.8285751, 5887.9663695, 0, 
783434.2036437, 0, 0, 0, 0, 323.3002014, 97.3762435, 122.1407852, 5950.6021117, 0, 
783933.2036743, 0, 0, 0, 0, 270.9486846, 97.3235931, 122.2119064, 5971.5249633, 0, 
784433.2038879, 0, 0, 0, 0, 203.953659, 97.4817123, 122.2421722, 5992.4224243, 0, 
785932.2041625, 0, 0, 0, 0, 238.8043823, 97.5213241, 122.3441924, 6034.2226562, 0, 
786432.204132, 0, 0, 0, 0, 215.0801544, 97.5609664, 122.3805694, 6055.1264648, 0, 
786929.2041625, 0, 0, 0, 0, 219.7173919, 97.6403503, 122.4195327, 6076.0195312, 0, 
787930.2046508, 0, 0, 0, 0, 299.6513824, 97.6403503, 122.5933761, 6117.8418044, 0, 
788419.2046203, 0, 0, 0, 0, 299.6513824, 97.6403503, 122.5933761, 6117.8418044, 0, 
788929.2046508, 0, 0, 0, 0, 361.6410217, 97.6403503, 122.7168884, 6138.7783279, 0, 
790435.2031555, 0, 0, 0, 0, 327.2089233, 97.8260803, 122.9160308, 6201.5512847, 0, 
790914.203186, 0, 0, 0, 0, 327.2089233, 97.8260803, 122.9160308, 6201.5512847, 0, 
791426.2033386, 0, 0, 0, 0, 387.8124084, 97.8792724, 123.0160751, 6222.4897613, 0, 
792926.2035522, 0, 0, 0, 0, 296.0728912, 98.0125122, 123.1495895, 6285.2793121, 0, 
793425.2036437, 0, 0, 0, 0, 323.6322021, 98.1193695, 123.2099609, 6306.2026672, 0, 
794925.2039184, 0, 0, 0, 0, 309.1103515, 98.1996688, 123.3127212, 6348.0429992, 0, 
795424.204132, 0, 0, 0, 0, 320.158081, 98.2800903, 123.3702316, 6368.9595031, 0, 
795922.2041625, 0, 0, 0, 0, 389.5968322, 98.360649, 123.4686736, 6389.8721008, 0, 
797422.2046203, 0, 0, 0, 0, 392.5212402, 98.4413375, 123.6677016, 6431.7138977, 0, 
797922.2046508, 0, 0, 0, 0, 380.5066528, 98.5221633, 123.7591934, 6452.6421203, 0, 
798419.2046203, 0, 0, 0, 0, 391.3509826, 98.684204, 123.8564758, 6473.5517883, 0, 
799421.2051086, 0, 0, 0, 0, 317.3922424, 98.5221633, 123.9097442, 6494.5088195, 0, 
799921.2051391, 0, 0, 0, 0, 280.6952666, 98.6031188, 123.9410323, 6515.4555969, 0, 
800419.1875305, 0, 0, 0, 0, 284.174179, 98.5221633, 123.9742354, 6536.4253234, 0, 
802418.1878967, 0, 0, 0, 0, 287.3388824, 90.2029495, 124.088478, 6605.1768188, 0, 
802916.1879272, 0, 0, 0, 0, 464.634735, 88.1704559, 124.2436752, 6628.6475219, 0, 
804416.1882629, 0, 0, 0, 0, 450.0846862, 88.3327178, 124.5325088, 6675.586975, 0, 
806415.188507, 0, 0, 0, 0, 441.3206786, 88.3435516, 124.9432677, 6746.1851196, 0, 
806915.1885375, 0, 0, 0, 0, 433.2731933, 88.4303588, 125.0726623, 6769.7456665, 0, 
807398.1889953, 0, 0, 0, 0, 433.2731933, 88.4303588, 125.0726623, 6769.7456665, 0, 
808912.1890258, 0, 0, 0, 0, 453.798645, 88.6044692, 125.4974517, 6840.4448852, 0, 
809398.1894836, 0, 0, 0, 0, 453.798645, 88.6044692, 125.4974517, 6840.4448852, 0, 
809911.1895141, 0, 0, 0, 0, 456.2183227, 88.7573928, 125.6380996, 6864.0234985, 0, 
810911.1895141, 0, 0, 0, 0, 382.4481506, 88.7902298, 125.822235, 6911.2246704, 0, 
811397.1896667, 0, 0, 0, 0, 382.4481506, 88.7902298, 125.822235, 6911.2246704, 0, 
811910.1896972, 0, 0, 0, 0, 466.8935546, 88.9547729, 125.9675292, 6934.812561, 0, 
813409.1899719, 0, 0, 0, 0, 466.6491393, 88.9877547, 126.255989, 6982.0518188, 0, 
813908.1900024, 0, 0, 0, 0, 456.579132, 89.153038, 126.3919296, 7005.6679687, 0, 
814406.190216, 0, 0, 0, 0, 455.2191162, 89.153038, 126.5191116, 7029.3081054, 0, 
815907.1904907, 0, 0, 0, 0, 528.9573058, 89.3854675, 126.7880935, 7076.5395507, 0, 
816406.1904601, 0, 0, 0, 0, 531.7151184, 89.5522308, 126.9225158, 7100.1489334, 0, 
817905.1909789, 0, 0, 0, 0, 522.6474303, 89.6860961, 127.1777114, 7147.3691482, 0, 
818405.1909484, 0, 0, 0, 0, 554.6201476, 89.7531738, 127.3238448, 7170.999031, 0, 
818889.1909789, 0, 0, 0, 0, 554.6201476, 89.7531738, 127.3238448, 7170.999031, 0, 
820404.1914367, 0, 0, 0, 0, 544.9978332, 90.067543, 127.7397003, 7241.7968902, 0, 
820902.1914672, 0, 0, 0, 0, 533.3183898, 90.4295349, 127.8680267, 7265.352066, 0, 
822402.1918029, 0, 0, 0, 0, 504.7536315, 90.463623, 128.0875167, 7312.5083312, 0, 
822901.1918334, 0, 0, 0, 0, 488.487152, 90.6344375, 128.1857681, 7336.0713195, 0, 
823387.191925, 0, 0, 0, 0, 488.487152, 90.6344375, 128.1857681, 7336.0713195, 0, 
824899.1921997, 0, 0, 0, 0, 469.426361, 90.8631896, 128.4424819, 7406.6797179, 0, 
825385.1924133, 0, 0, 0, 0, 469.426361, 90.8631896, 128.4424819, 7406.6797179, 0, 
825897.1924438, 0, 0, 0, 0, 356.4190978, 90.909088, 128.456993, 7430.2290344, 0, 
826898.1924438, 0, 0, 0, 0, 421.5817871, 90.9780044, 128.5886459, 7477.3183898, 0, 
827383.1929016, 0, 0, 0, 0, 421.5817871, 90.9780044, 128.5886459, 7477.3183898, 0, 
827897.1929321, 0, 0, 0, 0, 454.3179931, 91.0470352, 128.7175216, 7500.8691711, 0, 
829395.1933898, 0, 0, 0, 0, 380.3273315, 91.2200622, 128.8824386, 7547.9346007, 0, 
829895.1934204, 0, 0, 0, 0, 419.1802978, 91.2547454, 128.9879073, 7571.4829406, 0, 
830393.1933898, 0, 0, 0, 0, 406.5316772, 91.3937454, 129.084938, 7595.0141906, 0, 
831894.1936035, 0, 0, 0, 0, 418.6802978, 91.3937454, 129.2925796, 7642.1323852, 0, 
832394.193756, 0, 0, 0, 0, 327.2080078, 91.3937454, 129.3395461, 7665.7144165, 0, 
833892.1939086, 0, 0, 0, 0, 464.4095764, 91.5331726, 129.5998306, 7712.8628539, 0, 
834392.1941223, 0, 0, 0, 0, 401.6887206, 91.5331726, 129.6905288, 7736.4692993, 0, 
834889.1941528, 0, 0, 0, 0, 369.4624328, 91.6030502, 129.761177, 7760.0723266, 0, 
836389.1943664, 0, 0, 0, 0, 338.9678649, 91.5331726, 129.8646011, 7807.3457641, 0, 
836889.1943969, 0, 0, 0, 0, 375.0880432, 91.3937454, 129.9379653, 7831.034729, 0, 
837388.1948547, 0, 0, 0, 0, 287.094345, 91.4634094, 129.957405, 7854.7139282, 0, 
838388.1948547, 0, 0, 0, 0, 364.2970275, 91.1854019, 130.0238113, 7878.4732055, 0, 
838888.1948852, 0, 0, 0, 0, 335.0900268, 91.3241958, 130.0721053, 7902.2070922, 0, 
840886.1953735, 0, 0, 0, 0, 314.5180358, 91.1623153, 130.1785201, 7973.5772094, 0, 
841884.1955566, 0, 0, 0, 0, 330.964569, 90.909088, 130.2237014, 7997.4473266, 0, 
842885.1957397, 0, 0, 0, 0, 327.0450134, 90.9780044, 130.3086624, 8045.1752929, 0, 
843384.1958312, 0, 0, 0, 0, 336.6369018, 90.8402633, 130.213768, 8069.074707, 0, 
843870.1958618, 0, 0, 0, 0, 336.6369018, 90.8402633, 130.213768, 8069.074707, 0, 
845382.1963195, 0, 0, 0, 0, 355.9387206, 90.8631896, 129.9370803, 8140.6523513, 0, 
845882.19635, 0, 0, 0, 0, 316.868988, 90.8402633, 129.822441, 8164.4814529, 0, 
846366.1963195, 0, 0, 0, 0, 316.868988, 90.8402633, 129.822441, 8164.4814529, 0, 
847880.1968383, 0, 0, 0, 0, 266.4671478, 90.8631896, 129.3873367, 8235.8003082, 0, 
848366.1968078, 0, 0, 0, 0, 266.4671478, 90.8631896, 129.3873367, 8235.8003082, 0, 
849878.1973266, 0, 0, 0, 0, 350.7509765, 90.771553, 129.1133651, 8306.9956359, 0, 
852376.1957092, 0, 0, 0, 0, 255.9573821, 90.7029419, 128.6679305, 8378.0464172, 0, 
853373.1958312, 0, 0, 0, 0, 345.114624, 90.6686782, 128.4854202, 8425.3159484, 0, 
854374.1960754, 0, 0, 0, 0, 321.2201538, 90.6344375, 128.3803024, 8448.9331359, 0, 
854874.1961059, 0, 0, 0, 0, 330.380249, 90.5660324, 128.2812881, 8472.5493469, 0, 
855373.1963195, 0, 0, 0, 0, 306.4612731, 90.6344375, 128.1680221, 8496.1284484, 0, 
856872.19635, 0, 0, 0, 0, 195.5216903, 90.497734, 127.8040313, 8543.27005, 0, 
857372.1968078, 0, 0, 0, 0, 280.6548003, 90.497734, 127.6768035, 8566.7954406, 0, 
857870.1968383, 0, 0, 0, 0, 273.0565948, 90.4295349, 127.5453414, 8590.3149719, 0, 
859370.1972961, 0, 0, 0, 0, 271.0137176, 90.3954772, 127.2808608, 8637.2984008, 0, 
859870.1973266, 0, 0, 0, 0, 209.1010284, 90.2934493, 127.1109313, 8660.7769165, 0, 
861369.1994323, 0, 0, 0, 0, 291.2208404, 90.1577682, 126.8752822, 8707.7290649, 0, 
861868.1994628, 0, 0, 0, 0, 312.5263671, 90.022499, 126.7719345, 8731.2095336, 0, 
862352.1996154, 0, 0, 0, 0, 312.5263671, 90.022499, 126.7719345, 8731.2095336, 0, 
863866.199768, 0, 0, 0, 0, 271.7270355, 89.955017, 126.643196, 8754.6860961, 0, 
864850.2000122, 0, 0, 0, 0, 271.7270355, 89.955017, 126.643196, 8754.6860961, 0, 
865852.2002563, 0, 0, 0, 0, 271.7270355, 89.955017, 126.643196, 8754.6860961, 0, 
866351.2002258, 0, 0, 0, 0, 271.7270355, 89.955017, 126.643196, 8754.6860961, 0, 
866850.2002563, 0, 0, 0, 0, 271.7270355, 89.955017, 126.643196, 8754.6860961, 0, 
868352.2007141, 0, 0, 0, 0, 0, 0, 124.6115112, 8911.1275024, 0, 
869349.2012023, 0, 0, 0, 0, 0, 0, 124.1730728, 8945.5425415, 0, 
870849.203186, 0, 0, 0, 0, 0, 0, 123.5163497, 8997.0757446, 0, 
871349.2033386, 0, 0, 0, 0, 0, 0, 123.3004684, 9014.1132812, 0, 
872848.2035522, 0, 0, 0, 0, 0, 0, 122.6511001, 9065.2167968, 0, 
873845.2036743, 0, 0, 0, 0, 0, 0, 122.2231903, 9099.0234374, 0, 
875345.204132, 0, 0, 0, 0, 0, 0, 121.5808944, 9149.7480545, 0, 
876345.204132, 0, 0, 0, 0, 0, 0, 121.156929, 9183.3603591, 0, 
877344.2046203, 0, 0, 0, 0, 0, 0, 120.7350235, 9216.8554839, 0, 
877844.2046508, 0, 0, 0, 0, 0, 0, 120.525917, 9233.5088043, 0, 
879842.2051391, 0, 0, 0, 0, 0, 0, 119.6863555, 9300.0674133, 0, 
880343.2031555, 0, 0, 0, 0, 0, 0, 119.4801788, 9316.5429992, 0, 
880840.203186, 0, 0, 0, 0, 0, 0, 119.2745056, 9332.9902648, 0, 
881841.2033691, 0, 0, 0, 0, 0, 0, 118.8617095, 9365.9658507, 0, 
882339.2035217, 0, 0, 0, 0, 0, 0, 118.6575088, 9382.3281555, 0, 
882840.2035522, 0, 0, 0, 0, 0, 0, 118.4529724, 9398.7285461, 0, 
884338.2038879, 0, 0, 0, 0, 0, 0, 117.8389587, 9447.8252258, 0, 
884838.2039184, 0, 0, 0, 0, 0, 0, 117.6367873, 9464.079132, 0, 
885336.204132, 0, 0, 0, 0, 0, 0, 117.4363021, 9480.2080383, 0, 
886836.2041625, 0, 0, 0, 0, 0, 0, 116.8283462, 9528.9804992, 0, 
887336.2046203, 0, 0, 0, 0, 0, 0, 116.6285552, 9545.0957336, 0, 
888835.2046508, 0, 0, 0, 0, 0, 0, 116.0271759, 9593.4687805, 0, 
889334.2051086, 0, 0, 0, 0, 0, 0, 115.829277, 9609.4736938, 0, 
889834.2051391, 0, 0, 0, 0, 0, 0, 115.6318511, 9625.4512328, 0, 
892331.2035217, 0, 0, 0, 0, 0, 0, 114.6404342, 9705.1826782, 0, 
893331.2036437, 0, 0, 0, 0, 0, 0, 114.2492446, 9736.9092406, 0, 
893831.2036743, 0, 0, 0, 0, 0, 0, 114.0558853, 9752.6367797, 0, 
894330.2038879, 0, 0, 0, 0, 0, 0, 113.8629913, 9768.3379516, 0, 
895830.2041625, 0, 0, 0, 0, 0, 0, 113.2819137, 9815.5020141, 0, 
896328.204132, 0, 0, 0, 0, 0, 0, 113.0904159, 9831.1279907, 0, 
898326.2046203, 0, 0, 0, 0, 0, 0, 112.3211517, 9893.6172485, 0, 
898827.2046508, 0, 0, 0, 0, 0, 0, 112.1318664, 9909.1104125, 0, 
900325.1875305, 0, 0, 0, 0, 0, 0, 111.5620651, 9955.6201781, 0, 
900826.187561, 0, 0, 0, 0, 0, 0, 111.3748931, 9970.9776, 0, 
901322.1877136, 0, 0, 0, 0, 0, 0, 111.1885299, 9986.2783813, 0, 
902823.1879272, 0, 0, 0, 0, 0, 0, 110.6248702, 10032.4277343, 0, 
903323.1880187, 0, 0, 0, 0, 0, 0, 110.4394607, 10047.6874999, 0, 
903821.1880493, 0, 0, 0, 0, 0, 0, 110.2552261, 10062.8603515, 0, 
904821.1882934, 0, 0, 0, 0, 0, 0, 109.8846587, 10093.3437499, 0, 
905321.188507, 0, 0, 0, 0, 0, 0, 109.7009277, 10108.5009841, 0, 
907319.1889953, 0, 0, 0, 0, 0, 0, 108.9632339, 10169.0888748, 0, 
907819.1890258, 0, 0, 0, 0, 0, 0, 108.7819442, 10184.0888748, 0, 
909816.1895141, 0, 0, 0, 0, 0, 0, 108.0522155, 10244.2002105, 0, 
912315.1898498, 0, 0, 0, 0, 0, 0, 107.1475372, 10318.7724914, 0, 
912813.1898803, 0, 0, 0, 0, 0, 0, 106.9706649, 10333.4931945, 0, 
914813.1902465, 0, 0, 0, 0, 0, 0, 106.2565154, 10392.6640929, 0, 
916312.1904601, 0, 0, 0, 0, 0, 0, 105.7273788, 10436.6797179, 0, 
916811.1904907, 0, 0, 0, 0, 0, 0, 105.5529327, 10451.2637023, 0, 
917311.1909484, 0, 0, 0, 0, 0, 0, 105.3788757, 10465.8242492, 0, 
918809.1909789, 0, 0, 0, 0, 0, 0, 104.8552245, 10509.5058898, 0, 
919808.1914672, 0, 0, 0, 0, 0, 0, 104.5095291, 10538.438507, 0, 
920808.1914672, 0, 0, 0, 0, 0, 0, 104.1643142, 10567.3633117, 0, 
921308.1916198, 0, 0, 0, 0, 0, 0, 103.9936446, 10581.7031555, 0, 
921807.1916503, 0, 0, 0, 0, 0, 0, 103.8233413, 10596.0195617, 0, 
923307.191925, 0, 0, 0, 0, 0, 0, 103.3099517, 10639.0576782, 0, 
923806.1919555, 0, 0, 0, 0, 0, 0, 103.1407928, 10653.3086547, 0, 
924304.1921691, 0, 0, 0, 0, 0, 0, 102.9723357, 10667.5078735, 0, 
925804.1924438, 0, 0, 0, 0, 0, 0, 102.4638519, 10710.250061, 0, 
926304.1924133, 0, 0, 0, 0, 0, 0, 102.296524, 10724.38385, 0, 
927803.1929321, 0, 0, 0, 0, 0, 0, 101.7934494, 10766.7608032, 0, 
928302.1929016, 0, 0, 0, 0, 0, 0, 101.6278991, 10780.7744751, 0, 
928799.1929321, 0, 0, 0, 0, 0, 0, 101.4630355, 10794.7373657, 0, 
930300.1933898, 0, 0, 0, 0, 0, 0, 100.9643706, 10836.8535766, 0, 
930800.1934204, 0, 0, 0, 0, 0, 0, 100.8002624, 10850.781311, 0, 
931298.1935577, 0, 0, 0, 0, 0, 0, 100.6368331, 10864.6582641, 0, 
932298.1937408, 0, 0, 0, 0, 0, 0, 100.3087615, 10892.4834594, 0, 
932798.1937866, 0, 0, 0, 0, 0, 0, 100.1460494, 10906.3203735, 0, 
933298.1938629, 0, 0, 0, 0, 0, 0, 99.9840011, 10920.1074829, 0, 
934797.1941528, 0, 0, 0, 0, 0, 0, 99.4955062, 10961.5547485, 0, 
935296.1943511, 0, 0, 0, 0, 0, 0, 99.3348464, 10975.2520141, 0, 
935794.1943969, 0, 0, 0, 0, 0, 0, 99.1745223, 10988.9268188, 0, 
936795.1943969, 0, 0, 0, 0, 0, 0, 98.8526763, 11016.3478393, 0, 
937294.1948394, 0, 0, 0, 0, 0, 0, 98.6933669, 11029.9562377, 0, 
937794.1948852, 0, 0, 0, 0, 0, 0, 98.5340728, 11043.5704955, 0, 
939293.1953277, 0, 0, 0, 0, 0, 0, 98.0548171, 11084.4171752, 0, 
939792.1953735, 0, 0, 0, 0, 0, 0, 97.8971862, 11097.9161986, 0, 
940290.1953277, 0, 0, 0, 0, 0, 0, 97.7405014, 11111.3390579, 0, 
941791.1955566, 0, 0, 0, 0, 0, 0, 97.2653045, 11151.9386672, 0, 
942290.1956939, 0, 0, 0, 0, 0, 0, 97.1093139, 11165.3292922, 0, 
943789.1958618, 0, 0, 0, 0, 0, 0, 96.6393584, 11205.5587921, 0, 
944288.1960601, 0, 0, 0, 0, 0, 0, 96.4843597, 11218.8898467, 0, 
944788.1961059, 0, 0, 0, 0, 0, 0, 96.3296813, 11232.1994171, 0, 
946287.1963043, 0, 0, 0, 0, 0, 0, 95.8642883, 11272.1330108, 0, 
946786.19635, 0, 0, 0, 0, 0, 0, 95.7108841, 11285.3566436, 0, 
947284.1967925, 0, 0, 0, 0, 0, 0, 95.5584182, 11298.5060577, 0, 
948285.1967925, 0, 0, 0, 0, 0, 0, 95.2514038, 11324.9543151, 0, 
948785.1968383, 0, 0, 0, 0, 0, 0, 95.0995635, 11338.0675964, 0, 
949284.1972808, 0, 0, 0, 0, 0, 0, 94.9480437, 11351.1593933, 0, 
950784.1953735, 0, 0, 0, 0, 0, 0, 94.4912185, 11390.5207214, 0, 
951282.1955108, 0, 0, 0, 0, 0, 0, 94.3406371, 11403.5549011, 0, 
951781.1955566, 0, 0, 0, 0, 0, 0, 94.1906661, 11416.5422058, 0, 
953781.1958618, 0, 0, 0, 0, 0, 0, 93.586296, 11468.6506042, 0, 
955279.1963043, 0, 0, 0, 0, 0, 0, 93.1381607, 11507.4220886, 0, 
955779.19635, 0, 0, 0, 0, 0, 0, 92.9906234, 11520.2443542, 0, 
958277.1967925, 0, 0, 0, 0, 0, 0, 92.2473068, 11584.4601745, 0, 
958775.1968383, 0, 0, 0, 0, 0, 0, 92.10186, 11597.1340026, 0, 
959775.1973266, 0, 0, 0, 0, 0, 0, 91.8092574, 11622.60083, 0, 
960275.199234, 0, 0, 0, 0, 0, 0, 91.6641006, 11635.2658691, 0, 
962274.1996002, 0, 0, 0, 0, 0, 0, 91.0809097, 11685.9270019, 0, 
962774.1996459, 0, 0, 0, 0, 0, 0, 90.9374923, 11698.4660644, 0, 
963271.1997222, 0, 0, 0, 0, 0, 0, 90.7946624, 11710.960205, 0, 
964771.2000122, 0, 0, 0, 0, 0, 0, 90.3628539, 11748.6262206, 0, 
965271.2002105, 0, 0, 0, 0, 0, 0, 90.220581, 11761.0910644, 0, 
967269.2006988, 0, 0, 0, 0, 0, 0, 89.649269, 11810.9299316, 0, 
967767.2007446, 0, 0, 0, 0, 0, 0, 89.509262, 11823.2219238, 0, 
969268.2011871, 0, 0, 0, 0, 0, 0, 89.0845718, 11860.404541, 0, 
969767.2012329, 0, 0, 0, 0, 0, 0, 88.9450988, 11872.6691894, 0, 
970266.2031402, 0, 0, 0, 0, 0, 0, 88.8059005, 11884.9143066, 0, 
971266.2033233, 0, 0, 0, 0, 0, 0, 88.5264358, 11909.4699706, 0, 
971765.2033691, 0, 0, 0, 0, 0, 0, 88.3877792, 11921.6818847, 0, 
973764.2036743, 0, 0, 0, 0, 0, 0, 87.8307037, 11970.5334472, 0, 
974264.2038726, 0, 0, 0, 0, 0, 0, 87.6934127, 11982.6496581, 0, 
974764.2039184, 0, 0, 0, 0, 0, 0, 87.5566482, 11994.7229004, 0, 
975764.2041625, 0, 0, 0, 0, 0, 0, 87.2818069, 12018.9573974, 0, 
976262.2041168, 0, 0, 0, 0, 0, 0, 87.1464004, 12030.9251708, 0, 
976765.2041625, 0, 0, 0, 0, 0, 0, 87.0096054, 12043.0189208, 0, 
978260.204605, 0, 0, 0, 0, 0, 0, 86.6015853, 12078.9954833, 0, 
978767.2046508, 0, 0, 0, 0, 0, 0, 86.4647598, 12091.1097412, 0, 
979258.2050933, 0, 0, 0, 0, 0, 0, 86.33255, 12102.8216628, 0, 
980758.203186, 0, 0, 0, 0, 0, 0, 85.926834, 12138.6615066, 0, 
981258.2033233, 0, 0, 0, 0, 0, 0, 85.7932128, 12150.5150222, 0, 
982756.2035522, 0, 0, 0, 0, 0, 0, 85.391426, 12186.0599441, 0, 
983256.2036285, 0, 0, 0, 0, 0, 0, 85.2591018, 12197.8158035, 0, 
983755.2036743, 0, 0, 0, 0, 0, 0, 85.1267623, 12209.5775298, 0, 
985254.2041168, 0, 0, 0, 0, 0, 0, 84.7285537, 12244.869522, 0, 
985754.2041625, 0, 0, 0, 0, 0, 0, 84.5972213, 12256.5579986, 0, 
986263.2041168, 0, 0, 0, 0, 0, 0, 84.464035, 12268.4154205, 0, 
987253.204605, 0, 0, 0, 0, 0, 0, 84.2037658, 12291.5599517, 0, 
987752.2046508, 0, 0, 0, 0, 0, 0, 84.0734405, 12303.1761779, 0, 
988264.204605, 0, 0, 0, 0, 0, 0, 83.9402083, 12315.0541076, 0, 
989751.2051391, 0, 0, 0, 0, 0, 0, 83.5519409, 12349.5765685, 0, 
990262.2031402, 0, 0, 0, 0, 0, 0, 83.4197235, 12361.3802795, 0, 
990748.203186, 0, 0, 0, 0, 0, 0, 83.2945098, 12372.5638732, 0, 
992262.2035064, 0, 0, 0, 0, 0, 0, 82.9031295, 12407.419342, 0, 
992748.2035522, 0, 0, 0, 0, 0, 0, 82.7788543, 12418.5335998, 0, 
994263.2038726, 0, 0, 0, 0, 0, 0, 82.3901672, 12453.1957092, 0, 
994746.2039184, 0, 0, 0, 0, 0, 0, 82.2673416, 12464.1957092, 0, 
995244.2041168, 0, 0, 0, 0, 0, 0, 82.1414184, 12475.4759826, 0, 
996745.2041625, 0, 0, 0, 0, 0, 0, 81.7594146, 12509.5990295, 0, 
997244.204605, 0, 0, 0, 0, 0, 0, 81.6339263, 12520.8548888, 0, 
997743.2046508, 0, 0, 0, 0, 0, 0, 81.5086669, 12532.0931701, 0, 
998744.2046508, 0, 0, 0, 0, 0, 0, 81.2568969, 12554.6546935, 0, 
999242.2050933, 0, 0, 0, 0, 0, 0, 81.1320877, 12565.8636779, 0, 
999742.2051391, 0, 0, 0, 0, 0, 0, 81.0074996, 12577.0560607, 0, 
1001241.3126983, 0, 0, 0, 0, 0, 0, 80.6326141, 12610.6410522, 0, 
1001741.3127441, 0, 0, 0, 0, 0, 0, 80.5087051, 12621.78656, 0, 
1002262.3128814, 0, 0, 0, 0, 0, 0, 80.3800506, 12633.3617553, 0, 
1003239.3130035, 0, 0, 0, 0, 0, 0, 80.1381912, 12655.09906, 0, 
1003739.3130493, 0, 0, 0, 0, 0, 0, 80.015686, 12666.1322631, 0, 
1004262.3132476, 0, 0, 0, 0, 0, 0, 79.8874893, 12677.6810912, 0, 
1005737.3135375, 0, 0, 0, 0, 0, 0, 79.5249862, 12710.2504272, 0, 
1006264.3134918, 0, 0, 0, 0, 0, 0, 79.3964996, 12721.8383178, 0, 
1006735.3135375, 0, 0, 0, 0, 0, 0, 79.2824401, 12732.13031, 0, 
1008263.31398, 0, 0, 0, 0, 0, 0, 78.9100036, 12765.6361694, 0, 
1008735.3140258, 0, 0, 0, 0, 0, 0, 78.7962875, 12775.9086303, 0, 
1010262.3144683, 0, 0, 0, 0, 0, 0, 78.4270477, 12809.1654663, 0, 
1010734.3145141, 0, 0, 0, 0, 0, 0, 78.3141555, 12819.3754272, 0, 
1012731.3148803, 0, 0, 0, 0, 0, 0, 77.8334121, 12862.6625365, 0, 
1013230.3149566, 0, 0, 0, 0, 0, 0, 77.7148437, 12873.3998412, 0, 
1013729.3150024, 0, 0, 0, 0, 0, 0, 77.596733, 12884.09906, 0, 
1014729.3152465, 0, 0, 0, 0, 0, 0, 77.3595657, 12905.5560913, 0, 
1015229.3154449, 0, 0, 0, 0, 0, 0, 77.2418594, 12916.2279663, 0, 
1015729.3154907, 0, 0, 0, 0, 0, 0, 77.124588, 12926.8617553, 0, 
1017227.3159332, 0, 0, 0, 0, 0, 0, 76.7710037, 12958.8383178, 0, 
1017726.3159789, 0, 0, 0, 0, 0, 0, 76.6545791, 12969.4076538, 0, 
1019725.3164672, 0, 0, 0, 0, 0, 0, 76.1858291, 13011.7788085, 0, 
1020262.3164214, 0, 0, 0, 0, 0, 0, 76.0615997, 13023.0708007, 0, 
1021724.3166503, 0, 0, 0, 0, 0, 0, 75.722351, 13053.8286132, 0, 
1022263.3167877, 0, 0, 0, 0, 0, 0, 75.5985488, 13065.0932617, 0, 
1022722.3168334, 0, 0, 0, 0, 0, 0, 75.4938964, 13074.6206054, 0, 
1024263.3171539, 0, 0, 0, 0, 0, 0, 75.139122, 13106.8188552, 0, 
1024721.3171996, 0, 0, 0, 0, 0, 0, 75.0349807, 13116.3090896, 0, 
1025219.317398, 0, 0, 0, 0, 0, 0, 74.9216231, 13126.6391677, 0, 
1026268.317398, 0, 0, 0, 0, 0, 0, 74.6830291, 13148.3530349, 0, 
1026719.3174438, 0, 0, 0, 0, 0, 0, 74.5812148, 13157.6401443, 0, 
1027219.3178863, 0, 0, 0, 0, 0, 0, 74.4684295, 13167.9282302, 0, 
1028718.3179321, 0, 0, 0, 0, 0, 0, 74.1290206, 13198.8032302, 0, 
1029217.3183746, 0, 0, 0, 0, 0, 0, 74.0170288, 13209.0298004, 0, 
1029715.3184203, 0, 0, 0, 0, 0, 0, 73.9056777, 13219.1997222, 0, 
1030716.3184203, 0, 0, 0, 0, 0, 0, 73.681404, 13239.6567535, 0, 
1031216.3185577, 0, 0, 0, 0, 0, 0, 73.5704193, 13249.8003082, 0, 
1031715.3186035, 0, 0, 0, 0, 0, 0, 73.4596252, 13259.9292144, 0, 
1033214.3188629, 0, 0, 0, 0, 0, 0, 73.1255264, 13290.3862457, 0, 
1033714.3189086, 0, 0, 0, 0, 0, 0, 73.0152816, 13300.4741515, 0, 
1034265.319107, 0, 0, 0, 0, 0, 0, 72.8936996, 13311.6001281, 0, 
1035712.3193969, 0, 0, 0, 0, 0, 0, 72.574089, 13340.7749328, 0, 
1036262.3193511, 0, 0, 0, 0, 0, 0, 72.4537963, 13351.7934875, 0, 
1037710.3198852, 0, 0, 0, 0, 0, 0, 72.136177, 13380.8120422, 0, 
1038262.3198394, 0, 0, 0, 0, 0, 0, 72.0162658, 13391.8032531, 0, 
1038709.3198852, 0, 0, 0, 0, 0, 0, 71.9194869, 13400.6792297, 0, 
1040268.3203277, 0, 0, 0, 0, 0, 0, 71.5802841, 13431.6909484, 0, 
1040707.3203735, 0, 0, 0, 0, 0, 0, 71.4856948, 13440.3745422, 0, 
1041206.3205108, 0, 0, 0, 0, 0, 0, 71.3784789, 13450.2163391, 0, 
1042262.3206939, 0, 0, 0, 0, 0, 0, 71.1512908, 13471.0415344, 0, 
1042706.3207397, 0, 0, 0, 0, 0, 0, 71.0562667, 13479.7710266, 0, 
1043206.320816, 0, 0, 0, 0, 0, 0, 70.9497832, 13489.5532531, 0, 
1044705.3211059, 0, 0, 0, 0, 0, 0, 70.6286773, 13518.9702453, 0, 
1045204.3213043, 0, 0, 0, 0, 0, 0, 70.5229186, 13528.6938781, 0, 
1045702.32135, 0, 0, 0, 0, 0, 0, 70.4173431, 13538.4028625, 0, 
1047202.3217925, 0, 0, 0, 0, 0, 0, 70.0987548, 13567.6186828, 0, 
1047702.3218383, 0, 0, 0, 0, 0, 0, 69.9936751, 13577.2886047, 0, 
1049200.3222808, 0, 0, 0, 0, 0, 0, 69.6776656, 13606.2896118, 0, 
1049700.3223266, 0, 0, 0, 0, 0, 0, 69.5733032, 13615.9019164, 0, 
1050263.3203277, 0, 0, 0, 0, 0, 0, 69.456108, 13626.6958617, 0, 
1051699.3205566, 0, 0, 0, 0, 0, 0, 69.155632, 13654.3023071, 0, 
1052268.3206939, 0, 0, 0, 0, 0, 0, 69.0375518, 13665.1851196, 0, 
1052696.3207397, 0, 0, 0, 0, 0, 0, 68.9490203, 13673.3491821, 0, 
1053697.3208618, 0, 0, 0, 0, 0, 0, 68.7419509, 13692.4155883, 0, 
1054262.3210601, 0, 0, 0, 0, 0, 0, 68.6254882, 13703.1567993, 0, 
1054696.3211059, 0, 0, 0, 0, 0, 0, 68.5365066, 13711.3677368, 0, 
