Time (hh:mm:ss), Latitude (deg), Longitude (deg), Altitude (m), Distance (m), Displacement (m), Ground Speed (km/h), Target Speed (km/h), Power (W), Cadence (rpm), Velocity (km/h), Simulated Distance (m), Heart Rate (bpm), Battery (V)
Begin calibration... Waiting for calibration messages. Received message 1. Received message 2. Received message 3. Received message 4. Received message 5. Received message 6. Calibration complete! Offset is: 501 Hz. GPS lost connection. Profile changed. 
0:0:0, 0, 0, 0, 0, 0, 0, 0, 0, 0, 0, 0, 109, 4.9897989, 
0:0:0, 0, 0, 0, 0, 0, 0, 0, 0, 0, 0, 0, 108, 4.9897989, 
0:0:0, 0, 0, 0, 0, 0, 0, 0, 0, 0, 0, 0, 108, 4.9897989, Profile changed. Cameron
0:0:0, 0, 0, 0, 0, 0, 0, 0.3959999, 0, 0, 0, 0, 108, 5.1323652, Profile changed. Profile changed. Todd
0:0:0, 0, 0, 0, 0, 0, 0, 0.4319999, 0, 0, 0, 0, 109, 5.1323652, Profile changed. 
0:0:0, 0, 0, 0, 0, 0, 0, 0.4319999, 0, 0, 0, 0, 108, 5.1323652, 
0:0:0, 0, 0, 0, 0, 0, 0, 0.4319999, 0, 0, 0, 0, 107, 5.037321, 
0:0:0, 0, 0, 0, 0, 0, 0, 0.4319999, 0, 0, 0, 0, 107, 4.9897989, 
0:0:0, 0, 0, 0, 0, 0, 0, 0.4319999, 0, 0, 0, 0, 107, 4.9897989, 
0:0:0, 0, 0, 0, 0, 0, 0, 0.4319999, 0, 0, 0, 0, 107, 4.9897989, 
0:0:0, 0, 0, 0, 0, 0, 0, 0.4319999, 0, 0, 0, 0, 106, 4.9897989, 
0:0:0, 0, 0, 0, 0, 0, 0, 0.4319999, 0, 0, 0, 0, 105, 4.9897989, 
0:0:0, 0, 0, 0, 0, 0, 0, 0.4319999, 0, 0, 0, 0, 105, 4.9897989, 
0:0:0, 0, 0, 0, 0, 0, 0, 0.4319999, 0, 0, 0, 0, 104, 4.9897989, 
0:0:0, 0, 0, 0, 0, 0, 0, 0.4319999, 0, 0, 0, 0, 103, 4.9897989, 
0:0:0, 0, 0, 0, 0, 0, 0, 0.4319999, 0, 0, 0, 0, 103, 4.9897989, 
0:0:0, 0, 0, 0, 0, 0, 0, 0.4319999, 0, 0, 0, 0, 103, 4.9897989, 
0:0:0, 0, 0, 0, 0, 0, 0, 0.4319999, 0, 0, 0, 0, 104, 4.9897989, 
0:0:0, 0, 0, 0, 0, 0, 0, 0.4319999, 0, 0, 0, 0, 103, 4.9897989, 
0:0:0, 0, 0, 0, 0, 0, 0, 0.4319999, 0, 0, 0, 0, 103, 4.9897989, 
0:0:0, 0, 0, 0, 0, 0, 0, 0.4319999, 0, 0, 0, 0, 102, 4.9897989, 
0:0:0, 0, 0, 0, 0, 0, 0, 0.4319999, 0, 0, 0, 0, 101, 4.9897989, 
0:0:0, 0, 0, 0, 0, 0, 0, 0.4319999, 0, 0, 0, 0, 100, 4.9897989, 
0:0:0, 0, 0, 0, 0, 0, 0, 0.4319999, 0, 0, 0, 0, 99, 4.9897989, 
0:0:0, 0, 0, 0, 0, 0, 0, 0.4319999, 0, 0, 0, 0, 99, 4.9897989, 
0:0:0, 0, 0, 0, 0, 0, 0, 0.4319999, 0, 0, 0, 0, 99, 4.9897989, 
0:0:0, 0, 0, 0, 0, 0, 0, 0.4319999, 0, 0, 0, 0, 100, 4.9897989, 
0:0:0, 0, 0, 0, 0, 0, 0, 0.4319999, 0, 0, 0, 0, 100, 4.9897989, 
0:0:0, 0, 0, 0, 0, 0, 0, 0.4319999, 0, 0, 0, 0, 99, 4.9897989, 
0:0:0, 0, 0, 0, 0, 0, 0, 0.4319999, 0, 0, 0, 0, 97, 4.9897989, 
0:0:0, 0, 0, 0, 0, 0, 0, 0.4319999, 0, 0, 0, 0, 97, 4.9897989, 
0:0:0, 0, 0, 0, 0, 0, 0, 0.4319999, 0, 0, 0, 0, 97, 4.9897989, 
0:0:0, 0, 0, 0, 0, 0, 0, 0.4319999, 0, 0, 0, 0, 97, 4.9897989, 
0:0:0, 0, 0, 0, 0, 0, 0, 0.4319999, 0, 0, 0, 0, 98, 4.9897989, 
0:0:0, 0, 0, 0, 0, 0, 0, 0.4319999, 0, 0, 0, 0, 97, 4.9897989, 
0:0:0, 0, 0, 0, 0, 0, 0, 0.4319999, 0, 0, 0, 0, 97, 4.9897989, 
0:0:0, 0, 0, 0, 0, 0, 0, 0.4319999, 0, 0, 0, 0, 97, 4.9897989, 
0:0:0, 0, 0, 0, 0, 0, 0, 0.6479999, 109.5707778, 24.9272937, 8.3840894, 2.802848, 98, 4.9897989, 
0:0:0, 0, 0, 0, 0, 0, 0, 1.0079998, 125.1995162, 35.3877906, 14.3301057, 13.4838485, 100, 4.9897989, 
0:0:0, 0, 0, 0, 0, 0, 0, 1.5119999, 157.1460342, 40.9276923, 16.5494422, 19.7712669, 102, 4.9897989, 
0:0:0, 0, 0, 0, 0, 0, 0, 2.8439998, 313.9745482, 71.0900421, 22.1873702, 34.9662131, 104, 4.9897989, 
0:0:0, 0, 0, 0, 0, 0, 0, 3.6359998, 301.2127075, 80.4289474, 25.0281085, 44.8936538, 107, 4.9897989, 
0:0:0, 0, 0, 0, 0, 0, 0, 4.8959998, 328.929016, 85.7755508, 28.8399715, 60.9691886, 109, 4.9897989, 
0:0:0, 0, 0, 0, 0, 0, 0, 6.2999997, 318.5196838, 81.2457656, 32.0337295, 79.8561172, 111, 4.9897989, 
0:0:0, 0, 0, 0, 0, 0, 0, 7.3079995, 294.4239959, 80.8080749, 34.982067, 100.1953353, 113, 4.9897989, 
0:0:0, 0, 0, 0, 0, 0, 0, 8.9639997, 321.5907592, 83.9160766, 36.8829307, 114.6583556, 115, 4.9897989, 
0:0:0, 0, 0, 0, 0, 0, 0, 10.1159992, 276.5877532, 65.2173843, 39.3682517, 142.310295, 117, 4.9897989, 
0:0:0, 0, 0, 0, 0, 0, 0, 12.2399997, 264.2093963, 75.1408843, 41.0844459, 160.1151962, 119, 4.9897989, 
0:0:0, 0, 0, 0, 0, 0, 0, 13.5719995, 296.4947967, 81.2457656, 43.5831413, 186.5390396, 120, 4.9897989, 
0:0:0, 0, 0, 0, 0, 0, 0, 15.4799995, 307.1092529, 83.9748, 46.1415176, 213.292694, 122, 4.9897989, 
0:0:0, 0, 0, 0, 0, 0, 0, 17.4239997, 286.8466033, 83.6819991, 47.7546005, 231.9013671, 123, 4.9897989, 
0:0:0, 0, 0, 0, 0, 0, 0, 19.4399986, 288.3977813, 80.5909957, 50.1024665, 261.6309661, 124, 4.9897989, 
0:0:0, 0, 0, 0, 0, 0, 0, 20.8799991, 292.542221, 82.3045196, 52.3857154, 293.1183624, 124, 4.9897989, 
0:0:0, 0, 0, 0, 0, 0, 0, 23.7959995, 293.2252654, 79.575592, 54.5870895, 326.2357177, 126, 4.9897989, 
0:0:0, 0, 0, 0, 0, 0, 0, 25.2719993, 296.1267547, 85.0460586, 56.0139541, 348.1742553, 127, 4.9897989, 
0:0:0, 0, 0, 0, 0, 0, 0, 27.4319991, 298.3767852, 84.4475631, 58.0662155, 382.410614, 129, 4.9897989, 
0:0:0, 0, 0, 0, 0, 0, 0, 29.6639995, 299.6957549, 83.1600799, 60.0742301, 418.145935, 132, 4.9897989, 
0:0:0, 0, 0, 0, 0, 0, 0, 31.8599986, 300.0670776, 86.517662, 61.3674163, 441.6013488, 134, 4.9897989, 
0:0:0, 0, 0, 0, 0, 0, 0, 34.0199966, 306.723175, 87.6232146, 63.2425842, 477.3729858, 137, 4.9897989, 
0:0:0, 0, 0, 0, 0, 0, 0, 36.1800002, 321.7145996, 87.9442977, 65.1128921, 514.0935363, 139, 4.9897989, 
0:0:0, 0, 0, 0, 0, 0, 0, 38.2319984, 310.1519164, 91.4634094, 66.8662338, 550.2650451, 141, 4.9897989, 
0:0:0, 0, 0, 0, 0, 0, 0, 40.3559989, 298.3323516, 88.8888854, 68.2624359, 588.1216125, 142, 4.9897989, 
0:0:0, 0, 0, 0, 0, 0, 0, 42.4439964, 330.817749, 89.9213103, 69.5352325, 626.7662963, 143, 4.9897989, 
0:0:0, 0, 0, 0, 0, 0, 0, 43.8839988, 292.5790252, 85.5920028, 71.0900268, 681.3487548, 144, 4.9897989, 
0:0:0, 0, 0, 0, 0, 0, 0, 46.0439987, 289.668991, 85.348503, 72.2431411, 723.3252563, 145, 4.9897989, 
0:0:0, 0, 0, 0, 0, 0, 0, 48.2039985, 292.2529144, 81.7995834, 72.9959792, 752.8233032, 145, 4.9897989, 
0:0:0, 0, 0, 0, 0, 0, 0, 50.2919959, 319.0971679, 91.9540175, 74.1704101, 794.6040649, 146, 4.9897989, 
0:0:0, 0, 0, 0, 0, 0, 0, 51.5879974, 270.6999358, 87.336235, 74.9319228, 836.2467651, 147, 4.9897989, 
0:0:0, 0, 0, 0, 0, 0, 0, 53.5679969, 294.6017913, 87.5912322, 75.745903, 879.1004028, 148, 4.9897989, 
0:0:0, 0, 0, 0, 0, 0, 0, 55.4759979, 288.5304718, 88.8888854, 76.5214691, 922.0464477, 149, 4.9897989, 
0:0:0, 0, 0, 0, 0, 0, 0, 57.3839988, 271.1596221, 86.5800781, 77.0041656, 951.3572997, 149, 4.9897989, 
0:0:0, 0, 0, 0, 0, 0, 0, 59.9039992, 296.4323577, 86.2688674, 77.9241942, 996.5186767, 150, 4.9897989, 
0:0:0, 0, 0, 0, 0, 0, 0, 61.7759971, 305.1488647, 85.5309982, 78.8586807, 1042.3529662, 151, 4.9897989, 
0:0:0, 0, 0, 0, 0, 0, 0, 62.9639968, 282.4493865, 85.1063766, 79.7488098, 1088.7108764, 152, 5.037321, 
0:0:0, 0, 0, 0, 0, 0, 0, 64.7639999, 296.019577, 82.3045196, 80.6495437, 1136.0309524, 152, 4.9897989, 
0:0:0, 0, 0, 0, 0, 0, 0, 66.5279998, 274.1312103, 83.7988739, 81.4894103, 1184.0437698, 152, 4.9897989, 
0:0:0, 0, 0, 0, 0, 0, 0, 68.3639983, 242.1677246, 78.6369552, 82.0150909, 1218.6977081, 153, 4.9897989, 
0:0:0, 0, 0, 0, 0, 0, 0, 69.5519943, 276.4698943, 79.5228576, 82.8850555, 1270.369461, 153, 4.9897989, 
0:0:0, 0, 0, 0, 0, 0, 0, 71.2080001, 283.4875335, 86.4553222, 83.9467162, 1335.3157653, 153, 4.9897989, 
0:0:0, 0, 0, 0, 0, 0, 0, 72.7919998, 260.7030181, 82.7015762, 84.3704223, 1368.4427184, 153, 4.9897989, 
0:0:0, 0, 0, 0, 0, 0, 0, 74.3759994, 271.5540618, 82.4175796, 85.0503387, 1419.6143493, 153, 4.9897989, 
0:0:0, 0, 0, 0, 0, 0, 0, 75.4199981, 290.1876373, 83.2177505, 85.702301, 1471.5101013, 153, 4.9897989, 
0:0:0, 0, 0, 0, 0, 0, 0, 76.9319991, 285.4956512, 85.7755508, 86.3296279, 1521.9939879, 154, 4.9897989, 
0:0:0, 0, 0, 0, 0, 0, 0, 78.3719939, 240.7800903, 79.8403167, 86.6988677, 1557.1536559, 154, 4.9897989, 
0:0:0, 0, 0, 0, 0, 0, 0, 79.883995, 287.1404571, 76.972412, 87.3505554, 1612.9353026, 154, 4.9897989, 
0:0:0, 0, 0, 0, 0, 0, 0, 80.3519973, 285.4460296, 82.1074218, 87.8060226, 1648.489624, 154, 4.9897989, 
0:0:0, 0, 0, 0, 0, 0, 0, 82.5839996, 296.7460174, 87.3998489, 88.4997177, 1699.7504882, 155, 4.9897989, 
0:0:0, 0, 0, 0, 0, 0, 0, 83.8079986, 272.4698028, 87.2409973, 89.1274795, 1750.4396972, 155, 4.9897989, 
0:0:0, 0, 0, 0, 0, 0, 0, 84.5999984, 277.2257842, 87.336235, 89.799797, 1801.6022948, 155, 4.9897989, 
0:0:0, 0, 0, 0, 0, 0, 0, 85.7879943, 302.9364318, 90.8402633, 90.4587707, 1852.0766601, 155, 4.9897989, 
0:0:0, 0, 0, 0, 0, 0, 0, 86.8679962, 284.9920501, 91.0470352, 91.070816, 1901.7357177, 155, 4.9897989, 
0:0:0, 0, 0, 0, 0, 0, 0, 87.947998, 290.5583953, 88.8888854, 91.6577758, 1953.4312744, 155, 4.9897989, 
0:0:0, 0, 0, 0, 0, 0, 0, 89.0279998, 283.4490508, 89.153038, 92.1230697, 2005.668457, 155, 4.9897989, 
0:0:0, 0, 0, 0, 0, 0, 0, 90.0359954, 311.1066284, 88.4955673, 92.5684432, 2058.4779052, 156, 4.9897989, 
0:0:0, 0, 0, 0, 0, 0, 0, 91.0439987, 271.9978484, 86.893547, 92.9681167, 2111.1383132, 156, 4.9897989, 
0:0:0, 0, 0, 0, 0, 0, 0, 91.6919936, 297.9617156, 88.9218139, 93.4142303, 2164.0748367, 156, 4.9897989, 
0:0:0, 0, 0, 0, 0, 0, 0, 92.6279983, 262.9019927, 84.5070343, 93.793518, 2218.0684967, 157, 4.9897989, 
0:0:0, 0, 0, 0, 0, 0, 0, 93.5999984, 285.6131438, 87.9765319, 94.349327, 2272.3714751, 157, 4.9897989, 
0:0:0, 0, 0, 0, 0, 0, 0, 94.4999923, 265.4355621, 83.5654525, 94.7234344, 2309.5550842, 158, 4.9897989, 
0:0:0, 0, 0, 0, 0, 0, 0, 95.3999938, 267.6884917, 82.2481079, 95.3135604, 2366.8312072, 158, 5.037321, 
0:0:0, 0, 0, 0, 0, 0, 0, 96.5879974, 268.714859, 83.3333282, 95.8918456, 2424.8006896, 159, 4.9897989, 
0:0:0, 0, 0, 0, 0, 0, 0, 97.3799972, 273.4011688, 86.1140975, 96.468048, 2480.988922, 158, 4.9897989, 
0:0:0, 0, 0, 0, 0, 0, 0, 97.9199981, 269.7782745, 84.3881835, 97.0186004, 2537.7069397, 158, 4.9897989, 
0:0:0, 0, 0, 0, 0, 0, 0, 98.7119979, 267.5958099, 85.5309982, 97.5756912, 2594.3475646, 158, 4.9897989, 
0:0:0, 0, 0, 0, 0, 0, 0, 99.2159957, 278.2733611, 86.0214996, 98.1277465, 2651.6056518, 158, 4.9897989, 
0:0:0, 0, 0, 0, 0, 0, 0, 99.9719924, 287.5965423, 87.3998489, 98.6594314, 2708.4860229, 157, 4.9897989, 
0:0:0, 0, 0, 0, 0, 0, 0, 100.6920013, 271.9918365, 84.5665893, 99.0435943, 2766.4227905, 157, 4.9897989, 
0:0:0, 0, 0, 0, 0, 0, 0, 101.3759994, 269.410202, 86.0214996, 99.3112487, 2804.965515, 157, 4.9897989, 
0:0:0, 0, 0, 0, 0, 0, 0, 102.0600051, 278.3798064, 85.4092483, 99.7004547, 2864.5116577, 157, 4.9897989, 
0:0:0, 0, 0, 0, 0, 0, 0, 102.7440033, 285.8392486, 84.8056487, 100.1127243, 2924.0014038, 156, 4.9897989, 
0:0:0, 0, 0, 0, 0, 0, 0, 103.1760024, 266.9736175, 82.3610076, 100.6052856, 2984.2152709, 156, 4.9897989, 
0:0:0, 0, 0, 0, 0, 0, 0, 103.8240051, 262.9674529, 82.7586135, 100.9356231, 3024.9575194, 155, 5.037321, 
0:0:0, 0, 0, 0, 0, 0, 0, 104.4720001, 276.534378, 83.7988739, 101.4612579, 3085.621582, 155, 4.9897989, 
0:0:0, 0, 0, 0, 0, 0, 0, 105.0839996, 316.0898132, 89.153038, 102.0294799, 3144.2653884, 156, 4.9897989, 
0:0:0, 0, 0, 0, 0, 0, 0, 105.6240005, 318.0382995, 92.378746, 102.5550765, 3200.6203765, 156, 4.9897989, 
0:0:0, 0, 0, 0, 0, 0, 0, 106.1640014, 312.1708373, 90.771553, 103.1169738, 3257.5705718, 156, 4.9897989, 
0:0:0, 0, 0, 0, 0, 0, 0, 106.7040023, 310.7414245, 91.6030502, 103.6882323, 3314.6679992, 155, 4.9897989, 
0:0:0, 0, 0, 0, 0, 0, 0, 107.2080001, 274.7307891, 88.6262893, 104.2430877, 3371.5368957, 156, 5.037321, 
0:0:0, 0, 0, 0, 0, 0, 0, 107.7480011, 313.8457641, 91.3241958, 104.819374, 3429.7241516, 156, 4.9897989, 
0:0:0, 0, 0, 0, 0, 0, 0, 108.2160034, 306.9741515, 93.167694, 105.3774795, 3486.8545226, 156, 4.9897989, 
0:0:0, 0, 0, 0, 0, 0, 0, 108.7200012, 295.116867, 93.4215621, 106.0999526, 3562.3171691, 157, 4.9897989, 
0:0:0, 0, 0, 0, 0, 0, 0, 109.3320007, 325.5233459, 94.6745528, 106.4790344, 3599.7400207, 158, 5.037321, 
0:0:0, 0, 0, 0, 0, 0, 0, 109.7639999, 324.1815795, 94.8991622, 107.0158004, 3656.0457153, 158, 4.9897989, 
0:0:0, 0, 0, 0, 0, 0, 0, 110.2680053, 153.3657302, 77.9220733, 107.3792953, 3718.4441528, 158, 4.9897989, 
0:0:0, 0, 0, 0, 0, 0, 0, 110.6640014, 258.4208526, 72.4200286, 107.6841201, 3769.9177856, 160, 4.9897989, 
0:0:0, 0, 0, 0, 0, 0, 0, 111.1679992, 291.3093719, 88.8230895, 108.4110259, 3855.7070922, 159, 5.037321, 
0:0:0, 0, 0, 0, 0, 0, 0, 111.6360015, 272.5446014, 83.1024856, 108.8769225, 3918.555725, 160, 4.9897989, 
0:0:0, 0, 0, 0, 0, 0, 0, 111.9240035, 294.1929168, 87.336235, 109.3864822, 3982.2756957, 160, 4.9897989, 
0:0:0, 0, 0, 0, 0, 0, 0, 112.5360031, 290.6216277, 82.5877456, 109.855606, 4048.1784667, 160, 5.037321, 
0:0:0, 0, 0, 0, 0, 0, 0, 112.8600005, 290.0719146, 85.5920028, 110.177391, 4091.4360351, 159, 4.9897989, 
0:0:0, 0, 0, 0, 0, 0, 0, 113.2919998, 287.3814544, 87.5912322, 110.698883, 4155.4065017, 160, 4.9897989, 
0:0:0, 0, 0, 0, 0, 0, 0, 113.7600021, 262.9019927, 84.5070343, 111.0296325, 4198.6740798, 160, 4.9897989, 
0:0:0, 0, 0, 0, 0, 0, 0, 114.0480041, 289.555191, 79.9200744, 111.7593231, 4290.0080718, 160, 4.9897989, 
0:0:0, 0, 0, 0, 0, 0, 0, 114.5160064, 318.5970458, 86.6425933, 112.1287536, 4333.6159972, 160, 4.9897989, 
0:0:0, 0, 0, 0, 0, 0, 0, 114.9120025, 247.1785735, 88.6262893, 112.6193389, 4396.0075988, 160, 4.9897989, 
0:0:0, 0, 0, 0, 0, 0, 0, 115.3440017, 278.3193206, 84.925682, 113.1347274, 4463.1682434, 160, 5.037321, 
0:0:0, 0, 0, 0, 0, 0, 0, 115.7760009, 278.9506072, 82.5877456, 113.4682311, 4531.3381652, 160, 4.9897989, 
0:0:0, 0, 0, 0, 0, 0, 0, 116.1720046, 273.7596588, 86.0832061, 113.8047561, 4598.0852355, 160, 5.037321, 
0:0:0, 0, 0, 0, 0, 0, 0, 116.6040038, 245.3719024, 87.5912322, 114.1282119, 4662.9270629, 160, 4.9897989, 
0:0:0, 0, 0, 0, 0, 0, 0, 117, 267.5535736, 86.2068939, 114.3222427, 4707.0940551, 160, 4.9897989, 
0:0:0, 0, 0, 0, 0, 0, 0, 117.3960037, 277.4459381, 82.9301986, 114.6264648, 4776.1116332, 160, 4.9897989, 
0:0:0, 0, 0, 0, 0, 0, 0, 117.6480025, 298.7285614, 86.988037, 115.0657196, 4865.7634887, 161, 4.9897989, 
0:0:0, 0, 0, 0, 0, 0, 0, 118.0440063, 292.5918121, 89.1861724, 115.3758849, 4930.3816528, 161, 4.9897989, 
0:0:0, 0, 0, 0, 0, 0, 0, 118.4039993, 268.3595733, 88.8230895, 115.5800781, 4973.4163207, 161, 4.9897989, 
0:0:0, 0, 0, 0, 0, 0, 0, 118.800003, 279.3921356, 88.1704559, 115.8734664, 5039.6694335, 160, 4.9897989, 
0:0:0, 0, 0, 0, 0, 0, 0, 119.1600036, 298.1400909, 89.4187698, 116.1824035, 5105.3530349, 161, 5.037321, 
0:0:0, 0, 0, 0, 0, 0, 0, 119.4840011, 295.4987029, 89.955017, 116.4827117, 5170.2876052, 161, 4.9897989, 
0:0:0, 0, 0, 0, 0, 0, 0, 119.8440017, 317.7053833, 91.8836059, 116.79113, 5235.3232574, 161, 4.9897989, 
0:0:0, 0, 0, 0, 0, 0, 0, 120.1679992, 314.0646362, 92.7356948, 117.1096191, 5297.9741363, 161, 4.9897989, 
0:0:0, 0, 0, 0, 0, 0, 0, 120.4920043, 266.4141998, 93.0232467, 117.4006881, 5360.4194641, 161, 5.037321, 
0:0:0, 0, 0, 0, 0, 0, 0, 120.8160018, 310.0732726, 85.7142791, 117.6908797, 5428.9326476, 161, 4.9897989, 
0:0:0, 0, 0, 0, 0, 0, 0, 121.1760024, 321.2716369, 94.711914, 118.0269393, 5492.9531554, 161, 4.9897989, 
0:0:0, 0, 0, 0, 0, 0, 0, 121.5719985, 297.1865692, 94.3767165, 118.3128127, 5555.1924133, 161, 4.9897989, 
0:0:0, 0, 0, 0, 0, 0, 0, 121.8600005, 306.4009704, 91.9892653, 118.5960693, 5619.7319946, 162, 5.037321, 
0:0:0, 0, 0, 0, 0, 0, 0, 122.1480026, 299.6314239, 90.6344375, 118.8610915, 5685.0972289, 162, 4.9897989, 
0:0:0, 0, 0, 0, 0, 0, 0, 122.4720001, 295.0879363, 90.909088, 119.126892, 5750.809143, 163, 4.9897989, 
0:0:0, 0, 0, 0, 0, 0, 0, 122.7600021, 301.4112243, 92.2367324, 119.4597778, 5816.6987914, 163, 5.037321, 
0:0:0, 0, 0, 0, 0, 0, 0, 122.9400024, 265.1868133, 89.4854507, 119.7522735, 5882.2368774, 164, 5.037321, 
0:0:0, 0, 0, 0, 0, 0, 0, 123.2280044, 265.3875884, 86.5800781, 120.0387115, 5950.8799438, 164, 4.9897989, 
0:0:0, 0, 0, 0, 0, 0, 0, 123.588005, 266.4344329, 87.1459655, 120.3380737, 6021.0283203, 165, 5.037321, 
0:0:0, 0, 0, 0, 0, 0, 0, 123.8759994, 293.2230071, 84.8056487, 120.6192168, 6090.8046874, 166, 5.037321, 
0:0:0, 0, 0, 0, 0, 0, 0, 124.1280059, 273.5816192, 87.1459655, 120.871643, 6159.4892654, 166, 4.9897989, 
0:0:0, 0, 0, 0, 0, 0, 0, 124.4160003, 265.0007781, 85.5920028, 120.9958571, 6229.9673003, 166, 4.9897989, 
0:0:0, 0, 0, 0, 0, 0, 0, 124.5600051, 260.4691009, 87.5912322, 121.1324005, 6299.3457183, 166, 4.9897989, 
0:0:0, 0, 0, 0, 0, 0, 0, 124.812004, 275.1877899, 85.9598769, 121.2662734, 6369.6577453, 167, 4.9897989, 
0:0:0, 0, 0, 0, 0, 0, 0, 125.0640029, 262.2034759, 86.9565124, 121.3899383, 6439.9609679, 167, 4.9897989, 
0:0:0, 0, 0, 0, 0, 0, 0, 125.2799987, 252.81958, 84.3288802, 121.4494552, 6487.9555968, 167, 4.9897989, 
0:0:0, 0, 0, 0, 0, 0, 0, 125.5320053, 312.322235, 86.3309326, 121.6128768, 6559.7397766, 168, 4.9897989, 
0:0:0, 0, 0, 0, 0, 0, 0, 125.7480011, 273.2897491, 86.893547, 121.7316207, 6629.6987914, 168, 4.9897989, 
0:0:0, 0, 0, 0, 0, 0, 0, 125.9640044, 303.7116088, 90.771553, 121.9079131, 6699.4043579, 168, 4.9897989, 
0:0:0, 0, 0, 0, 0, 0, 0, 126.1440048, 290.864212, 87.3998489, 122.0536193, 6768.5078735, 168, 4.9897989, 
0:0:0, 0, 0, 0, 0, 0, 0, 126.3600005, 287.4534149, 89.7531738, 122.2216033, 6837.6358031, 168, 4.9897989, 
0:0:0, 0, 0, 0, 0, 0, 0, 126.4680023, 248.8748473, 85.1667785, 122.2926406, 6884.2998657, 167, 4.9897989, 
0:0:0, 0, 0, 0, 0, 0, 0, 126.6840057, 307.7273864, 90.2255554, 122.5090026, 6981.731018, 168, 5.037321, 
0:0:0, 0, 0, 0, 0, 0, 0, 126.8639983, 230.5280914, 85.5920028, 122.5561904, 7050.4682617, 167, 4.9897989, 
0:0:0, 0, 0, 0, 0, 0, 0, 127.0439987, 278.8496856, 81.4111175, 122.5269393, 7100.7255935, 167, 4.9897989, 
0:0:0, 0, 0, 0, 0, 0, 0, 127.2600021, 219.2291259, 83.1600799, 122.4768676, 7174.5932693, 167, 4.9897989, 
0:0:0, 0, 0, 0, 0, 0, 0, 127.4400024, 313.9990844, 87.5273437, 122.5171585, 7246.5913238, 167, 4.9897989, 
0:0:0, 0, 0, 0, 0, 0, 0, 127.6200027, 309.5354003, 93.2038803, 122.5625076, 7312.6953429, 167, 4.9897989, 
0:0:0, 0, 0, 0, 0, 0, 0, 127.800003, 295.1343231, 92.0245361, 122.5898742, 7378.7344055, 167, 4.9897989, 
0:0:0, 0, 0, 0, 0, 0, 0, 127.9800033, 290.3272857, 89.086853, 122.5965652, 7448.2192687, 167, 4.9897989, 
0:0:0, 0, 0, 0, 0, 0, 0, 128.159996, 291.7481536, 89.61911, 122.7090606, 7517.2534484, 167, 4.9897989, 
0:0:0, 0, 0, 0, 0, 0, 0, 128.3400039, 311.4217529, 89.955017, 122.9035186, 7585.8013, 166, 4.9897989, 
0:0:0, 0, 0, 0, 0, 0, 0, 128.5199966, 278.4890899, 87.3680343, 123.0638961, 7655.2388305, 166, 4.9897989, 
0:0:0, 0, 0, 0, 0, 0, 0, 128.664009, 318.6058349, 93.4579391, 123.2767944, 7722.777893, 167, 4.9897989, 
0:0:0, 0, 0, 0, 0, 0, 0, 128.8799972, 259.3326263, 92.5211944, 123.50177, 7809.7280883, 167, 4.9897989, 
0:0:0, 0, 0, 0, 0, 0, 0, 129.0600051, 278.6003875, 92.1658935, 123.6625518, 7876.5537719, 167, 4.9897989, 
0:0:0, 0, 0, 0, 0, 0, 0, 129.383995, 323.1490478, 92.378746, 123.8448333, 7944.2901, 167, 4.9897989, 
0:0:0, 0, 0, 0, 0, 0, 0, 129.6360091, 289.2384796, 92.0951614, 124.0009307, 8010.8666992, 168, 4.9897989, 
0:0:0, 0, 0, 0, 0, 0, 0, 129.888008, 305.3757934, 88.9547729, 123.9372939, 8080.9350585, 167, 4.9897989, 
0:0:0, 0, 0, 0, 0, 0, 0, 130.1760024, 201.2651214, 79.5228576, 123.6068954, 8130.4624099, 168, 4.9897989, 
0:0:0, 0, 0, 0, 0, 0, 0, 130.4639968, 172.2390823, 64.2742309, 122.9033126, 8222.2700347, 167, 4.9897989, 
0:0:0, 0, 0, 0, 0, 0, 0, 130.7520065, 179.1727065, 62.1439628, 122.4129562, 8287.8071441, 167, 4.9897989, 
0:0:0, 0, 0, 0, 0, 0, 0, 131.1120071, 167.1369247, 61.9195022, 121.919464, 8353.2524719, 166, 4.9897989, 
0:0:0, 0, 0, 0, 0, 0, 0, 131.4720077, 158.7054367, 58.6797027, 121.3783569, 8421.6460265, 165, 4.9897989, 
0:0:0, 0, 0, 0, 0, 0, 0, 131.8680038, 118.5568695, 59.0260658, 121.0666503, 8455.8745422, 164, 4.9897989, 
0:0:0, 0, 0, 0, 0, 0, 0, 131.8680038, 118.5568695, 59.0260658, 121.0666503, 8455.8745422, 163, 4.9897989, 
0:0:0, 0, 0, 0, 0, 0, 0, 131.8680038, 0, 0, 118.9778975, 8619.4712524, 163, 4.9897989, 
0:0:0, 0, 0, 0, 0, 0, 0, 133.3440017, 0, 0, 118.1730728, 8683.9956664, 162, 4.9897989, 
0:0:0, 0, 0, 0, 0, 0, 0, 133.883995, 0, 0, 117.3774413, 8747.9536742, 162, 4.9897989, 
0:0:0, 0, 0, 0, 0, 0, 0, 134.459999, 0, 0, 116.5880203, 8811.5786743, 161, 4.9897989, 
0:0:0, 0, 0, 0, 0, 0, 0, 135.2159957, 0, 0, 115.8035278, 8874.9702758, 161, 4.9897989, 
0:0:0, 0, 0, 0, 0, 0, 0, 135.7919998, 0, 0, 115.1202087, 8930.2632446, 160, 4.9897989, 
0:0:0, 0, 0, 0, 0, 0, 0, 136.512001, 0, 0, 114.3411025, 8993.4917602, 160, 4.9897989, 
0:0:0, 0, 0, 0, 0, 0, 0, 137.2679977, 0, 0, 113.312828, 9077.1855468, 160, 4.9897989, 
0:0:0, 0, 0, 0, 0, 0, 0, 138.0600051, 0, 0, 112.5609436, 9138.5791091, 158, 4.9897989, 
0:0:0, 0, 0, 0, 0, 0, 0, 138.9240035, 0, 0, 111.8154983, 9199.5976638, 156, 5.037321, 
0:0:0, 0, 0, 0, 0, 0, 0, 139.8239974, 0, 0, 111.0768051, 9260.2119293, 155, 4.9897989, 
0:0:0, 0, 0, 0, 0, 0, 0, 140.7959976, 0, 0, 110.3447646, 9320.4267883, 155, 4.9897989, 
0:0:0, 0, 0, 0, 0, 0, 0, 141.8040084, 0, 0, 109.6196288, 9380.2138977, 155, 4.9897989, 
0:0:0, 0, 0, 0, 0, 0, 0, 142.883995, 0, 0, 108.896553, 9439.9717101, 154, 4.9897989, 
0:0:0, 0, 0, 0, 0, 0, 0, 144.0360031, 0, 0, 108.3640441, 9484.0273742, 151, 4.9897989, 
0:0:0, 0, 0, 0, 0, 0, 0, 145.4039993, 0, 0, 107.5499191, 9551.5303039, 150, 4.9897989, 
0:0:0, 0, 0, 0, 0, 0, 0, 146.7000045, 0, 0, 106.8396148, 9610.6065063, 148, 4.9897989, 
0:0:0, 0, 0, 0, 0, 0, 0, 148.0680007, 0, 0, 106.1352691, 9669.3223266, 145, 4.9897989, 
0:0:0, 0, 0, 0, 0, 0, 0, 148.7520065, 0, 0, 105.7856216, 9698.5205688, 144, 4.9897989, 
0:0:0, 0, 0, 0, 0, 0, 0, 148.7520065, 0, 0, 105.7856216, 9698.5205688, 143, 4.9897989, 
0:0:0, 0, 0, 0, 0, 0, 0, 150.9119948, 59.4580955, 20.7756214, 104.9637145, 9783.0547485, 141, 4.9897989, 
0:0:0, 0, 0, 0, 0, 0, 0, 153.5040054, 117.3028869, 41.3650436, 104.2387466, 9875.9951781, 137, 4.9897989, 
0:0:0, 0, 0, 0, 0, 0, 0, 154.6200027, 130.1062393, 46.2249603, 103.9862289, 9913.5332641, 134, 4.9897989, 
0:0:0, 0, 0, 0, 0, 0, 0, 156.9240035, 134.9569778, 47.244091, 103.4919357, 9987.156311, 132, 4.9897989, 
0:0:0, 0, 0, 0, 0, 0, 0, 159.1919937, 147.6178512, 52.516407, 103.0774536, 10054.9335937, 131, 4.9897989, 
0:0:0, 0, 0, 0, 0, 0, 0, 161.459999, 148.763237, 54.0297126, 102.7076645, 10118.8837966, 129, 4.9897989, 
0:0:0, 0, 0, 0, 0, 0, 0, 162.5759963, 153.907875, 52.8168983, 102.3588943, 10181.670906, 127, 4.9897989, 
0:0:0, 0, 0, 0, 0, 0, 0, 165.1680068, 141.0378036, 50.0416984, 102.1542205, 10215.7275543, 127, 4.9897989, 
0:0:0, 0, 0, 0, 0, 0, 0, 167.6160049, 161.4025649, 57.3065872, 101.8392257, 10276.145523, 126, 5.037321, 
0:0:0, 0, 0, 0, 0, 0, 0, 170.1359939, 164.1927413, 58.4510421, 101.5459136, 10334.7588195, 125, 4.9897989, 
0:0:0, 0, 0, 0, 0, 0, 0, 172.6559982, 173.2492141, 61.506916, 101.2942886, 10390.5117492, 124, 4.9897989, 
0:0:0, 0, 0, 0, 0, 0, 0, 175.3559951, 171.397026, 59.6125144, 101.0238571, 10447.0888976, 124, 4.9897989, 
0:0:0, 0, 0, 0, 0, 0, 0, 176.7600021, 137.5225143, 56.3380241, 100.7112503, 10505.2754211, 124, 5.037321, 
0:0:0, 0, 0, 0, 0, 0, 0, 181.6200027, 163.8962325, 54.3970947, 100.3685302, 10569.8945617, 124, 4.9897989, 
0:0:0, 0, 0, 0, 0, 0, 0, 184.607994, 179.5841445, 62.959072, 100.1499252, 10624.2578735, 124, 4.9897989, 
0:0:0, 0, 0, 0, 0, 0, 0, 187.7759933, 172.1030807, 59.0841903, 99.9002914, 10679.2002563, 125, 5.037321, 
0:0:0, 0, 0, 0, 0, 0, 0, 191.4119949, 161.7238082, 55.7620773, 99.5972824, 10739.156311, 125, 4.9897989, 
0:0:0, 0, 0, 0, 0, 0, 0, 195.0479965, 171.0327072, 57.7478294, 99.326416, 10797.2412719, 124, 5.037321, 
0:0:0, 0, 0, 0, 0, 0, 0, 198.8279952, 152.0569839, 56.6304816, 99.0507049, 10854.0420532, 124, 4.9897989, 
0:0:0, 0, 0, 0, 0, 0, 0, 199.9800033, 169.1374587, 57.6923026, 98.78125, 10912.2901, 123, 5.037321, 
0:0:0, 0, 0, 0, 0, 0, 0, 199.9800033, 145.7890548, 56.0747642, 98.6276397, 10941.6270141, 123, 5.037321, 
0:0:0, 0, 0, 0, 0, 0, 0, 199.9800033, 168.8326797, 61.6016387, 98.2805557, 11025.9806518, 123, 4.9897989, 
0:0:0, 0, 0, 0, 0, 0, 0, 199.9800033, 169.1137008, 60.8827972, 98.0580825, 11080.1232299, 123, 4.9897989, 
0:0:0, 0, 0, 0, 0, 0, 0, 199.9800033, 164.2097244, 59.7014885, 97.8200454, 11135.091011, 122, 4.9897989, 
0:0:0, 0, 0, 0, 0, 0, 0, 199.9800033, 162.9876174, 60.7902679, 97.6028899, 11189.0246047, 122, 4.9897989, 
0:0:0, 0, 0, 0, 0, 0, 0, 199.9800033, 172.2216262, 61.2244872, 97.5010681, 11215.5802764, 122, 4.9897989, 
0:0:0, 0, 0, 0, 0, 0, 0, 199.9800033, 176.3250961, 63.8637542, 97.3163986, 11266.9367217, 122, 4.9897989, 
0:0:0, 0, 0, 0, 0, 0, 0, 199.9800033, 183.9663314, 68.454071, 97.0894775, 11340.6320495, 122, 4.9897989, 
0:0:0, 0, 0, 0, 0, 0, 0, 199.9800033, 185.1131057, 63.8297843, 96.9095534, 11391.5812683, 122, 4.9897989, 
0:0:0, 0, 0, 0, 0, 0, 0, 199.9800033, 170.1618728, 62.6304778, 96.7182312, 11442.6779479, 123, 4.9897989, 
0:0:0, 0, 0, 0, 0, 0, 0, 199.9800033, 176.6566848, 63.2244415, 96.5489349, 11493.6935729, 123, 4.9897989, 
0:0:0, 0, 0, 0, 0, 0, 0, 199.9800033, 186.2907333, 65.6096191, 96.3984451, 11543.6183776, 124, 5.037321, 
0:0:0, 0, 0, 0, 0, 0, 0, 199.9800033, 176.5491714, 65.6814422, 96.1493301, 11617.8674316, 124, 4.9897989, 
0:0:0, 0, 0, 0, 0, 0, 0, 199.9800033, 182.3925247, 65.5379562, 95.9992446, 11667.0656738, 125, 4.9897989, 
0:0:0, 0, 0, 0, 0, 0, 0, 199.9800033, 188.6396865, 65.5379562, 95.8537826, 11716.0002441, 124, 4.9897989, 
0:0:0, 0, 0, 0, 0, 0, 0, 199.9800033, 184.5197067, 65.7534179, 95.7112884, 11764.2893066, 125, 4.9897989, 
0:0:0, 0, 0, 0, 0, 0, 0, 199.9800033, 183.2027511, 65.502182, 95.5678558, 11812.7072754, 125, 5.037321, 
0:0:0, 0, 0, 0, 0, 0, 0, 199.9800033, 173.9655685, 65.6814422, 95.3506316, 11885.5881347, 125, 4.9897989, 
0:0:0, 0, 0, 0, 0, 0, 0, 199.9800033, 163.5820236, 62.3052902, 95.1765594, 11935.3918456, 125, 4.9897989, 
0:0:0, 0, 0, 0, 0, 0, 0, 199.9800033, 143.9982528, 59.7312049, 95.051979, 11961.9309081, 125, 4.9897989, 
0:0:0, 0, 0, 0, 0, 0, 0, 199.9800033, 143.9982528, 59.7312049, 95.051979, 11961.9309081, 125, 4.9897989, 
0:0:0, 0, 0, 0, 0, 0, 0, 199.9800033, 0, 0, 93.5431137, 12090.4642333, 126, 4.9897989, 
0:0:0, 0, 0, 0, 0, 0, 0, 199.9800033, 0, 0, 92.9576491, 12141.3118972, 126, 4.9897989, 
0:0:0, 0, 0, 0, 0, 0, 0, 199.9800033, 0, 0, 92.9576491, 12141.3118972, 126, 4.9897989, 
0:0:0, 0, 0, 0, 0, 0, 0, 199.9800033, 122.7358017, 44.0852279, 92.4657363, 12224.7298736, 126, 4.9897989, 
0:0:0, 0, 0, 0, 0, 0, 0, 199.9800033, 111.7558288, 43.0107498, 92.2570876, 12260.5199127, 126, 4.9897989, 
0:0:0, 0, 0, 0, 0, 0, 0, 199.9800033, 140.2812728, 50.9121741, 91.9751357, 12324.0394592, 125, 5.037321, 
0:0:0, 0, 0, 0, 0, 0, 0, 199.9800033, 148.7491378, 53.0035285, 91.7399063, 12382.6732482, 125, 4.9897989, 
0:0:0, 0, 0, 0, 0, 0, 0, 199.9800033, 153.9808578, 55.5298423, 91.6425475, 12410.193756, 123, 4.9897989, 
0:0:0, 0, 0, 0, 0, 0, 0, 199.9800033, 148.8531417, 55.9179839, 91.4449462, 12464.497467, 122, 4.9897989, 
0:0:0, 0, 0, 0, 0, 0, 0, 199.9800033, 152.0307083, 56.5237846, 91.1572265, 12546.2884826, 122, 4.9897989, 
0:0:0, 0, 0, 0, 0, 0, 0, 199.9800033, 163.4422073, 57.6923026, 90.9956664, 12599.5169982, 121, 4.9897989, 
0:0:0, 0, 0, 0, 0, 0, 0, 199.9800033, 158.8047714, 56.6839828, 90.8288726, 12652.53656, 121, 4.9897989, 
0:0:0, 0, 0, 0, 0, 0, 0, 199.9800033, 159.4521407, 58.4795265, 90.6701812, 12704.5795287, 120, 4.9897989, 
0:0:0, 0, 0, 0, 0, 0, 0, 199.9800033, 160.8793563, 57.6923026, 90.592926, 12730.762146, 120, 4.9897989, 
0:0:0, 0, 0, 0, 0, 0, 0, 199.9800033, 174.1168746, 63.2911338, 90.4333267, 12804.2533569, 120, 4.9897989, 
0:0:0, 0, 0, 0, 0, 0, 0, 199.9800033, 153.7660446, 60.2107353, 90.3513793, 12829.2748412, 120, 4.9897989, 
0:0:0, 0, 0, 0, 0, 0, 0, 199.9800033, 169.7610702, 61.9195022, 90.2416076, 12878.4496459, 120, 4.9897989, 
0:0:0, 0, 0, 0, 0, 0, 0, 199.9800033, 157.9563064, 61.5384559, 90.1166458, 12926.9369506, 120, 4.9897989, 
0:0:0, 0, 0, 0, 0, 0, 0, 199.9800033, 176.404335, 62.532566, 90.0203323, 12975.4857787, 120, 4.9897989, 
0:0:0, 0, 0, 0, 0, 0, 0, 199.9800033, 175.0837631, 60.0901298, 89.9007873, 13024.7124023, 121, 4.9897989, 
0:0:0, 0, 0, 0, 0, 0, 0, 199.9800033, 175.9369887, 62.4349594, 89.8075256, 13072.746582, 121, 4.9897989, 
0:0:0, 0, 0, 0, 0, 0, 0, 199.9800033, 176.7980117, 65.5737686, 89.70121, 13141.846199, 121, 4.9897989, 
0:0:0, 0, 0, 0, 0, 0, 0, 199.9800033, 175.8611678, 65.502182, 89.6194381, 13187.8969802, 121, 4.9897989, 
0:0:0, 0, 0, 0, 0, 0, 0, 199.9800033, 168.5856094, 64.0341491, 89.5342636, 13234.1059722, 121, 4.9897989, 
0:0:0, 0, 0, 0, 0, 0, 0, 199.9800033, 174.3970565, 62.532566, 89.4388961, 13281.7944488, 121, 4.9897989, 
0:0:0, 0, 0, 0, 0, 0, 0, 199.9800033, 182.9887313, 64.3776778, 89.3615722, 13329.1128234, 122, 4.9897989, 
0:0:0, 0, 0, 0, 0, 0, 0, 199.9800033, 153.6366348, 67.9117126, 89.2131881, 13394.2407531, 122, 4.9897989, 
0:0:0, 0, 0, 0, 0, 0, 0, 199.9800033, 186.0275955, 63.525669, 89.1357192, 13442.5542297, 122, 4.9897989, 
0:0:0, 0, 0, 0, 0, 0, 0, 199.9800033, 177.2800064, 65.0406494, 89.0630569, 13488.2925109, 122, 4.9897989, 
0:0:0, 0, 0, 0, 0, 0, 0, 199.9800033, 179.9070663, 64.8298187, 88.9972838, 13534.254425, 122, 5.037321, 
0:0:0, 0, 0, 0, 0, 0, 0, 199.9800033, 177.5631027, 65.07592, 88.9249038, 13579.9087218, 123, 4.9897989, 
0:0:0, 0, 0, 0, 0, 0, 0, 199.9800033, 189.7421035, 65.5379562, 88.8659972, 13625.5767211, 124, 4.9897989, 
0:0:0, 0, 0, 0, 0, 0, 0, 199.9800033, 187.5279159, 67.5675659, 88.8014297, 13691.6480102, 124, 4.9897989, 
0:0:0, 0, 0, 0, 0, 0, 0, 199.9800033, 178.7093277, 63.3914375, 88.7254562, 13737.3599242, 124, 4.9897989, 
0:0:0, 0, 0, 0, 0, 0, 0, 199.9800033, 172.5376968, 59.9700126, 88.6357192, 13785.3579711, 124, 4.9897989, 
0:0:0, 0, 0, 0, 0, 0, 0, 199.9800033, 169.3649368, 60.9137, 88.5383377, 13834.0933227, 124, 4.9897989, 
0:0:0, 0, 0, 0, 0, 0, 0, 199.9800033, 194.4606552, 64.5161285, 88.4724044, 13881.9556274, 124, 4.9897989, 
0:0:0, 0, 0, 0, 0, 0, 0, 199.9800033, 174.0450973, 64.4122314, 88.3980712, 13927.3648071, 124, 4.9897989, 
0:0:0, 0, 0, 0, 0, 0, 0, 199.9800033, 189.6390151, 67.4915618, 88.3339004, 13995.1333618, 125, 4.9897989, 
0:0:0, 0, 0, 0, 0, 0, 0, 199.9800033, 191.7363357, 65.2528533, 88.2755126, 14040.6804198, 126, 4.9897989, 
0:0:0, 0, 0, 0, 0, 0, 0, 199.9800033, 175.61454, 66.0792922, 88.2220992, 14084.7331543, 126, 4.9897989, 
0:0:0, 0, 0, 0, 0, 0, 0, 199.9800033, 193.1862564, 68.6498794, 88.2041931, 14127.9343337, 126, 4.9897989, 
0:0:0, 0, 0, 0, 0, 0, 0, 199.9800033, 199.5583877, 70.1754302, 88.191658, 14170.1462478, 126, 4.9897989, 
0:0:0, 0, 0, 0, 0, 0, 0, 199.9800033, 177.6047286, 67.1516494, 88.1315689, 14233.8610992, 126, 5.037321, 
0:0:0, 0, 0, 0, 0, 0, 0, 199.9800033, 192.0532913, 67.4536208, 88.097618, 14277.6491851, 127, 4.9897989, 
0:0:0, 0, 0, 0, 0, 0, 0, 199.9800033, 181.2451553, 65.8978576, 88.0411224, 14321.68338, 127, 4.9897989, 
0:0:0, 0, 0, 0, 0, 0, 0, 199.9800033, 154.8971328, 62.0796661, 87.9336318, 14368.1726379, 127, 4.9897989, 
0:0:0, 0, 0, 0, 0, 0, 0, 199.9800033, 174.6442641, 65.8616866, 87.7548141, 14437.7029113, 126, 4.9897989, 
0:0:0, 0, 0, 0, 0, 0, 0, 199.9800033, 211.2129211, 79.2079162, 87.7717437, 14476.3669738, 126, 5.037321, 
0:0:0, 0, 0, 0, 0, 0, 0, 199.9800033, 202.7513732, 79.575592, 87.7737121, 14530.93338, 126, 5.037321, 
0:0:0, 0, 0, 0, 0, 0, 0, 199.9800033, 125.1608428, 55.6328201, 87.5758819, 14577.2790832, 126, 4.9897989, 
0:0:0, 0, 0, 0, 0, 0, 0, 199.9800033, 128.1783828, 54.7445221, 87.4669494, 14603.9246215, 127, 4.9897989, 
0:0:0, 0, 0, 0, 0, 0, 0, 199.9800033, 147.5894241, 60.0901298, 87.3096771, 14654.111145, 127, 4.9897989, 
0:0:0, 0, 0, 0, 0, 0, 0, 199.9800033, 183.5810775, 67.7583236, 87.2304, 14699.1599731, 127, 5.037321, 
0:0:0, 0, 0, 0, 0, 0, 0, 199.9800033, 197.8011855, 77.2200698, 87.2752075, 14754.1345825, 128, 4.9897989, 
0:0:0, 0, 0, 0, 0, 0, 0, 199.9800033, 224.6153259, 89.2857055, 87.3750304, 14805.0964965, 128, 4.9897989, 
0:0:0, 0, 0, 0, 0, 0, 0, 199.9800033, 194.4723892, 79.0513763, 87.3657607, 14876.5564575, 129, 4.9897989, 
0:0:0, 0, 0, 0, 0, 0, 0, 199.9800033, 157.2634353, 67.7583236, 87.2711715, 14918.1306762, 130, 4.9897989, 
0:0:0, 0, 0, 0, 0, 0, 0, 199.9800033, 183.9738997, 67.7583236, 87.2036895, 14962.15802, 131, 4.9897989, 
0:0:0, 0, 0, 0, 0, 0, 0, 199.9800033, 232.6766662, 83.7988739, 87.2711105, 15017.1728515, 131, 4.9897989, 
0:0:0, 0, 0, 0, 0, 0, 0, 199.9800033, 223.3675231, 87.9765319, 87.3375625, 15050.2539062, 132, 4.9897989, 
0:0:0, 0, 0, 0, 0, 0, 0, 199.9800033, 214.180603, 79.7872314, 87.3448867, 15103.7128982, 132, 4.9897989, 
0:0:0, 0, 0, 0, 0, 0, 0, 199.9800033, 205.1310424, 77.5694808, 87.3459625, 15159.7695388, 133, 4.9897989, 
0:0:0, 0, 0, 0, 0, 0, 0, 199.9800033, 217.2883911, 82.9875487, 87.386238, 15195.5293045, 133, 4.9897989, 
0:0:0, 0, 0, 0, 0, 0, 0, 199.9800033, 187.912651, 83.3333282, 87.4144592, 15247.7324371, 134, 4.9897989, 
0:0:0, 0, 0, 0, 0, 0, 0, 199.9800033, 212.1662445, 80.8625259, 87.4344253, 15302.8193664, 134, 4.9897989, 
0:0:0, 0, 0, 0, 0, 0, 0, 199.9800033, 191.374443, 79.575592, 87.4219207, 15339.0898742, 135, 4.9897989, 
0:0:0, 0, 0, 0, 0, 0, 0, 199.9800033, 112.8342361, 59.5829162, 87.2684097, 15383.0381164, 135, 5.037321, 
0:0:0, 0, 0, 0, 0, 0, 0, 199.9800033, 182.4203872, 65.0054092, 87.1716461, 15434.188507, 136, 4.9897989, 
0:0:0, 0, 0, 0, 0, 0, 0, 199.9800033, 175.4527511, 70.052536, 87.1284027, 15494.0762023, 136, 4.9897989, 
0:0:0, 0, 0, 0, 0, 0, 0, 199.9800033, 172.8199691, 66.1521453, 87.0811386, 15536.710968, 135, 4.9897989, 
0:0:0, 0, 0, 0, 0, 0, 0, 199.9800033, 158.7202835, 70.298767, 87.0036392, 15598.1318664, 135, 4.9897989, 
0:0:0, 0, 0, 0, 0, 0, 0, 199.9800033, 200.7773132, 71.0479507, 86.9727248, 15640.3047485, 135, 4.9897989, 
0:0:0, 0, 0, 0, 0, 0, 0, 199.9800033, 166.9916152, 70.5052795, 86.9218368, 15680.5684204, 135, 4.9897989, 
0:0:0, 0, 0, 0, 0, 0, 0, 199.9800033, 170.4872512, 72.1153793, 86.8227157, 15744.2891235, 135, 4.9897989, 
0:0:0, 0, 0, 0, 0, 0, 0, 199.9800033, 188.9991988, 80.7536926, 86.8437805, 15781.2578735, 134, 4.9897989, 
0:0:0, 0, 0, 0, 0, 0, 0, 199.9800033, 197.0597763, 78.6885223, 86.847702, 15836.7783813, 134, 4.9897989, 
0:0:0, 0, 0, 0, 0, 0, 0, 199.9800033, 184.987831, 75.1408843, 86.8297118, 15893.9502563, 135, 4.9897989, 
0:0:0, 0, 0, 0, 0, 0, 0, 199.9800033, 179.8843459, 74.0740661, 86.8107299, 15913.484436, 134, 4.9897989, 
0:0:0, 0, 0, 0, 0, 0, 0, 199.9800033, 242.6245727, 82.9875487, 86.8556823, 15969.1797485, 135, 4.9897989, 
0:0:0, 0, 0, 0, 0, 0, 0, 199.9800033, 191.7077865, 80.2138977, 86.8699569, 16021.3261718, 134, 4.9897989, 
0:0:0, 0, 0, 0, 0, 0, 0, 199.9800033, 216.4563903, 77.5694808, 86.8760909, 16077.1249999, 135, 4.9897989, 
0:0:0, 0, 0, 0, 0, 0, 0, 199.9800033, 203.38385, 77.02182, 86.8761596, 16114.4072341, 135, 4.9897989, 
0:0:0, 0, 0, 0, 0, 0, 0, 199.9800033, 199.8022231, 79.260231, 86.8987655, 16168.7744216, 136, 4.9897989, 
0:0:0, 0, 0, 0, 0, 0, 0, 199.9800033, 210.7847595, 79.8403167, 86.9192351, 16223.1748199, 136, 4.9897989, 
0:0:0, 0, 0, 0, 0, 0, 0, 199.9800033, 190.4506301, 79.8934707, 86.9181594, 16259.0420074, 137, 4.9897989, 
0:0:0, 0, 0, 0, 0, 0, 0, 199.9800033, 190.1068496, 77.4193496, 86.8982314, 16314.9170226, 137, 4.9897989, 
0:0:0, 0, 0, 0, 0, 0, 0, 199.9800033, 192.2255325, 77.7705688, 86.8956069, 16352.5732726, 138, 4.9897989, 
0:0:0, 0, 0, 0, 0, 0, 0, 199.9800033, 195.7510757, 79.3650741, 86.8876266, 16408.5928039, 139, 4.9897989, 
0:0:0, 0, 0, 0, 0, 0, 0, 199.9800033, 194.8585128, 80.2675552, 86.8941192, 16464.610382, 139, 4.9897989, 
0:0:0, 0, 0, 0, 0, 0, 0, 199.9800033, 186.0928726, 77.9220733, 86.8801803, 16519.5693664, 140, 4.9897989, 
0:0:0, 0, 0, 0, 0, 0, 0, 199.9800033, 196.5451126, 72.9926986, 86.8615112, 16558.6709289, 140, 5.037321, 
0:0:0, 0, 0, 0, 0, 0, 0, 199.9800033, 193.1909408, 75.9013213, 86.8368606, 16616.5108032, 140, 5.037321, 
0:0:0, 0, 0, 0, 0, 0, 0, 199.9800033, 191.1088027, 75.7575683, 86.8189391, 16654.4385375, 141, 4.9897989, 
0:0:0, 0, 0, 0, 0, 0, 0, 199.9800033, 194.6210098, 78.2268524, 86.8196487, 16709.7744751, 140, 4.9897989, 
0:0:0, 0, 0, 0, 0, 0, 0, 199.9800033, 191.4176864, 76.3844604, 86.795288, 16747.5830688, 140, 4.9897989, 
0:0:0, 0, 0, 0, 0, 0, 0, 199.9800033, 193.3515243, 78.6885223, 86.7822876, 16803.7608032, 140, 4.9897989, 
0:0:0, 0, 0, 0, 0, 0, 0, 199.9800033, 182.0134353, 78.5854568, 86.771553, 16858.9522094, 140, 4.9897989, 
0:0:0, 0, 0, 0, 0, 0, 0, 199.9800033, 207.9508971, 76.5794448, 86.7571945, 16896.9678344, 140, 4.9897989, 
0:0:0, 0, 0, 0, 0, 0, 0, 199.9800033, 187.9624251, 76.1904678, 86.7192764, 16953.1670532, 140, 4.9897989, 
0:0:0, 0, 0, 0, 0, 0, 0, 199.9800033, 180.9400405, 74.5341567, 86.6966399, 16991.9834594, 141, 4.9897989, 
0:0:0, 0, 0, 0, 0, 0, 0, 199.9800033, 170.9810409, 72.5513839, 86.6350326, 17051.1596679, 140, 4.9897989, 
0:0:0, 0, 0, 0, 0, 0, 0, 199.9800033, 176.6758193, 72.289154, 86.6068496, 17090.8393554, 140, 5.037321, 
0:0:0, 0, 0, 0, 0, 0, 0, 199.9800033, 178.2991866, 73.4843826, 86.5640487, 17150.7045974, 139, 4.9897989, 
0:0:0, 0, 0, 0, 0, 0, 0, 199.9800033, 180.2525253, 72.289154, 86.5274734, 17190.0346755, 140, 4.9897989, 
0:0:0, 0, 0, 0, 0, 0, 0, 199.9800033, 192.7167739, 75.1408843, 86.5066909, 17248.3237457, 140, 4.9897989, 
0:0:0, 0, 0, 0, 0, 0, 0, 199.9800033, 191.3828658, 75.2823028, 86.4894103, 17286.5014801, 139, 4.9897989, 
0:0:0, 0, 0, 0, 0, 0, 0, 199.9800033, 191.6322402, 76.6773147, 86.4667739, 17343.3940734, 139, 4.9897989, 
0:0:0, 0, 0, 0, 0, 0, 0, 199.9800033, 177.0710983, 75.8533477, 86.4391097, 17381.0014953, 139, 4.9897989, 
0:0:0, 0, 0, 0, 0, 0, 0, 199.9800033, 177.8127212, 74.3033981, 86.4058456, 17438.8960265, 139, 5.037321, 
0:0:0, 0, 0, 0, 0, 0, 0, 199.9800033, 204.3142089, 75.5667419, 86.4084396, 17477.4526672, 138, 4.9897989, 
0:0:0, 0, 0, 0, 0, 0, 0, 199.9800033, 175.7480392, 68.5322647, 86.3316116, 17537.8511047, 138, 4.9897989, 
0:0:0, 0, 0, 0, 0, 0, 0, 199.9800033, 193.566368, 72.9040069, 86.3156356, 17577.7866516, 137, 4.9897989, 
0:0:0, 0, 0, 0, 0, 0, 0, 199.9800033, 199.6949233, 76.8737945, 86.3106994, 17634.7886352, 137, 5.037321, 
0:0:0, 0, 0, 0, 0, 0, 0, 199.9800033, 193.3223647, 75.2823028, 86.3097152, 17653.8960571, 136, 4.9897989, 
0:0:0, 0, 0, 0, 0, 0, 0, 199.9800033, 228.9038238, 87.0827255, 86.4266738, 17705.1538696, 136, 4.9897989, 
0:0:0, 0, 0, 0, 0, 0, 0, 199.9800033, 227.4258727, 90.5660324, 86.5498886, 17753.7105102, 136, 4.9897989, 
0:0:0, 0, 0, 0, 0, 0, 0, 199.9800033, 230.8059692, 84.925682, 86.6233825, 17804.6948852, 137, 4.9897989, 
0:0:0, 0, 0, 0, 0, 0, 0, 199.9800033, 232.8319549, 85.9598769, 86.7126846, 17855.911682, 138, 4.9897989, 
0:0:0, 0, 0, 0, 0, 0, 0, 199.9800033, 190.320259, 74.7663498, 86.7107238, 17927.8589477, 139, 4.9897989, 
0:0:0, 0, 0, 0, 0, 0, 0, 199.9800033, 251.5335082, 97.5609664, 86.9123, 17975.0308227, 140, 5.037321, 
0:0:0, 0, 0, 0, 0, 0, 0, 199.9800033, 226.080307, 91.3241958, 87.011589, 18021.3295898, 140, 5.037321, 
0:0:0, 0, 0, 0, 0, 0, 0, 199.9800033, 251.3613281, 92.8074188, 87.1502838, 18068.8823242, 141, 4.9897989, 
0:0:0, 0, 0, 0, 0, 0, 0, 199.9800033, 217.6528625, 89.8203506, 87.1992111, 18100.6772536, 141, 5.037321, 
0:0:0, 0, 0, 0, 0, 0, 0, 199.9800033, 226.4660644, 87.019577, 87.2743301, 18150.5952224, 142, 4.9897989, 
0:0:0, 0, 0, 0, 0, 0, 0, 199.9800033, 264.5354766, 85.8983459, 87.376152, 18201.8315582, 143, 4.9897989, 
0:0:0, 0, 0, 0, 0, 0, 0, 199.9800033, 247.8348083, 95.2380905, 87.5306472, 18248.6323394, 144, 5.037321, 
0:0:0, 0, 0, 0, 0, 0, 0, 199.9800033, 230.0502471, 88.7573928, 87.5858688, 18298.5581207, 144, 4.9897989, 
0:0:0, 0, 0, 0, 0, 0, 0, 199.9800033, 210.5846862, 91.9540175, 87.6853713, 18346.0698547, 145, 4.9897989, 
0:0:0, 0, 0, 0, 0, 0, 0, 199.9800033, 236.3792114, 90.6344375, 87.7907714, 18395.3374328, 146, 5.037321, 
0:0:0, 0, 0, 0, 0, 0, 0, 199.9800033, 228.0708618, 86.893547, 87.8869247, 18444.0327453, 147, 4.9897989, 
0:0:0, 0, 0, 0, 0, 0, 0, 199.9800033, 226.6614379, 89.2857055, 87.9869689, 18492.8530578, 148, 4.9897989, 
0:0:0, 0, 0, 0, 0, 0, 0, 199.9800033, 232.6148681, 92.378746, 88.117691, 18556.6987609, 148, 4.9897989, 
0:0:0, 0, 0, 0, 0, 0, 0, 199.9800033, 227.3542938, 88.7573928, 88.1733474, 18606.0933227, 149, 4.9897989, 
0:0:0, 0, 0, 0, 0, 0, 0, 199.9800033, 238.807907, 87.5912322, 88.2193069, 18639.4956664, 149, 5.037321, 
0:0:0, 0, 0, 0, 0, 0, 0, 199.9800033, 210.7505493, 89.8203506, 88.3393325, 18703.534729, 149, 4.9897989, 
0:0:0, 0, 0, 0, 0, 0, 0, 199.9800033, 217.6074371, 89.352188, 88.3771743, 18736.5366821, 150, 4.9897989, 
0:0:0, 0, 0, 0, 0, 0, 0, 199.9800033, 186.6904525, 78.0741653, 88.3619537, 18791.0855102, 150, 5.037321, 
0:0:0, 0, 0, 0, 0, 0, 0, 199.9800033, 257.8177337, 89.7531738, 88.4678649, 18843.5737914, 150, 4.9897989, 
0:0:0, 0, 0, 0, 0, 0, 0, 199.9800033, 220.1386871, 90.909088, 88.5392379, 18892.0444946, 150, 4.9897989, 
0:0:0, 0, 0, 0, 0, 0, 0, 199.9800033, 212.0437927, 88.6917876, 88.5792083, 18942.5718383, 150, 4.9897989, 
0:0:0, 0, 0, 0, 0, 0, 0, 199.9800033, 215.7971649, 86.893547, 88.610443, 18976.3726196, 150, 4.9897989, 
0:0:0, 0, 0, 0, 0, 0, 0, 199.9800033, 215.7971649, 86.893547, 88.610443, 18976.3726196, 150, 4.9897989, 
0:0:0, 0, 0, 0, 0, 0, 0, 199.9800033, 0, 0, 87.3729476, 19083.9921874, 150, 4.9897989, 
0:0:0, 0, 0, 0, 0, 0, 0, 199.9800033, 0, 0, 86.837265, 19131.3437576, 150, 4.9897989, 
0:0:0, 0, 0, 0, 0, 0, 0, 199.9800033, 0, 0, 86.3062438, 19178.3554763, 149, 4.9897989, 
0:0:0, 0, 0, 0, 0, 0, 0, 199.9800033, 0, 0, 85.7781753, 19225.1777496, 149, 4.9897989, 
0:0:0, 0, 0, 0, 0, 0, 0, 199.9800033, 0, 0, 85.2549133, 19271.6406402, 147, 4.9897989, 
0:0:0, 0, 0, 0, 0, 0, 0, 199.9800033, 0, 0, 84.735321, 19317.8457336, 146, 4.9897989, 
0:0:0, 0, 0, 0, 0, 0, 0, 199.9800033, 0, 0, 84.219345, 19363.7929992, 145, 4.9897989, 
0:0:0, 0, 0, 0, 0, 0, 0, 199.9800033, 0, 0, 83.5781555, 19420.9375304, 144, 4.9897989, 
0:0:0, 0, 0, 0, 0, 0, 0, 199.9800033, 0, 0, 83.0710983, 19466.210968, 144, 4.9897989, 
0:0:0, 0, 0, 0, 0, 0, 0, 199.9800033, 0, 0, 82.5670623, 19511.2773742, 144, 4.9897989, 
0:0:0, 0, 0, 0, 0, 0, 0, 199.9800033, 0, 0, 82.0675277, 19556.0039367, 143, 4.9897989, 
0:0:0, 0, 0, 0, 0, 0, 0, 199.9800033, 0, 0, 81.6043319, 19597.5332336, 142, 4.9897989, 
0:0:0, 0, 0, 0, 0, 0, 0, 199.9800033, 0, 0, 81.104866, 19642.3672485, 141, 5.037321, 
0:0:0, 0, 0, 0, 0, 0, 0, 199.9800033, 0, 0, 80.6085815, 19686.9727172, 140, 4.9897989, 
0:0:0, 0, 0, 0, 0, 0, 0, 199.9800033, 0, 0, 80.1164627, 19731.2617797, 137, 4.9897989, 
0:0:0, 0, 0, 0, 0, 0, 0, 199.9800033, 0, 0, 79.6279449, 19775.281311, 135, 4.9897989, 
0:0:0, 0, 0, 0, 0, 0, 0, 199.9800033, 0, 0, 79.0817718, 19824.5254516, 134, 4.9897989, 
0:0:0, 0, 0, 0, 0, 0, 0, 199.9800033, 0, 0, 78.6003722, 19867.9981078, 132, 4.9897989, 
0:0:0, 0, 0, 0, 0, 0, 0, 199.9800033, 0, 0, 78.1229705, 19911.1621704, 131, 4.9897989, 
0:0:0, 0, 0, 0, 0, 0, 0, 199.9800033, 0, 0, 77.6487807, 19954.0859985, 129, 4.9897989, 
0:0:0, 0, 0, 0, 0, 0, 0, 199.9800033, 0, 0, 77.1775436, 19996.7930297, 128, 4.9897989, 
0:0:0, 0, 0, 0, 0, 0, 0, 199.9800033, 0, 0, 76.7101669, 20039.1972656, 126, 4.9897989, 
0:0:0, 0, 0, 0, 0, 0, 0, 199.9800033, 0, 0, 76.2458877, 20081.3671874, 126, 4.9897989, 
0:0:0, 0, 0, 0, 0, 0, 0, 199.9800033, 0, 0, 75.7849273, 20123.2812576, 126, 4.9897989, 
0:0:0, 0, 0, 0, 0, 0, 0, 199.9800033, 0, 0, 75.327217, 20164.9414138, 126, 4.9897989, 
0:0:0, 0, 0, 0, 0, 0, 0, 199.9800033, 0, 0, 74.8741836, 20206.183609, 128, 4.9897989, 
0:0:0, 0, 0, 0, 0, 0, 0, 199.9800033, 0, 0, 74.4290695, 20246.7636871, 127, 4.9897989, 
0:0:0, 0, 0, 0, 0, 0, 0, 199.9800033, 0, 0, 73.9872664, 20287.0820465, 124, 4.9897989, 
0:0:0, 0, 0, 0, 0, 0, 0, 199.9800033, 0, 0, 73.5480956, 20327.2031555, 125, 4.9897989, 
0:0:0, 0, 0, 0, 0, 0, 0, 199.9800033, 0, 0, 73.1117172, 20367.1054992, 124, 4.9897989, 
0:0:0, 0, 0, 0, 0, 0, 0, 199.9800033, 0, 0, 72.6787795, 20406.7324524, 122, 4.9897989, 
0:0:0, 0, 0, 0, 0, 0, 0, 199.9800033, 0, 0, 72.2487945, 20446.1250305, 121, 4.9897989, 
0:0:0, 0, 0, 0, 0, 0, 0, 199.9800033, 0, 0, 71.8217162, 20485.2851867, 121, 4.9897989, 
0:0:0, 0, 0, 0, 0, 0, 0, 199.9800033, 0, 0, 71.3970947, 20524.2539367, 121, 4.9897989, 
0:0:0, 0, 0, 0, 0, 0, 0, 199.9800033, 0, 0, 71.0809783, 20553.2832336, 121, 4.9897989, 
0:0:0, 0, 0, 0, 0, 0, 0, 199.9800033, 0, 0, 70.6024856, 20597.226593, 120, 4.9897989, 
0:0:0, 0, 0, 0, 0, 0, 0, 199.9800033, 0, 0, 70.1805877, 20636.0215454, 119, 4.9897989, 
0:0:0, 0, 0, 0, 0, 0, 0, 199.9800033, 0, 0, 69.7613525, 20674.6016235, 120, 4.9897989, 
0:0:0, 0, 0, 0, 0, 0, 0, 199.9800033, 0, 0, 69.3453674, 20712.9141234, 120, 4.9897989, 
0:0:0, 0, 0, 0, 0, 0, 0, 199.9800033, 0, 0, 68.808052, 20762.4395141, 122, 4.9897989, 
0:0:0, 0, 0, 0, 0, 0, 0, 199.9800033, 0, 0, 68.4040145, 20799.7149047, 122, 5.037321, 
0:0:0, 0, 0, 0, 0, 0, 0, 199.9800033, 0, 0, 68.0614623, 20831.328186, 122, 5.037321, 
0:0:0, 0, 0, 0, 0, 0, 0, 199.9800033, 0, 0, 67.6566009, 20868.7246704, 122, 4.9897989, 
0:0:0, 0, 0, 0, 0, 0, 0, 199.9800033, 0, 0, 67.2540054, 20905.9375609, 122, 4.9897989, 
0:0:0, 0, 0, 0, 0, 0, 0, 199.9800033, 0, 0, 66.8523025, 20943.0039672, 122, 4.9897989, 
0:0:0, 0, 0, 0, 0, 0, 0, 199.9800033, 0, 0, 66.4544525, 20979.7910766, 122, 4.9897989, 
0:0:0, 0, 0, 0, 0, 0, 0, 199.9800033, 0, 0, 66.2569503, 20998.0742797, 122, 4.9897989, 
0:0:0, 0, 0, 0, 0, 0, 0, 199.9800033, 0, 0, 65.7641067, 21043.640808, 122, 4.9897989, 
0:0:0, 0, 0, 0, 0, 0, 0, 199.9800033, 0, 0, 65.3719329, 21079.9044799, 122, 4.9897989, 
0:0:0, 0, 0, 0, 0, 0, 0, 199.9800033, 0, 0, 64.886444, 21124.8419875, 122, 4.9897989, 
0:0:0, 0, 0, 0, 0, 0, 0, 199.9800033, 0, 0, 64.4995651, 21160.6583938, 122, 4.9897989, 
0:0:0, 0, 0, 0, 0, 0, 0, 199.9800033, 0, 0, 64.1165389, 21196.1876907, 122, 4.9897989, 
0:0:0, 0, 0, 0, 0, 0, 0, 199.9800033, 0, 0, 63.735176, 21231.5255889, 122, 4.9897989, 
0:0:0, 0, 0, 0, 0, 0, 0, 199.9800033, 0, 0, 63.3573989, 21266.5998077, 122, 4.9897989, 
0:0:0, 0, 0, 0, 0, 0, 0, 199.9800033, 0, 0, 63.1698417, 21284.0314483, 122, 4.9897989, 
0:0:0, 0, 0, 0, 0, 0, 0, 199.9800033, 0, 0, 62.7017212, 21327.4748229, 122, 4.9897989, 
0:0:0, 0, 0, 0, 0, 0, 0, 199.9800033, 0, 0, 62.3287734, 21362.0841979, 122, 4.9897989, 
0:0:0, 0, 0, 0, 0, 0, 0, 199.9800033, 0, 0, 61.8668975, 21404.9826354, 122, 4.9897989, 
0:0:0, 0, 0, 0, 0, 0, 0, 199.9800033, 0, 0, 61.4997596, 21439.0802917, 122, 4.9897989, 
0:0:0, 0, 0, 0, 0, 0, 0, 199.9800033, 0, 0, 61.1356658, 21472.9591979, 122, 4.9897989, 
0:0:0, 0, 0, 0, 0, 0, 0, 199.9800033, 0, 0, 60.7732887, 21506.6369323, 122, 4.9897989, 
0:0:0, 0, 0, 0, 0, 0, 0, 199.9800033, 0, 0, 60.5937919, 21523.3576354, 122, 4.9897989, 
0:0:0, 0, 0, 0, 0, 0, 0, 199.9800033, 0, 0, 60.2339897, 21556.8029479, 122, 4.9897989, 
0:0:0, 0, 0, 0, 0, 0, 0, 199.9800033, 0, 0, 59.7886962, 21598.2287292, 122, 4.9897989, 
0:0:0, 0, 0, 0, 0, 0, 0, 199.9800033, 0, 0, 59.3468437, 21639.3479003, 122, 4.9897989, 
0:0:0, 0, 0, 0, 0, 0, 0, 199.9800033, 0, 0, 58.9961623, 21672.0236816, 122, 4.9897989, 
0:0:0, 0, 0, 0, 0, 0, 0, 199.9800033, 0, 0, 58.6467361, 21704.5393066, 122, 4.9897989, 
0:0:0, 0, 0, 0, 0, 0, 0, 199.9800033, 0, 0, 58.2993049, 21736.8771972, 122, 4.9897989, 
0:0:0, 0, 0, 0, 0, 0, 0, 199.9800033, 0, 0, 57.9538077, 21769.0412597, 122, 4.9897989, 
0:0:0, 0, 0, 0, 0, 0, 0, 199.9800033, 0, 0, 57.7832374, 21784.9553222, 122, 4.9897989, 
0:0:0, 0, 0, 0, 0, 0, 0, 199.9800033, 0, 0, 57.3559684, 21824.7424316, 122, 4.9897989, 
0:0:0, 0, 0, 0, 0, 0, 0, 199.9800033, 0, 0, 57.0170707, 21856.3381347, 122, 4.9897989, 
0:0:0, 0, 0, 0, 0, 0, 0, 199.9800033, 0, 0, 56.5959396, 21895.5646972, 122, 4.9897989, 
0:0:0, 0, 0, 0, 0, 0, 0, 199.9800033, 0, 0, 56.2614364, 21926.7580566, 122, 5.037321, 
0:0:0, 0, 0, 0, 0, 0, 0, 199.9800033, 0, 0, 55.8463935, 21965.420166, 122, 5.037321, 
0:0:0, 0, 0, 0, 0, 0, 0, 199.9800033, 0, 0, 55.5153236, 21996.2463378, 122, 4.9897989, 
0:0:0, 0, 0, 0, 0, 0, 0, 199.9800033, 0, 0, 55.1863593, 22026.8753661, 122, 4.9897989, 
0:0:0, 0, 0, 0, 0, 0, 0, 199.9800033, 0, 0, 54.859661, 22057.2913818, 122, 4.9897989, 
0:0:0, 0, 0, 0, 0, 0, 0, 199.9800033, 0, 0, 54.5356788, 22087.498413, 122, 4.9897989, 
0:0:0, 0, 0, 0, 0, 0, 0, 199.9800033, 0, 0, 54.3745116, 22102.5335769, 122, 4.9897989, 
0:0:0, 0, 0, 0, 0, 0, 0, 199.9800033, 0, 0, 53.9730872, 22139.9144363, 122, 4.9897989, 
0:0:0, 0, 0, 0, 0, 0, 0, 199.9800033, 0, 0, 53.6529578, 22169.7054519, 122, 4.9897989, 
0:0:0, 0, 0, 0, 0, 0, 0, 199.9800033, 0, 0, 53.2567214, 22206.5902252, 122, 4.9897989, 
0:0:0, 0, 0, 0, 0, 0, 0, 199.9800033, 0, 0, 52.9407233, 22235.9867095, 122, 4.9897989, 
0:0:0, 0, 0, 0, 0, 0, 0, 199.9800033, 0, 0, 52.62788, 22265.119522, 108, 4.9897989, 
0:0:0, 0, 0, 0, 0, 0, 0, 199.9800033, 0, 0, 52.3175506, 22294.0394439, 108, 5.037321, 
0:0:0, 0, 0, 0, 0, 0, 0, 199.9800033, 0, 0, 52.008831, 22322.8011779, 110, 5.037321, 
0:0:0, 0, 0, 0, 0, 0, 0, 199.9800033, 0, 0, 51.7020111, 22351.3793029, 110, 4.9897989, 
0:0:0, 0, 0, 0, 0, 0, 0, 199.9800033, 0, 0, 51.3967628, 22379.803131, 110, 4.9897989, 
0:0:0, 0, 0, 0, 0, 0, 0, 199.9800033, 0, 0, 51.1689109, 22401.0160217, 110, 4.9897989, 
0:0:0, 0, 0, 0, 0, 0, 0, 199.9800033, 0, 0, 50.7902565, 22436.1918029, 110, 4.9897989, 
0:0:0, 0, 0, 0, 0, 0, 0, 199.9800033, 0, 0, 50.489418, 22464.1566467, 110, 4.9897989, 
0:0:0, 0, 0, 0, 0, 0, 0, 199.9800033, 0, 0, 50.1893691, 22491.9964904, 110, 4.9897989, 
0:0:0, 0, 0, 0, 0, 0, 0, 199.9800033, 0, 0, 49.8925018, 22519.5882873, 117, 5.037321, 
0:0:0, 0, 0, 0, 0, 0, 0, 199.9800033, 0, 0, 49.5972824, 22547.0179748, 117, 4.9897989, 
0:0:0, 0, 0, 0, 0, 0, 0, 199.9800033, 0, 0, 49.3038329, 22574.2699279, 119, 4.9897989, 
0:0:0, 0, 0, 0, 0, 0, 0, 199.9800033, 0, 0, 49.012001, 22601.3598022, 119, 4.9897989, 
0:0:0, 0, 0, 0, 0, 0, 0, 199.9800033, 0, 0, 48.721466, 22628.3187866, 119, 4.9897989, 
0:0:0, 0, 0, 0, 0, 0, 0, 199.9800033, 0, 0, 48.5051116, 22648.3832397, 119, 4.9897989, 
0:0:0, 0, 0, 0, 0, 0, 0, 199.9800033, 0, 0, 48.2166862, 22675.1039428, 119, 5.037321, 
0:0:0, 0, 0, 0, 0, 0, 0, 199.9800033, 0, 0, 47.8583144, 22708.2504272, 119, 4.9897989, 
0:0:0, 0, 0, 0, 0, 0, 0, 199.9800033, 0, 0, 47.5722579, 22734.6781615, 119, 4.9897989, 
0:0:0, 0, 0, 0, 0, 0, 0, 199.9800033, 0, 0, 47.2881812, 22760.9086303, 119, 4.9897989, 
0:0:0, 0, 0, 0, 0, 0, 0, 199.9800033, 0, 0, 47.0057716, 22786.9691772, 119, 4.9897989, 
0:0:0, 0, 0, 0, 0, 0, 0, 199.9800033, 0, 0, 46.7258377, 22812.8246459, 119, 4.9897989, 
0:0:0, 0, 0, 0, 0, 0, 0, 199.9800033, 0, 0, 46.5866699, 22825.6820678, 119, 4.9897989, 
0:0:0, 0, 0, 0, 0, 0, 0, 199.9800033, 0, 0, 46.2389297, 22857.730896, 119, 4.9897989, 
0:0:0, 0, 0, 0, 0, 0, 0, 199.9800033, 0, 0, 45.9611358, 22883.3031616, 119, 5.037321, 
0:0:0, 0, 0, 0, 0, 0, 0, 199.9800033, 0, 0, 45.6187782, 22914.8070678, 119, 4.9897989, 
0:0:0, 0, 0, 0, 0, 0, 0, 199.9800033, 0, 0, 45.344963, 22939.9730834, 119, 4.9897989, 
0:0:0, 0, 0, 0, 0, 0, 0, 199.9800033, 0, 0, 45.0732421, 22964.9613647, 119, 4.9897989, 
0:0:0, 0, 0, 0, 0, 0, 0, 199.9800033, 0, 0, 44.7902374, 22990.982849, 110, 5.037321, 
0:0:0, 0, 0, 0, 0, 0, 0, 199.9800033, 0, 0, 44.5258941, 23015.2719726, 110, 4.9897989, 
0:0:0, 0, 0, 0, 0, 0, 0, 199.9800033, 0, 0, 44.2627754, 23039.4301757, 110, 4.9897989, 
0:0:0, 0, 0, 0, 0, 0, 0, 199.9800033, 0, 0, 44.0038032, 23063.1879882, 110, 4.9897989, 
0:0:0, 0, 0, 0, 0, 0, 0, 199.9800033, 0, 0, 43.7403717, 23087.3168945, 111, 4.9897989, 
0:0:0, 0, 0, 0, 0, 0, 0, 199.9800033, 0, 0, 43.4813003, 23111.0376052, 109, 5.037321, 
0:0:0, 0, 0, 0, 0, 0, 0, 199.9800033, 0, 0, 43.2235603, 23134.6157302, 109, 4.9897989, 
0:0:0, 0, 0, 0, 0, 0, 0, 199.9800033, 0, 0, 42.9671248, 23158.0551834, 105, 4.9897989, 
0:0:0, 0, 0, 0, 0, 0, 0, 199.9800033, 0, 0, 42.7119827, 23181.3540115, 106, 5.037321, 
0:0:0, 0, 0, 0, 0, 0, 0, 199.9800033, 0, 0, 42.4579963, 23204.5298004, 106, 4.9897989, 
0:0:0, 0, 0, 0, 0, 0, 0, 199.9800033, 0, 0, 42.2055358, 23227.5434722, 106, 4.9897989, 
0:0:0, 0, 0, 0, 0, 0, 0, 199.9800033, 0, 0, 41.9540824, 23250.4419097, 106, 4.9897989, 
0:0:0, 0, 0, 0, 0, 0, 0, 199.9800033, 0, 0, 41.7038726, 23273.2036285, 107, 5.037321, 
0:0:0, 0, 0, 0, 0, 0, 0, 199.9800033, 0, 0, 41.5175666, 23290.1352691, 108, 4.9897989, 
0:0:0, 0, 0, 0, 0, 0, 0, 199.9800033, 0, 0, 41.2346916, 23315.7973938, 108, 4.9897989, 
0:0:0, 0, 0, 0, 0, 0, 0, 199.9800033, 0, 0, 40.8992843, 23346.1977844, 108, 4.9897989, 
0:0:0, 0, 0, 0, 0, 0, 0, 199.9800033, 0, 0, 40.6545905, 23368.3520812, 107, 4.9897989, 
0:0:0, 0, 0, 0, 0, 0, 0, 199.9800033, 0, 0, 40.4270172, 23388.9380187, 107, 4.9897989, 
0:0:0, 0, 0, 0, 0, 0, 0, 199.9800033, 0, 0, 40.1684265, 23412.2993469, 108, 4.9897989, 
0:0:0, 0, 0, 0, 0, 0, 0, 199.9800033, 0, 0, 39.9271697, 23434.0688781, 108, 5.037321, 
0:0:0, 0, 0, 0, 0, 0, 0, 199.9800033, 0, 0, 39.6930885, 23455.1665344, 108, 4.9897989, 
0:0:0, 0, 0, 0, 0, 0, 0, 199.9800033, 0, 0, 39.4507141, 23476.9848937, 108, 5.037321, 
0:0:0, 0, 0, 0, 0, 0, 0, 199.9800033, 0, 0, 39.2095146, 23498.6704406, 108, 4.9897989, 
0:0:0, 0, 0, 0, 0, 0, 0, 199.9800033, 0, 0, 38.9691962, 23520.2368469, 108, 4.9897989, 
0:0:0, 0, 0, 0, 0, 0, 0, 199.9800033, 0, 0, 38.7589454, 23539.0532531, 108, 4.9897989, 
0:0:0, 0, 0, 0, 0, 0, 0, 199.9800033, 0, 0, 38.5210418, 23560.3579406, 107, 4.9897989, 
0:0:0, 0, 0, 0, 0, 0, 0, 199.9800033, 0, 0, 38.2844123, 23581.5220031, 106, 4.9897989, 
0:0:0, 0, 0, 0, 0, 0, 0, 199.9800033, 0, 0, 38.0489196, 23602.5552368, 106, 4.9897989, 
0:0:0, 0, 0, 0, 0, 0, 0, 199.9800033, 0, 0, 37.8144378, 23623.4692993, 105, 4.9897989, 
0:0:0, 0, 0, 0, 0, 0, 0, 199.9800033, 0, 0, 37.5811996, 23644.2446899, 103, 4.9897989, 
0:0:0, 0, 0, 0, 0, 0, 0, 199.9800033, 0, 0, 37.2889823, 23670.2290649, 104, 4.9897989, 
0:0:0, 0, 0, 0, 0, 0, 0, 199.9800033, 0, 0, 37.1181411, 23685.4009399, 104, 5.037321, 
0:0:0, 0, 0, 0, 0, 0, 0, 199.9800033, 0, 0, 36.8588981, 23708.3735961, 104, 4.9897989, 
0:0:0, 0, 0, 0, 0, 0, 0, 199.9800033, 0, 0, 36.6302222, 23728.6138305, 105, 4.9897989, 
0:0:0, 0, 0, 0, 0, 0, 0, 199.9800033, 0, 0, 36.4026336, 23748.7290649, 106, 5.037321, 
0:0:0, 0, 0, 0, 0, 0, 0, 199.9800033, 0, 0, 36.1759948, 23768.7271118, 106, 4.9897989, 
0:0:0, 0, 0, 0, 0, 0, 0, 199.9800033, 0, 0, 35.9504241, 23788.6021117, 106, 5.037321, 
0:0:0, 0, 0, 0, 0, 0, 0, 199.9800033, 0, 0, 35.7257843, 23808.3638305, 107, 4.9897989, 
0:0:0, 0, 0, 0, 0, 0, 0, 199.9800033, 0, 0, 35.502079, 23828.0103149, 108, 4.9897989, 
0:0:0, 0, 0, 0, 0, 0, 0, 199.9800033, 0, 0, 35.502079, 23828.0103149, 108, 4.9897989, 
0:0:0, 0, 0, 0, 0, 0, 0, 199.9800033, 0, 0, 35.502079, 23828.0103149, 108, 4.9897989, 
0:0:0, 0, 0, 0, 0, 0, 0, 199.9800033, 0, 0, 35.502079, 23828.0103149, 108, 4.9897989, 
0:0:0, 0, 0, 0, 0, 0, 0, 199.9800033, 0, 0, 35.502079, 23828.0103149, 108, 4.9897989, 
0:0:0, 0, 0, 0, 0, 0, 0, 199.9800033, 0, 0, 35.502079, 23828.0103149, 108, 5.037321, 
0:0:0, 0, 0, 0, 0, 0, 0, 199.9800033, 0, 0, 35.502079, 23828.0103149, 108, 4.9897989, 
0:0:0, 0, 0, 0, 0, 0, 0, 199.9800033, 0, 0, 35.502079, 23828.0103149, 106, 4.9897989, 
0:0:0, 0, 0, 0, 0, 0, 0, 199.9800033, 0, 0, 35.502079, 23828.0103149, 106, 4.9897989, 
0:0:0, 0, 0, 0, 0, 0, 0, 199.9800033, 0, 0, 35.502079, 23828.0103149, 105, 4.9897989, 
0:0:0, 0, 0, 0, 0, 0, 0, 199.9800033, 0, 0, 35.502079, 23828.0103149, 105, 4.9897989, 
0:0:0, 0, 0, 0, 0, 0, 0, 199.9800033, 0, 0, 35.502079, 23828.0103149, 105, 4.9897989, 
0:0:0, 0, 0, 0, 0, 0, 0, 199.9800033, 0, 0, 35.502079, 23828.0103149, 105, 4.9897989, 
0:0:0, 0, 0, 0, 0, 0, 0, 199.9800033, 0, 0, 35.502079, 23828.0103149, 105, 4.9897989, 
0:0:0, 0, 0, 0, 0, 0, 0, 199.9800033, 0, 0, 35.502079, 23828.0103149, 105, 4.9897989, 
0:0:0, 0, 0, 0, 0, 0, 0, 199.9800033, 0, 0, 35.502079, 23828.0103149, 105, 4.9897989, 
0:0:0, 0, 0, 0, 0, 0, 0, 199.9800033, 0, 0, 35.502079, 23828.0103149, 105, 4.9897989, 
0:0:0, 0, 0, 0, 0, 0, 0, 199.9800033, 0, 0, 35.502079, 23828.0103149, 101, 4.9897989, 
0:0:0, 0, 0, 0, 0, 0, 0, 199.9800033, 0, 0, 35.502079, 23828.0103149, 99, 4.9897989, 
0:0:0, 0, 0, 0, 0, 0, 0, 199.9800033, 0, 0, 35.502079, 23828.0103149, 99, 5.037321, 
0:0:0, 0, 0, 0, 0, 0, 0, 199.9800033, 0, 0, 35.502079, 23828.0103149, 99, 4.9897989, 
0:0:0, 0, 0, 0, 0, 0, 0, 199.9800033, 0, 0, 35.502079, 23828.0103149, 99, 4.9897989, 
0:0:0, 0, 0, 0, 0, 0, 0, 199.9800033, 0, 0, 35.502079, 23828.0103149, 103, 4.9897989, 
0:0:0, 0, 0, 0, 0, 0, 0, 199.9800033, 0, 0, 35.502079, 23828.0103149, 106, 4.9897989, 
0:0:0, 0, 0, 0, 0, 0, 0, 199.9800033, 0, 0, 35.502079, 23828.0103149, 106, 4.9897989, 
0:0:0, 0, 0, 0, 0, 0, 0, 199.9800033, 0, 0, 35.502079, 23828.0103149, 106, 5.037321, 
0:0:0, 0, 0, 0, 0, 0, 0, 199.9800033, 0, 0, 35.502079, 23828.0103149, 106, 4.9897989, 
0:0:0, 0, 0, 0, 0, 0, 0, 199.9800033, 0, 0, 35.502079, 23828.0103149, 106, 4.9897989, 
0:0:0, 0, 0, 0, 0, 0, 0, 199.9800033, 0, 0, 35.502079, 23828.0103149, 100, 4.9897989, 
0:0:0, 0, 0, 0, 0, 0, 0, 199.9800033, 0, 0, 35.502079, 23828.0103149, 100, 4.9897989, 
0:0:0, 0, 0, 0, 0, 0, 0, 199.9800033, 0, 0, 35.502079, 23828.0103149, 101, 4.9897989, 
0:0:0, 0, 0, 0, 0, 0, 0, 199.9800033, 0, 0, 35.502079, 23828.0103149, 102, 4.9897989, 
0:0:0, 0, 0, 0, 0, 0, 0, 199.9800033, 0, 0, 35.502079, 23828.0103149, 102, 4.9897989, 
0:0:0, 0, 0, 0, 0, 0, 0, 199.9800033, 0, 0, 35.502079, 23828.0103149, 101, 4.9897989, 
0:0:0, 0, 0, 0, 0, 0, 0, 199.9800033, 0, 0, 35.502079, 23828.0103149, 101, 4.9897989, 
0:0:0, 0, 0, 0, 0, 0, 0, 199.9800033, 0, 0, 35.502079, 23828.0103149, 102, 4.9897989, 
0:0:0, 0, 0, 0, 0, 0, 0, 199.9800033, 0, 0, 35.502079, 23828.0103149, 102, 4.9897989, 
0:0:0, 0, 0, 0, 0, 0, 0, 199.9800033, 0, 0, 35.502079, 23828.0103149, 102, 4.9897989, 
0:0:0, 0, 0, 0, 0, 0, 0, 199.9800033, 0, 0, 35.502079, 23828.0103149, 103, 4.9897989, 
0:0:0, 0, 0, 0, 0, 0, 0, 199.9800033, 0, 0, 35.502079, 23828.0103149, 104, 4.9897989, 
0:0:0, 0, 0, 0, 0, 0, 0, 199.9800033, 0, 0, 35.502079, 23828.0103149, 104, 4.9897989, 
0:0:0, 0, 0, 0, 0, 0, 0, 199.9800033, 0, 0, 35.502079, 23828.0103149, 104, 4.9897989, 
0:0:0, 0, 0, 0, 0, 0, 0, 199.9800033, 0, 0, 35.502079, 23828.0103149, 104, 4.9897989, 
0:0:0, 0, 0, 0, 0, 0, 0, 199.9800033, 0, 0, 35.502079, 23828.0103149, 104, 4.9897989, 
0:0:0, 0, 0, 0, 0, 0, 0, 199.9800033, 0, 0, 35.502079, 23828.0103149, 104, 4.9897989, 
0:0:0, 0, 0, 0, 0, 0, 0, 199.9800033, 0, 0, 35.502079, 23828.0103149, 104, 4.9897989, 
0:0:0, 0, 0, 0, 0, 0, 0, 199.9800033, 0, 0, 35.502079, 23828.0103149, 105, 4.9897989, 
0:0:0, 0, 0, 0, 0, 0, 0, 199.9800033, 0, 0, 35.502079, 23828.0103149, 105, 4.9897989, 
0:0:0, 0, 0, 0, 0, 0, 0, 199.9800033, 0, 0, 35.502079, 23828.0103149, 102, 4.9897989, 
0:0:0, 0, 0, 0, 0, 0, 0, 199.9800033, 0, 0, 35.502079, 23828.0103149, 101, 4.9897989, 
0:0:0, 0, 0, 0, 0, 0, 0, 199.9800033, 0, 0, 35.502079, 23828.0103149, 101, 4.9897989, 
0:0:0, 0, 0, 0, 0, 0, 0, 199.9800033, 0, 0, 35.502079, 23828.0103149, 100, 4.9897989, 
0:0:0, 0, 0, 0, 0, 0, 0, 199.9800033, 0, 0, 35.502079, 23828.0103149, 100, 4.9897989, 
0:0:0, 0, 0, 0, 0, 0, 0, 199.9800033, 0, 0, 35.502079, 23828.0103149, 100, 4.9897989, 
0:0:0, 0, 0, 0, 0, 0, 0, 199.9800033, 0, 0, 35.502079, 23828.0103149, 100, 4.9897989, 
0:0:0, 0, 0, 0, 0, 0, 0, 199.9800033, 0, 0, 35.502079, 23828.0103149, 100, 4.9897989, 
0:0:0, 0, 0, 0, 0, 0, 0, 199.9800033, 0, 0, 35.502079, 23828.0103149, 100, 4.9897989, 
0:0:0, 0, 0, 0, 0, 0, 0, 199.9800033, 0, 0, 35.502079, 23828.0103149, 99, 4.9897989, 
0:0:0, 0, 0, 0, 0, 0, 0, 199.9800033, 0, 0, 35.502079, 23828.0103149, 91, 4.9897989, 
0:0:0, 0, 0, 0, 0, 0, 0, 199.9800033, 0, 0, 35.502079, 23828.0103149, 87, 4.9897989, 
0:0:0, 0, 0, 0, 0, 0, 0, 199.9800033, 0, 0, 35.502079, 23828.0103149, 87, 5.037321, 
0:0:0, 0, 0, 0, 0, 0, 0, 199.9800033, 0, 0, 35.502079, 23828.0103149, 97, 4.9897989, 
0:0:0, 0, 0, 0, 0, 0, 0, 199.9800033, 0, 0, 35.502079, 23828.0103149, 97, 4.9897989, 
0:0:0, 0, 0, 0, 0, 0, 0, 199.9800033, 0, 0, 35.502079, 23828.0103149, 97, 4.9897989, 
0:0:0, 0, 0, 0, 0, 0, 0, 199.9800033, 0, 0, 35.502079, 23828.0103149, 97, 4.9897989, 
0:0:0, 0, 0, 0, 0, 0, 0, 199.9800033, 0, 0, 35.502079, 23828.0103149, 97, 4.9897989, 
0:0:0, 0, 0, 0, 0, 0, 0, 199.9800033, 0, 0, 35.502079, 23828.0103149, 97, 4.9897989, 
0:0:0, 0, 0, 0, 0, 0, 0, 199.9800033, 0, 0, 35.502079, 23828.0103149, 97, 4.9897989, 
0:0:0, 0, 0, 0, 0, 0, 0, 199.9800033, 0, 0, 35.502079, 23828.0103149, 97, 4.9897989, 
0:0:0, 0, 0, 0, 0, 0, 0, 199.9800033, 0, 0, 35.502079, 23828.0103149, 97, 4.9897989, 
0:0:0, 0, 0, 0, 0, 0, 0, 199.9800033, 0, 0, 35.502079, 23828.0103149, 97, 4.9897989, 
0:0:0, 0, 0, 0, 0, 0, 0, 199.9800033, 0, 0, 35.502079, 23828.0103149, 97, 4.9897989, 
0:0:0, 0, 0, 0, 0, 0, 0, 199.9800033, 0, 0, 35.502079, 23828.0103149, 97, 4.9897989, 
0:0:0, 0, 0, 0, 0, 0, 0, 199.9800033, 0, 0, 35.502079, 23828.0103149, 97, 4.9897989, 
0:0:0, 0, 0, 0, 0, 0, 0, 199.9800033, 0, 0, 35.502079, 23828.0103149, 97, 4.9897989, 
0:0:0, 0, 0, 0, 0, 0, 0, 199.9800033, 0, 0, 35.502079, 23828.0103149, 97, 4.9897989, 
0:0:0, 0, 0, 0, 0, 0, 0, 199.9800033, 0, 0, 35.502079, 23828.0103149, 97, 4.9897989, 
0:0:0, 0, 0, 0, 0, 0, 0, 199.9800033, 0, 0, 35.502079, 23828.0103149, 97, 4.9897989, 
0:0:0, 0, 0, 0, 0, 0, 0, 199.9800033, 0, 0, 35.502079, 23828.0103149, 97, 4.9897989, 
0:0:0, 0, 0, 0, 0, 0, 0, 199.9800033, 0, 0, 35.502079, 23828.0103149, 97, 4.9897989, 
0:0:0, 0, 0, 0, 0, 0, 0, 199.9800033, 0, 0, 35.502079, 23828.0103149, 97, 4.9897989, 
0:0:0, 0, 0, 0, 0, 0, 0, 199.9800033, 0, 0, 35.502079, 23828.0103149, 97, 4.9897989, 
0:0:0, 0, 0, 0, 0, 0, 0, 199.9800033, 0, 0, 35.502079, 23828.0103149, 97, 4.9897989, 
0:0:0, 0, 0, 0, 0, 0, 0, 199.9800033, 0, 0, 35.502079, 23828.0103149, 97, 4.9897989, 
0:0:0, 0, 0, 0, 0, 0, 0, 199.9800033, 0, 0, 35.502079, 23828.0103149, 97, 4.9897989, 
0:0:0, 0, 0, 0, 0, 0, 0, 199.9800033, 0, 0, 35.502079, 23828.0103149, 97, 4.9897989, 
0:0:0, 0, 0, 0, 0, 0, 0, 199.9800033, 0, 0, 35.502079, 23828.0103149, 97, 4.9897989, 
0:0:0, 0, 0, 0, 0, 0, 0, 199.9800033, 0, 0, 35.502079, 23828.0103149, 97, 4.9897989, 
0:0:0, 0, 0, 0, 0, 0, 0, 199.9800033, 0, 0, 35.502079, 23828.0103149, 97, 4.9897989, 
0:0:0, 0, 0, 0, 0, 0, 0, 199.9800033, 0, 0, 35.502079, 23828.0103149, 97, 4.9897989, 
0:0:0, 0, 0, 0, 0, 0, 0, 199.9800033, 0, 0, 35.502079, 23828.0103149, 97, 4.9897989, 
0:0:0, 0, 0, 0, 0, 0, 0, 199.9800033, 0, 0, 35.502079, 23828.0103149, 97, 4.9897989, 
0:0:0, 0, 0, 0, 0, 0, 0, 199.9800033, 0, 0, 35.502079, 23828.0103149, 97, 4.9897989, 
0:0:0, 0, 0, 0, 0, 0, 0, 199.9800033, 0, 0, 35.502079, 23828.0103149, 97, 4.9897989, 
0:0:0, 0, 0, 0, 0, 0, 0, 199.9800033, 0, 0, 35.502079, 23828.0103149, 97, 4.9897989, 
0:0:0, 0, 0, 0, 0, 0, 0, 199.9800033, 0, 0, 35.502079, 23828.0103149, 97, 4.9897989, 
0:0:0, 0, 0, 0, 0, 0, 0, 199.9800033, 0, 0, 35.502079, 23828.0103149, 97, 4.9897989, 
0:0:0, 0, 0, 0, 0, 0, 0, 199.9800033, 0, 0, 35.502079, 23828.0103149, 97, 4.9897989, 
0:0:0, 0, 0, 0, 0, 0, 0, 199.9800033, 0, 0, 35.502079, 23828.0103149, 97, 4.9897989, 
0:0:0, 0, 0, 0, 0, 0, 0, 199.9800033, 0, 0, 35.502079, 23828.0103149, 97, 4.9897989, 
0:0:0, 0, 0, 0, 0, 0, 0, 199.9800033, 0, 0, 35.502079, 23828.0103149, 97, 4.9897989, 
0:0:0, 0, 0, 0, 0, 0, 0, 199.9800033, 0, 0, 35.502079, 23828.0103149, 97, 4.9897989, 
0:0:0, 0, 0, 0, 0, 0, 0, 199.9800033, 0, 0, 35.502079, 23828.0103149, 97, 4.9897989, 
0:0:0, 0, 0, 0, 0, 0, 0, 199.9800033, 0, 0, 35.502079, 23828.0103149, 97, 4.9897989, 
0:0:0, 0, 0, 0, 0, 0, 0, 199.9800033, 0, 0, 35.502079, 23828.0103149, 97, 4.9897989, 
0:0:0, 0, 0, 0, 0, 0, 0, 199.9800033, 0, 0, 35.502079, 23828.0103149, 97, 4.9897989, 
0:0:0, 0, 0, 0, 0, 0, 0, 199.9800033, 0, 0, 35.502079, 23828.0103149, 97, 4.9897989, 
0:0:0, 0, 0, 0, 0, 0, 0, 199.9800033, 0, 0, 35.502079, 23828.0103149, 97, 4.9897989, 