Time (ms), GPS Distance (m), GPS Displacement (m), GPS Speed (km/h), Target Speed (km/h), Power (W), Cadence (rpm), Velocity (km/h), Simulated Distance (m), Heart Rate (bpm)24249.0046539, 0, 0, 0, 0, 0, 0, 0, 0, 0, 
24361.0046691, 0, 0, 0, 0, 0, 0, 0, 0, 0, 
26327.0049133, 0, 0, 0, 0, 0, 0, 0, 0, 0, 
28324.0054016, 0, 0, 0, 0, 0, 0, 0, 0, 0, 
28824.0054321, 0, 0, 0, 0, 0, 0, 0, 0, 0, 
30323.0058898, 0, 0, 0, 0, 0, 0, 0, 0, 0, 
30822.0059204, 0, 0, 0, 0, 0, 0, 0, 0, 0, 
31322.0060729, 0, 0, 0, 0, 0, 0, 0, 0, 0, 
32821.0062866, 0, 0, 0, 0, 0, 0, 0, 0, 0, 
33320.0063781, 0, 0, 0, 0, 0, 0, 0, 0, 0, 
33818.0064086, 0, 0, 0, 0, 0, 0, 0, 0, 0, 
34819.0066528, 0, 0, 0, 0, 0, 0, 0, 0, 0, 
35318.0068664, 0, 0, 0, 0, 0, 0, 0, 0, 0, 
35818.0068969, 0, 0, 0, 0, 0, 0, 0, 0, 0, 
37316.0073547, 0, 0, 0, 0, 0, 0, 0, 0, 0, 
37816.0073852, 0, 0, 0, 0, 0, 0, 0, 0, 0, 
38313.0073547, 0, 0, 0, 0, 0, 0, 0, 0, 0, 
41812.0080566, 0, 0, 0, 0, 0, 0, 0, 0, 0, 
42312.0082092, 0, 0, 0, 0, 0, 0, 0, 0, 0, 
42812.0082397, 0, 0, 0, 0, 0, 0, 0, 0, 0, 
44306.0085754, 0, 0, 0, 0, 0, 0, 0, 0, 0, 
44810.0086059, 0, 0, 0, 0, 0, 0, 0, 0, 0, 
45307.0088195, 0, 0, 0, 0, 0, 0, 0, 0, 0, 
46309.0088195, 0, 0, 0, 0, 0, 0, 0, 0, 0, 
46808.00885, 0, 0, 0, 0, 0, 0, 0, 0, 0, 
48806.0093383, 0, 0, 0, 0, 0, 0, 0, 0, 0, 
49306.0097961, 0, 0, 0, 0, 0, 0, 0, 0, 0, 
49804.0098266, 0, 0, 0, 0, 0, 0, 0, 0, 0, 
51304.0080261, 0, 0, 0, 0, 0, 0, 0, 0, 0, 
51804.0080566, 0, 0, 0, 0, 0, 0, 0, 0, 0, 
53402.0083312, 0, 0, 0, 0.4319999, 0, 0, 0, 0, 0, 
53801.0083618, 0, 0, 0, 0.4319999, 0, 0, 0, 0, 0, 
56301.0088195, 0, 11704, 0.1079999, 0.4319999, 0, 0, 0, 0, 0, 
56797.00885, 0, 8155, 0.1079999, 0.3599999, 0, 0, 0, 0, 0, 
71286.0158233, 0, 8156, 0.7199999, 0.4319999, 0, 0, 0, 0, 0, 
71784.0158691, 0, 8156, 0.7199999, 0.4319999, 0, 0, 0, 0, 0, 
72285.0160064, 0, 8156, 0.0719999, 0.4319999, 0, 0, 0, 0, 0, 
72782.0160522, 0, 8156, 0.0719999, 0.4319999, 0, 0, 0, 0, 0, 
73783.0161743, 0, 8156, 0.2159999, 0.4319999, 0, 0, 0, 0, 0, 
74284.0163726, 0, 8156, 0.4679999, 0.4319999, 0, 0, 0, 0, 0, 
74777.0164184, 0, 8156, 0.4679999, 0.4319999, 0, 0, 0, 0, 0, 
76780.0166625, 0, 8156, 0.3599999, 0.4319999, 0, 0, 0, 0, 0, 
77279.0171051, 0, 8156, 0.6479999, 0.4319999, 0, 0, 0, 0, 0, 
78778.0171508, 0, 8156, 0.6119999, 0.4319999, 0, 0, 0, 0, 0, 
79279.0175933, 0, 8156, 0.4319999, 0.4319999, 0, 0, 0, 0, 0, 
80776.015686, 0, 8156, 0.3959999, 0.4319999, 0, 0, 0, 0, 0, 
81276.0158233, 0, 8156, 0.2519999, 0.4319999, 0, 0, 0, 0, 0, 
81773.0158691, 0, 8156, 0.2519999, 0.4319999, 0, 0, 0, 0, 0, 
83274.0161285, 0, 8156, 0.7919999, 0.4319999, 0, 0, 0, 0, 0, 
90268.0156402, 0, 8156, 0.1439999, 0.4319999, 0, 0, 0, 0, 0, 
90767.015686, 0, 8156, 0.1439999, 0.4319999, 0, 0, 0, 0, 0, 
92281.0160064, 0, 8156, 0.1799999, 0.4319999, 0, 0, 0, 0, 0, 
92765.0160522, 0, 8156, 0.2519999, 0.4319999, 0, 0, 0, 0, 0, 
94758.0164184, 0, 8156, 0.5399999, 0.4319999, 0, 0, 0, 0, 0, 
95264.0166168, 0, 8156, 0.3599999, 0.4319999, 0, 0, 0, 0, 0, 
96761.0166625, 1, 8155, 0.3239999, 0.4319999, 0, 0, 0, 0, 0, 
97262.0171051, 1, 8155, 0.2159999, 0.4319999, 0, 0, 0, 0, 0, 
97761.0171508, 1, 8155, 0.2159999, 0.4319999, 0, 0, 0, 0, 0, 
99261.0175933, 1, 8155, 0.3599999, 0.4319999, 0, 0, 0, 0, 0, 
99759.0176391, 1, 8155, 0.3599999, 0.4319999, 0, 0, 0, 0, 0, 
100258.0234527, 1, 8155, 0.2879999, 0.4319999, 0, 0, 0, 0, 0, 
101259.0236358, 1, 8155, 0.7559999, 0.4319999, 0, 0, 0, 0, 0, 
101756.0236816, 1, 8155, 0.7559999, 0.4319999, 0, 0, 0, 0, 0, 
102257.0238189, 1, 8155, 0.9, 0.4319999, 0, 0, 0, 0, 0, 
103750.0239868, 1, 8155, 0.4319999, 0.4319999, 0, 0, 0, 0, 0, 
104256.0241851, 1, 8155, 0.4319999, 0.4319999, 0, 0, 0, 0, 0, 
104753.0242309, 1, 8155, 0.2159999, 0.4319999, 0, 0, 0, 0, 0, 
106254.0244293, 2, 8154, 0.5399999, 0.4319999, 0, 0, 0, 0, 0, 
106753.024475, 2, 8154, 0.5399999, 0.4319999, 0, 0, 0, 0, 0, 
108253.0249176, 2, 8154, 0.1079999, 0.4319999, 0, 0, 0, 0, 0, 
108750.0249633, 2, 8154, 0.1079999, 0.4319999, 0, 0, 0, 0, 0, 
109249.0254058, 2, 8154, 0.1799999, 0.4319999, 0, 0, 0, 0, 0, 
110749.0254516, 2, 8154, 0.4319999, 0.4319999, 0, 0, 0, 0, 0, 
111250.0255889, 2, 8154, 0.1079999, 0.4319999, 0, 0, 0, 0, 0, 
111747.0256347, 2, 8154, 0.1079999, 0.4319999, 0, 0, 0, 0, 0, 
112747.0258178, 2, 8154, 0.2159999, 0.4319999, 0, 0, 0, 0, 0, 
113250.0258941, 2, 8154, 0.1799999, 0.4319999, 0, 0, 0, 0, 0, 
113745.0259399, 2, 8154, 0.1799999, 0.4319999, 0, 0, 0, 0, 0, 
115250.0263824, 2, 8154, 0.4679999, 0.4319999, 0, 0, 0, 0, 0, 
115744.0264282, 2, 8154, 2.6279997, 0.4319999, 0, 0, 0, 0, 0, 
116243.0263824, 2, 8154, 2.6279997, 0.4319999, 0, 0, 0, 0, 0, 
117251.0268707, 3, 8155, 2.6279997, 0.4319999, 0, 0, 0, 0, 0, 
117742.0269165, 3, 8155, 0.8639999, 0.4319999, 0, 0, 0, 0, 0, 
118252.0268707, 3, 8155, 0.8639999, 0.4319999, 0, 0, 0, 0, 0, 
119740.0274047, 3, 8155, 0.3239999, 0.4319999, 0, 0, 0, 0, 0, 
120252.027359, 3, 8155, 0.3239999, 0.4319999, 0, 0, 0, 0, 0, 
120737.0274047, 3, 8155, 0.2879999, 0.4319999, 0, 0, 0, 0, 0, 
122240.0277252, 3, 8155, 0.3239999, 0.4319999, 0, 0, 0, 0, 0, 
122737.0277709, 3, 8155, 0.3239999, 0.4319999, 0, 0, 0, 0, 0, 
124237.0280914, 3, 8155, 0.3959999, 0.4319999, 0, 0, 0, 0, 0, 
124736.0281372, 4, 8154, 0.3959999, 0.4319999, 0, 0, 0, 0, 0, 
125237.0283355, 4, 8154, 0.3959999, 0.4319999, 0, 0, 0, 0, 0, 
126734.0283813, 4, 8154, 0.1439999, 0.4319999, 0, 0, 0, 0, 0, 
127235.0288238, 4, 8154, 0.1439999, 0.4319999, 0, 0, 0, 0, 0, 
127731.0288696, 4, 8154, 0.1439999, 0.4319999, 0, 0, 0, 0, 0, 
128732.0288696, 4, 8154, 0.1439999, 0.4319999, 0, 0, 0, 0, 0, 
129228.0293121, 4, 8154, 0.1439999, 0.4319999, 0, 0, 0, 0, 0, 
129731.0293579, 4, 8154, 0.1439999, 0.4319999, 0, 0, 0, 0, 0, 
131231.0294952, 4, 8154, 0.0719999, 0.4319999, 0, 0, 0, 0, 0, 
131729.029541, 4, 8154, 0.0719999, 0.4319999, 0, 0, 0, 0, 0, 
132228.0296783, 4, 8154, 0.0719999, 0.4319999, 0, 0, 0, 0, 0, 
133727.0298461, 4, 8154, 0.1799999, 0.4319999, 0, 0, 0, 0, 0, 
134228.0300445, 4, 8154, 0.1799999, 0.4319999, 0, 0, 0, 0, 0, 
135726.0303344, 4, 8154, 0.0719999, 0.4319999, 0, 0, 0, 0, 0, 
136226.0302886, 4, 8154, 0.0719999, 0.4319999, 0, 0, 0, 0, 0, 
136723.0303344, 4, 8154, 0.0719999, 0.4319999, 0, 0, 0, 0, 0, 
138224.0307769, 4, 8154, 0.1079999, 0.4319999, 0, 0, 0, 0, 0, 
138723.0308227, 4, 8154, 0.1079999, 0.4319999, 0, 0, 0, 0, 0, 
139223.0312652, 4, 8154, 0.1079999, 0.4319999, 0, 0, 0, 0, 0, 
140222.0312652, 4, 8154, 0.1079999, 0.4319999, 0, 0, 0, 0, 0, 
140721.031311, 4, 8154, 0.1079999, 0.4319999, 0, 0, 0, 0, 0, 
141221.0314483, 4, 8154, 0.1079999, 0.4319999, 0, 0, 0, 0, 0, 
142714.0316772, 4, 8154, 0.1079999, 0.4319999, 0, 0, 0, 0, 0, 
143219.0317535, 4, 8154, 0.1079999, 0.4319999, 0, 0, 0, 0, 0, 
143716.0317993, 4, 8154, 0.1079999, 0.4319999, 0, 0, 0, 0, 0, 
145219.0322418, 4, 8154, 0.1079999, 0.4319999, 0, 0, 0, 0, 0, 
145717.0322875, 4, 8154, 0.1079999, 0.4319999, 0, 0, 0, 0, 0, 
147216.0327301, 5, 8154, 0.0719999, 0.4319999, 0, 0, 0, 0, 0, 
147715.0327758, 5, 8154, 0.0719999, 0.4319999, 0, 0, 0, 0, 0, 
148213.0327301, 5, 8154, 0.0719999, 0.4319999, 0, 0, 0, 0, 0, 
149712.0332641, 5, 8154, 0.2159999, 0.4319999, 0, 0, 0, 0, 0, 
150213.0312652, 5, 8154, 0.2159999, 0.4319999, 0, 0, 0, 0, 0, 
151710.0314941, 5, 8154, 0.3959999, 0.4319999, 0, 0, 0, 0, 0, 
152211.0316314, 5, 8154, 0.3959999, 0.4319999, 0, 0, 0, 0, 0, 
152710.0316772, 5, 8154, 0.2879999, 0.4319999, 0, 0, 0, 0, 0, 
154210.0319976, 6, 8154, 0.3239999, 0.4319999, 0, 0, 0, 0, 0, 
154707.0320434, 6, 8154, 0.3239999, 0.4319999, 0, 0, 0, 0, 0, 
155207.0322418, 6, 8154, 0.3239999, 0.4319999, 0, 0, 0, 0, 0, 
156208.0322418, 6, 8154, 0.3239999, 0.4319999, 0, 0, 0, 0, 0, 
156705.0322875, 6, 8154, 0.3239999, 0.4319999, 0, 0, 0, 0, 0, 
157207.0327301, 6, 8154, 0.3239999, 0.4319999, 0, 0, 0, 0, 0, 
158704.0327758, 6, 8154, 0.1799999, 0.4319999, 0, 0, 0, 0, 0, 
159205.0332183, 6, 8154, 0.1799999, 0.4319999, 0, 0, 0, 0, 0, 
159702.0332641, 6, 8154, 0.1799999, 0.4319999, 0, 0, 0, 0, 0, 
161203.0353546, 6, 8155, 0.6479999, 0.4319999, 0, 0, 0, 0, 0, 
161701.0354003, 6, 8155, 0.6479999, 0.4319999, 0, 0, 0, 0, 0, 
163201.0356597, 6, 8155, 0.2159999, 0.4319999, 0, 0, 0, 0, 0, 
163699.0357055, 6, 8155, 0.2159999, 0.4319999, 0, 0, 0, 0, 0, 
164198.0358962, 6, 8155, 0.2159999, 0.4319999, 0, 0, 0, 0, 0, 
165697.0361938, 6, 8155, 0.0719999, 0.4319999, 0, 0, 0, 0, 0, 
166198.0361404, 6, 8155, 0.0719999, 0.4319999, 0, 0, 0, 0, 0, 
166695.0361938, 6, 8155, 0.0719999, 0.4319999, 0, 0, 0, 0, 0, 
167696.0366821, 6, 8155, 0.2159999, 0.4319999, 0, 0, 0, 0, 0, 
168197.0366287, 6, 8155, 0.2159999, 0.4319999, 0, 0, 0, 0, 0, 
168690.0366821, 6, 8155, 0.2159999, 0.4319999, 0, 0, 0, 0, 0, 
170194.0390701, 6, 8155, 0.0719999, 0.4319999, 0, 0, 0, 0, 0, 
170693.0391235, 6, 8155, 0.1439999, 0.4319999, 0, 0, 0, 0, 0, 
171192.0392532, 6, 8155, 0.1439999, 0.4319999, 0, 0, 0, 0, 0, 
172691.0394897, 6, 8155, 0.2519999, 0.4319999, 0, 0, 0, 0, 0, 
173192.0395584, 6, 8155, 0.2519999, 0.4319999, 0, 0, 0, 0, 0, 
174689.0398559, 6, 8155, 0.3239999, 0.4319999, 0, 0, 0, 0, 0, 
175190.0400466, 6, 8155, 0.3239999, 0.4319999, 0, 0, 0, 0, 0, 
175686.0401, 6, 8155, 0.3239999, 0.4319999, 0, 0, 0, 0, 0, 
177188.0405349, 7, 8154, 0.1079999, 0.4319999, 0, 0, 0, 0, 0, 
177686.0405883, 7, 8154, 0.1079999, 0.4319999, 0, 0, 0, 0, 0, 
178186.0405349, 7, 8154, 0.1079999, 0.4319999, 0, 0, 0, 0, 0, 
179186.0410232, 7, 8154, 0.1079999, 0.4319999, 0, 0, 0, 0, 0, 
179684.0410766, 7, 8154, 0.1079999, 0.4319999, 0, 0, 0, 0, 0, 
180186.0390701, 7, 8154, 0.1079999, 0.4319999, 0, 0, 0, 0, 0, 
181683.0393066, 8, 8155, 0.6119999, 0.4319999, 0, 0, 0, 0, 0, 
182183.0394363, 8, 8155, 0.6119999, 0.4319999, 0, 0, 0, 0, 0, 
182680.0394897, 8, 8155, 0.6119999, 0.4319999, 0, 0, 0, 0, 0, 
183681.0396118, 8, 8155, 1.4039999, 0.4319999, 0, 0, 0, 0, 0, 
184181.0398025, 8, 8155, 1.4039999, 0.4319999, 0, 0, 0, 0, 0, 
184680.0398559, 8, 8155, 1.4039999, 0.4319999, 0, 0, 0, 0, 0, 
186179.0400466, 8, 8155, 0.2159999, 0.4319999, 0, 0, 0, 0, 0, 
186678.0401, 8, 8155, 0.2159999, 0.4319999, 0, 0, 0, 0, 0, 
187176.0405349, 8, 8155, 0.2159999, 0.4319999, 0, 0, 0, 0, 0, 
188672.0405883, 8, 8155, 0.2159999, 0.4319999, 0, 0, 0, 0, 0, 
189176.0410232, 8, 8155, 0.2159999, 0.4319999, 0, 0, 0, 0, 0, 
190674.0391235, 8, 8155, 0.1079999, 0.4319999, 0, 0, 0, 0, 0, 
191175.0392532, 8, 8155, 0.1079999, 0.4319999, 0, 0, 0, 0, 0, 
191673.0393066, 8, 8155, 0.1079999, 0.4319999, 0, 0, 0, 0, 0, 
193173.0395584, 9, 8154, 0.2159999, 0.4319999, 0, 0, 0, 0, 0, 
193671.0396118, 9, 8154, 0.2159999, 0.4319999, 0, 0, 0, 0, 0, 
194170.0398025, 9, 8154, 0.2159999, 0.4319999, 0, 0, 0, 0, 0, 
195171.0400466, 9, 8154, 0.1079999, 0.4319999, 0, 0, 0, 0, 0, 
195670.0401, 9, 8154, 0.1079999, 0.4319999, 0, 0, 0, 0, 0, 
196170.0400466, 9, 8154, 0.1079999, 0.4319999, 0, 0, 0, 0, 0, 
197667.0405883, 10, 8154, 0.2879999, 0.4319999, 0, 0, 0, 0, 0, 
198168.0405349, 10, 8154, 0.2879999, 0.4319999, 0, 0, 0, 0, 0, 
198665.0405883, 10, 8154, 0.2879999, 0.4319999, 0, 0, 0, 0, 0, 
200171.0468826, 10, 8154, 0.1439999, 0.4319999, 0, 0, 0, 0, 0, 
200665.046936, 10, 8154, 0.8279999, 0.4319999, 0, 0, 0, 0, 0, 
202165.0472488, 10, 8154, 3.4559998, 0.4319999, 0, 0, 0, 0, 0, 
202662.0473022, 10, 8154, 3.4559998, 0.4319999, 0, 0, 0, 0, 0, 
203161.0473709, 10, 8154, 3.4559998, 0.4319999, 0, 0, 0, 0, 0, 
204661.0476684, 11, 8155, 0.6479999, 0.4319999, 0, 0, 0, 0, 0, 
205161.0478591, 11, 8155, 0.6479999, 0.4319999, 0, 0, 0, 0, 0, 
205659.0479125, 11, 8155, 0.6479999, 0.4319999, 0, 0, 0, 0, 0, 
206659.0479125, 11, 8155, 0.3599999, 0.4319999, 0, 0, 0, 0, 0, 
207160.0483474, 11, 8155, 0.3599999, 0.4319999, 0, 0, 0, 0, 0, 
207659.0484008, 11, 8155, 0.3599999, 0.4319999, 0, 0, 0, 0, 0, 
209154.0488357, 11, 8155, 0.2519999, 0.4319999, 0, 0, 0, 0, 0, 
209656.0488891, 11, 8155, 0.0719999, 0.4319999, 0, 0, 0, 0, 0, 
210158.0488357, 11, 8155, 0.0719999, 0.4319999, 0, 0, 0, 0, 0, 
211156.0490188, 11, 8155, 0.0719999, 0.4319999, 0, 0, 0, 0, 0, 
211654.0490722, 11, 8155, 0.0719999, 0.4319999, 0, 0, 0, 0, 0, 
212158.0492019, 11, 8155, 0.0719999, 0.4319999, 0, 0, 0, 0, 0, 
213652.0493774, 12, 8154, 0.2159999, 0.4319999, 0, 0, 0, 0, 0, 
214160.0495681, 12, 8154, 0.2159999, 0.4319999, 0, 0, 0, 0, 0, 
214649.0496215, 12, 8154, 0.2159999, 0.4319999, 0, 0, 0, 0, 0, 
216164.0498123, 12, 8154, 0.0719999, 0.4319999, 0, 0, 0, 0, 0, 
216649.0498657, 12, 8154, 0.0719999, 0.4319999, 0, 0, 0, 0, 0, 
218158.0503005, 12, 8154, 0.1799999, 0.4319999, 0, 0, 0, 0, 0, 
218649.0503539, 12, 8154, 0.1079999, 0.4319999, 0, 0, 0, 0, 0, 
219149.0507888, 12, 8154, 0.1079999, 0.4319999, 0, 0, 0, 0, 0, 
220646.0508422, 12, 8154, 0.1439999, 0.4319999, 0, 0, 0, 0, 0, 
221147.0509719, 12, 8154, 0.1439999, 0.4319999, 0, 0, 0, 0, 0, 
221643.0510253, 12, 8154, 0.3239999, 0.4319999, 0, 0, 0, 0, 0, 
222644.0512084, 13, 8154, 0.2519999, 0.4319999, 0, 0, 0, 0, 0, 
223144.0512771, 13, 8154, 0.2519999, 0.4319999, 0, 0, 0, 0, 0, 
223643.0513305, 13, 8154, 1.3679998, 0.4319999, 0, 0, 0, 0, 0, 
225142.0517654, 13, 8154, 0.9719998, 0.4319999, 0, 0, 0, 0, 0, 
225641.0518188, 13, 8154, 1.3679998, 0.4319999, 0, 0, 0, 0, 0, 
226164.0517654, 13, 8154, 1.3679998, 0.4319999, 0, 0, 0, 0, 0, 
227639.0523071, 14, 8154, 0.6839999, 0.4319999, 0, 0, 0, 0, 0, 
228158.0522537, 14, 8154, 0.6839999, 0.4319999, 0, 0, 0, 0, 0, 
229638.0527954, 14, 8154, 0.1799999, 0.4319999, 0, 0, 0, 0, 0, 
230158.0527419, 14, 8154, 0.1799999, 0.4319999, 0, 0, 0, 0, 0, 
230635.0527954, 14, 8154, 0.2159999, 0.4319999, 0, 0, 0, 0, 0, 
232159.0531082, 15, 8153, 0.3599999, 0.4319999, 0, 0, 0, 0, 0, 
232635.0531616, 15, 8153, 0.3599999, 0.4319999, 0, 0, 0, 0, 0, 
233135.0532302, 15, 8153, 0.3599999, 0.4319999, 0, 0, 0, 0, 0, 
234160.0534744, 15, 8153, 0.3239999, 0.4319999, 0, 0, 0, 0, 0, 
234633.0535278, 15, 8153, 0.3239999, 0.4319999, 0, 0, 0, 0, 0, 
235133.0537185, 15, 8153, 0.3239999, 0.4319999, 0, 0, 0, 0, 0, 
236631.0537719, 15, 8153, 0.7919999, 0.4319999, 0, 0, 0, 0, 0, 
237131.0542068, 15, 8153, 0.7919999, 0.4319999, 0, 0, 0, 0, 0, 
237628.0542602, 15, 8153, 1.0079998, 0.4319999, 0, 0, 0, 0, 0, 
238630.0542602, 15, 8153, 0.4319999, 0.4319999, 0, 0, 0, 0, 0, 
239129.0546951, 15, 8153, 0.4319999, 0.4319999, 0, 0, 0, 0, 0, 
239628.0547485, 15, 8153, 0.2159999, 0.4319999, 0, 0, 0, 0, 0, 
241128.0548782, 16, 8154, 0.0359999, 0.4319999, 0, 0, 0, 0, 0, 
241626.0549316, 16, 8154, 0.2519999, 0.4319999, 0, 0, 0, 0, 0, 
242158.0550613, 16, 8154, 0.2519999, 0.4319999, 0, 0, 0, 0, 0, 
243624.0552368, 16, 8154, 0.2159999, 0.4319999, 0, 0, 0, 0, 0, 
244165.0554275, 16, 8154, 0.2159999, 0.4319999, 0, 0, 0, 0, 0, 
245622.055725, 16, 8154, 0.1799999, 0.4319999, 0, 0, 0, 0, 0, 
246158.0556716, 16, 8154, 0.1799999, 0.4319999, 0, 0, 0, 0, 0, 
246622.055725, 16, 8154, 0.4319999, 0.4319999, 0, 0, 0, 0, 0, 
248158.0561599, 16, 8154, 0.0719999, 0.4319999, 0, 0, 0, 0, 0, 
248620.0562133, 16, 8154, 0.5399999, 0.4319999, 0, 0, 0, 0, 0, 
249119.0566482, 16, 8154, 0.5399999, 0.4319999, 0, 0, 0, 0, 0, 
250158.0546951, 16, 8154, 0.1439999, 0.4319999, 0, 0, 0, 0, 0, 
250617.0547485, 16, 8154, 0.5039999, 0.4319999, 0, 0, 0, 0, 0, 
251118.0548782, 16, 8154, 0.5039999, 0.4319999, 0, 0, 0, 0, 0, 
252616.0551147, 17, 8154, 0.2159999, 0.4319999, 0, 0, 0, 0, 0, 
253117.0551834, 17, 8154, 0.2159999, 0.4319999, 0, 0, 0, 0, 0, 
253614.0552368, 17, 8154, 0.4319999, 0.4319999, 0, 0, 0, 0, 0, 
255110.0556716, 17, 8154, 0.3239999, 0.4319999, 0, 0, 0, 0, 0, 
255613.055725, 17, 8154, 0.4679999, 0.4319999, 0, 0, 0, 0, 0, 
257113.0561599, 17, 8154, 0.2879999, 0.4319999, 0, 0, 0, 0, 0, 
259609.0567016, 17, 8154, 0.2519999, 0.4319999, 0, 0, 0, 0, 0, 
260158.0586013, 17, 8154, 0.2519999, 0.4319999, 0, 0, 0, 0, 0, 
260608.0586547, 17, 8154, 0.2879999, 0.4319999, 0, 0, 0, 0, 0, 
261607.0588378, 17, 8154, 0.3599999, 0.4319999, 0, 0, 0, 0, 0, 
262160.0589675, 17, 8154, 0.3599999, 0.4319999, 0, 0, 0, 0, 0, 
262606.0590209, 17, 8154, 0.3239999, 0.4319999, 0, 0, 0, 0, 0, 
264156.0593337, 17, 8154, 0.2879999, 0.4319999, 0, 0, 0, 0, 0, 
264604.0593872, 17, 8154, 0.2159999, 0.4319999, 0, 0, 0, 0, 0, 
265104.0595779, 17, 8154, 0.2159999, 0.4319999, 0, 0, 0, 0, 0, 
266158.0595779, 17, 8154, 0.2159999, 0.4319999, 0, 0, 0, 0, 0, 
266599.0596008, 17, 8154, 0.2159999, 0.4319999, 0, 0, 0, 0, 0, 
267104.0600662, 17, 8154, 0.2159999, 0.4319999, 0, 0, 0, 0, 0, 
271599.0627136, 17, 8154, 0.2159999, 0.4319999, 0, 0, 0, 0, 0, 
273098.0629882, 17, 8154, 0.2159999, 0.4319999, 0, 0, 0, 0, 0, 
273597.0630187, 17, 8154, 0.2159999, 0.4319999, 0, 0, 0, 0, 0, 
274159.06324, 17, 8154, 0.2159999, 0.4319999, 0, 0, 0, 0, 0, 
275595.063507, 18, 8153, 0.1439999, 0.4319999, 0, 0, 0, 0, 0, 
276158.0634841, 18, 8153, 0.1439999, 0.4319999, 0, 0, 0, 0, 0, 
276592.063507, 18, 8153, 0.0719999, 0.4319999, 0, 0, 0, 0, 0, 
277593.0639953, 19, 8152, 0.0359999, 0.4319999, 0, 0, 0, 0, 0, 
278160.0639724, 19, 8152, 0.0359999, 0.4319999, 0, 0, 0, 0, 0, 
278592.0639953, 20, 8151, 0.1439999, 0.4319999, 0, 0, 0, 0, 0, 
280168.0625076, 20, 8151, 0, 0.4319999, 0, 0, 0, 0, 0, 
280590.0625305, 20, 8151, 0, 0.4319999, 0, 0, 0, 0, 0, 
422891.0980834, 59, 8125, 18.1799983, 0.4319999, 0, 0, 0, 0, 0, 
423391.098175, 64, 8121, 19.5479984, 0.4319999, 0, 0, 0, 0, 0, 
424403.0984191, 69, 8115, 20.5559997, 0.4319999, 222.6559905, 35.4400443, 9.8158016, 2.3080768, 0, 
425900.0986938, 75, 8111, 21.4919986, 0.4319999, 198.666954, 38.6224632, 13.4676141, 7.3317975, 0, 
426388.0986633, 79, 8106, 22.7159996, 0.4319999, 198.666954, 38.6224632, 13.4676141, 7.3317975, 0, 
426885.0986938, 79, 8106, 22.7159996, 0.4319999, 198.666954, 38.6224632, 13.4676141, 7.3317975, 0, 
427897.0991821, 86, 8100, 23.6879996, 0.4319999, 220.7880706, 41.4078636, 16.4621772, 13.3551692, 0, 
428398.0991516, 86, 8100, 23.6879996, 0.4319999, 184.8579025, 43.9238624, 18.5865058, 20.0046844, 0, 
428884.0991821, 86, 8100, 23.6879996, 0.4319999, 184.8579025, 43.9238624, 18.5865058, 20.0046844, 0, 
430397.0996398, 104, 8084, 26.4239997, 0.4319999, 209.3406371, 46.189373, 20.6222953, 27.0786056, 0, 
430895.0996704, 104, 8084, 26.4239997, 0.4319999, 262.6754302, 48.5436859, 22.768404, 34.5273437, 0, 
431382.0998229, 113, 8075, 27.5759982, 0.4319999, 262.6754302, 48.5436859, 22.768404, 34.5273437, 0, 
432893.1000366, 120, 8068, 28.6559982, 0.4319999, 281.8076629, 51.0855636, 24.7671337, 42.281578, 0, 
433394.1001281, 128, 8061, 29.8079986, 0.4319999, 284.9890899, 53.3807792, 26.5736808, 50.2964477, 0, 
434891.1004028, 136, 8053, 30.7439994, 0.4319999, 257.7718658, 55.4785003, 28.0911655, 58.5075645, 0, 
435392.1006164, 145, 8045, 31.8599986, 0.4319999, 295.2569122, 57.5263633, 29.6509628, 66.8721542, 0, 
435875.1006469, 145, 8045, 31.8599986, 0.4319999, 295.2569122, 57.5263633, 29.6509628, 66.8721542, 0, 
437386.1011047, 162, 8028, 34.0559997, 1.7279999, 283.0813751, 60.6826743, 32.3423156, 83.8987808, 0, 
437875.1011352, 162, 8028, 34.0559997, 1.7279999, 283.0813751, 60.6826743, 32.3423156, 83.8987808, 0, 
439389.101593, 181, 8011, 35.459999, 3.0959999, 210.5449676, 63.8297843, 34.2539482, 101.2878188, 0, 
439874.1016235, 181, 8011, 35.459999, 3.0959999, 210.5449676, 63.8297843, 34.2539482, 101.2878188, 0, 
440387.101593, 181, 8011, 35.459999, 3.0959999, 203.1145477, 65.502182, 35.1298332, 110.1149826, 0, 
442386.1019592, 207, 7987, 38.1959991, 5.0759997, 277.9926604, 67.6628112, 37.2129325, 127.93441, 0, 
442883.1019897, 207, 7987, 38.1959991, 5.0759997, 300.5140075, 70.1344222, 38.2424545, 136.8999709, 0, 
443883.1021118, 221, 7974, 39.1679992, 6.0479998, 291.0789031, 71.556343, 39.2043762, 145.9193038, 0, 
444881.1023559, 231, 7964, 40.0319976, 6.8399996, 303.7950744, 72.9040069, 40.1601028, 154.9911117, 0, 
446382.1025695, 242, 7954, 40.8239974, 7.6319994, 260.9868926, 74.7430648, 41.7732276, 173.261116, 0, 
446880.1026, 242, 7954, 40.8239974, 7.6319994, 345.6383666, 76.7263412, 42.7256202, 182.4386367, 0, 
447368.1030578, 257, 7940, 40.8239974, 8.7119999, 345.6383666, 76.7263412, 42.7256202, 182.4386367, 0, 
448878.1030883, 272, 7926, 43.4519996, 9.8279991, 257.7654266, 78.5854568, 44.3846778, 200.9132842, 0, 
449381.1035461, 288, 7911, 43.4519996, 10.9439992, 264.9563445, 80.0533599, 45.195301, 210.2383117, 0, 
450877.1016235, 300, 7899, 44.8199996, 11.8079995, 260.6314849, 81.5217361, 46.7458229, 229.0351715, 0, 
451382.1017761, 312, 7888, 44.8199996, 12.6359996, 282.4006195, 82.9875487, 47.5301246, 238.5020446, 0, 
451873.1018066, 312, 7888, 45.6119994, 12.6359996, 280.156845, 84.0336074, 48.2907676, 248.0042877, 0, 
453383.1020812, 337, 7865, 46.3319969, 14.3639993, 221.8577117, 85.1365661, 49.5712776, 267.1621551, 0, 
454383.1023254, 350, 7853, 46.907997, 15.2279996, 240.9342345, 86.3930816, 50.2222747, 276.7880706, 0, 
455383.1025695, 363, 7840, 47.4839973, 16.1279983, 242.5494995, 87.4316863, 51.5005302, 296.1789703, 0, 
455859.1026, 363, 7840, 48.0959968, 16.1279983, 242.5494995, 87.4316863, 51.5005302, 296.1789703, 0, 
456379.1025695, 376, 7829, 48.0959968, 16.9559993, 216.5156707, 88.5608825, 52.0793266, 305.9255675, 0, 
457870.1030883, 389, 7816, 49.3559989, 17.8559989, 285.6956023, 89.7867507, 53.4207, 325.5090026, 0, 
458371.1030578, 389, 7816, 49.3559989, 17.8559989, 259.8313751, 90.8402633, 54.0335655, 335.3664245, 0, 
458867.1030883, 389, 7816, 49.3559989, 17.8559989, 282.6678008, 91.6030502, 54.6686439, 345.25531, 0, 
460381.1054992, 425, 7782, 50.6879958, 20.2319984, 272.0267181, 92.9152068, 55.8784103, 365.0846862, 0, 
460866.1055297, 425, 7782, 51.2639961, 20.2319984, 215.6699676, 93.8232955, 56.3905944, 375.0563659, 0, 
462366.1058654, 444, 7764, 51.659996, 21.4559993, 229.5472106, 94.6372146, 57.4363937, 395.1025695, 0, 
462865.1058959, 458, 7751, 52.1279983, 22.3199996, 234.3074188, 95.541397, 57.9529494, 405.1670837, 0, 
463364.1059875, 458, 7751, 52.1279983, 22.3199996, 218.8025054, 95.9999923, 58.443489, 415.270935, 0, 
465359.1064758, 487, 7724, 52.9199981, 24.1199989, 213.0188446, 96.8783569, 59.8691711, 445.802185, 0, 
466861.1065063, 501, 7711, 53.4239959, 25.0199985, 187.0506515, 98.1996612, 61.1549835, 476.612915, 0, 
467361.1069641, 501, 7711, 53.4239959, 25.0199985, 183.0382308, 98.9282683, 61.5686645, 486.9506835, 0, 
467847.1069946, 501, 7711, 53.4239959, 25.0199985, 183.0382308, 98.9282683, 61.5686645, 486.9506835, 0, 
469360.1074523, 501, 7711, 53.4239959, 25.0199985, 186.3124313, 99.7229843, 62.8044891, 518.1303405, 0, 
469858.1074829, 501, 7711, 53.4239959, 25.0199985, 207.8969116, 100.6711425, 63.2304496, 528.5632629, 0, 
470358.1094055, 501, 7711, 53.4239959, 25.0199985, 227.8910674, 100.9251479, 63.6755561, 539.0418395, 0, 
471358.1095886, 501, 7711, 53.4239959, 25.0199985, 253.0432128, 101.6088103, 64.1427993, 549.5247497, 0, 
471856.1096191, 501, 7711, 53.4239959, 25.0199985, 226.0070343, 102.0408172, 64.5756683, 560.0367736, 0, 
472356.1097717, 501, 7711, 53.4239959, 25.0199985, 181.7950668, 102.3890762, 64.8713607, 570.5722961, 0, 
473853.1099243, 551, 7664, 56.3399963, 28.0439987, 191.8508987, 103.092781, 65.6321563, 602.2194213, 0, 
474342.1101379, 551, 7664, 56.3399963, 28.0439987, 191.8508987, 103.092781, 65.6321563, 602.2194213, 0, 
474851.1101684, 601, 7616, 56.3399963, 31.0319995, 189.0150985, 103.7165069, 65.8780822, 612.7858886, 0, 
476353.110382, 651, 7569, 56.9519958, 33.8759994, 173.4016494, 97.3630752, 66.3640899, 635.4231567, 0, 
476851.1104125, 667, 7555, 57.2399978, 34.7399978, 231.1508026, 74.7197952, 66.7613754, 650.2703246, 0, 
478849.1109008, 698, 7525, 58.1039962, 36.4679984, 253.7775268, 75.6779403, 68.0199813, 694.7949829, 0, 
479335.1113586, 698, 7525, 58.1039962, 36.4679984, 253.7775268, 75.6779403, 68.0199813, 694.7949829, 0, 
480847.109436, 719, 7505, 59.039997, 37.6199989, 269.5153655, 76.8245773, 68.8719863, 724.4929199, 0, 
481348.1095886, 719, 7505, 59.039997, 37.6199989, 311.1990356, 77.7201995, 69.3432617, 739.312683, 0, 
481832.1096191, 719, 7505, 59.039997, 37.6199989, 311.1990356, 77.7201995, 69.3432617, 739.312683, 0, 
482845.1098022, 746, 7479, 60.2639961, 39.0599975, 313.2552184, 78.6369552, 70.2697753, 768.902893, 0, 
483333.1098937, 746, 7479, 60.2639961, 39.0599975, 313.2552184, 78.6369552, 70.2697753, 768.902893, 0, 
483845.1099243, 746, 7479, 60.2639961, 39.0599975, 311.5243225, 79.5228576, 70.7191696, 783.6773681, 0, 
485340.110382, 778, 7449, 61.3799972, 40.7879982, 268.3247833, 80.240715, 71.3540878, 813.1871948, 0, 
485842.1104125, 778, 7449, 61.3799972, 40.7879982, 237.6179504, 80.9170531, 71.5974578, 827.9092406, 0, 
487840.1109008, 839, 7391, 62.7119979, 43.8839988, 241.2996673, 81.5217361, 72.0858306, 857.2844848, 0, 
488341.1108703, 839, 7391, 62.7119979, 43.8839988, 245.444107, 82.2481079, 72.3299789, 871.9166259, 0, 
489838.1113891, 879, 7353, 63.9359969, 45.8279991, 328.9743651, 83.1312713, 73.0081253, 901.0548706, 0, 
490339.1094055, 879, 7353, 63.9359969, 45.8279991, 337.5348205, 83.9748, 73.3490905, 915.5787963, 0, 
490835.109436, 879, 7353, 63.9359969, 45.8279991, 349.9325866, 84.5665893, 73.6993789, 930.0692138, 0, 
492338.1097717, 902, 7331, 65.0159988, 46.9799994, 313.9013366, 85.2575454, 74.3053588, 959.0020751, 0, 
492835.1098022, 902, 7331, 65.0159988, 46.9799994, 173.6363143, 85.7755508, 74.5063171, 973.4595336, 0, 
494834.1101684, 962, 7274, 66.4919967, 49.7879982, 323.6046752, 86.4864807, 75.2464294, 1002.3182372, 0, 
496832.1104125, 1004, 7235, 67.4639968, 51.659996, 320.2543029, 87.7192916, 76.3124236, 1045.5125122, 0, 
497328.1108703, 1004, 7235, 67.4639968, 51.659996, 286.972, 88.5608825, 76.6228866, 1059.9032592, 0, 
497829.1109008, 1004, 7235, 67.4639968, 51.659996, 289.7716522, 89.0207672, 76.9328994, 1074.2777709, 0, 
498830.1109008, 1029, 7211, 68.435997, 52.7759971, 302.3363036, 89.352188, 77.252861, 1088.6577758, 0, 
499331.1113586, 1029, 7211, 68.435997, 52.7759971, 355.7198791, 89.8876342, 77.6238937, 1103.0161819, 0, 
499829.1113891, 1029, 7211, 68.435997, 52.7759971, 303.6064758, 90.1577682, 77.9378738, 1117.394844, 0, 
501328.1252136, 1060, 7182, 69.3359985, 54.1079978, 279.8160247, 90.7029419, 78.5086212, 1146.1419143, 0, 
501827.1252441, 1060, 7182, 69.3359985, 54.1079978, 284.2339324, 91.0470352, 78.7942886, 1160.5394973, 0, 
502326.1253967, 1060, 7182, 69.3359985, 54.1079978, 290.7588348, 91.4634094, 79.0835876, 1174.9238967, 0, 
503825.1255493, 1104, 7139, 70.3079986, 56.0159988, 251.122467, 91.7431106, 79.5777511, 1203.7473907, 0, 
504322.1257629, 1104, 7139, 70.3079986, 56.0159988, 298.3937835, 92.2367324, 79.8673782, 1218.1527862, 0, 
505823.1260375, 1148, 7097, 71.0279998, 57.8519973, 370.5975036, 92.7715454, 80.5787277, 1246.9773711, 0, 
506323.126007, 1148, 7097, 71.0279998, 57.8519973, 339.4987487, 93.167694, 80.8988036, 1261.4206085, 0, 
506821.1260375, 1187, 7060, 71.459999, 59.3999976, 307.1455688, 93.5307846, 81.1849059, 1275.8617706, 0, 
508322.1264953, 1213, 7036, 71.7119979, 60.4079971, 257.6800079, 93.8967056, 81.6577377, 1304.7663269, 0, 
508821.1265258, 1213, 7036, 71.7119979, 60.4079971, 257.4333648, 94.3396148, 81.868164, 1319.2111511, 0, 
509320.1269836, 1213, 7036, 71.7119979, 60.4079971, 282.1679229, 94.5626449, 82.0845107, 1333.6595153, 0, 
510320.1269836, 1213, 7036, 71.7119979, 60.4079971, 297.8008575, 94.8616561, 82.3134689, 1348.1014099, 0, 
510818.1270141, 1213, 7036, 71.7119979, 60.4079971, 285.9951324, 95.0118713, 82.5299606, 1362.5595397, 0, 
511320.1271667, 1213, 7036, 71.7119979, 60.4079971, 266.6546783, 95.3895034, 82.7267227, 1376.9965514, 0, 
512818.1273803, 1259, 6991, 73.223999, 62.171997, 275.7132415, 95.7319412, 83.132965, 1405.8722839, 0, 
513317.1274719, 1259, 6991, 73.223999, 62.171997, 287.1290435, 96.1538391, 83.3434753, 1420.3002624, 0, 
513814.1275024, 1259, 6991, 73.223999, 62.171997, 255.7185211, 96.3855361, 83.5240554, 1434.7273864, 0, 
514814.1277465, 1312, 6941, 74.0519943, 64.1520004, 243.5467834, 96.7741851, 83.6921844, 1449.1265563, 0, 
515809.1279907, 1365, 6890, 74.4839935, 66.0239944, 287.5678863, 97.244728, 84.1028671, 1477.884735, 0, 
517812.1284789, 1412, 6845, 75.2759933, 67.6800002, 262.3844451, 98.0926361, 84.6405563, 1520.8908386, 0, 
518310.1284484, 1412, 6845, 75.2759933, 67.6800002, 275.6713409, 98.684204, 84.8278579, 1535.2015075, 0, 
519810.1289672, 1453, 6806, 76.0679931, 69.0479965, 256.7942962, 99.228218, 85.3344726, 1578.0729675, 0, 
520297.1289215, 1453, 6806, 76.0679931, 69.0479965, 256.7942962, 99.228218, 85.3344726, 1578.0729675, 0, 
521807.1291503, 1481, 6779, 76.6800002, 69.947998, 221.9973754, 100.0834045, 85.741661, 1620.8063964, 0, 
522308.1293029, 1481, 6779, 76.6800002, 69.947998, 217.9760283, 86.1450042, 85.900978, 1637.4104003, 0, 
524307.1296691, 1516, 6745, 77.2559966, 71.0999984, 243.943222, 74.0055465, 86.3535384, 1676.2036132, 0, 
524806.1296997, 1551, 6712, 77.6520003, 72.1800002, 319.3271484, 74.4878921, 86.659912, 1695.5594482, 0, 
525291.129898, 1551, 6712, 77.6520003, 72.1800002, 319.3271484, 74.4878921, 86.659912, 1695.5594482, 0, 
526305.1299133, 1551, 6712, 77.6520003, 72.1800002, 301.6874694, 74.9765624, 87.224678, 1734.2125244, 0, 
526790.1299438, 1551, 6712, 77.6520003, 72.1800002, 301.6874694, 74.9765624, 87.224678, 1734.2125244, 0, 
527303.1304016, 1551, 6712, 77.6520003, 72.1800002, 263.6435699, 75.3768768, 87.4603805, 1753.5249023, 0, 
528801.1304321, 1600, 6664, 79.236, 73.6919936, 350.6881103, 75.8773269, 88.1134185, 1792.0902099, 0, 
529289.1308746, 1600, 6664, 79.236, 73.6919936, 350.6881103, 75.8773269, 88.1134185, 1792.0902099, 0, 
529799.1309204, 1600, 6664, 79.236, 73.6919936, 356.7585449, 76.433113, 88.4396591, 1811.3393554, 0, 
531295.1310577, 1650, 6616, 80.2439956, 75.1679992, 350.5100097, 76.972412, 89.0689086, 1849.7749023, 0, 
531799.1311035, 1650, 6616, 80.2439956, 75.1679992, 329.1376647, 77.519371, 89.3549728, 1868.9554442, 0, 
533796.1314086, 1745, 6524, 81.6119994, 77.831993, 333.1301879, 77.9980468, 89.9272536, 1907.2645263, 0, 
535794.1318969, 1797, 6475, 82.4759979, 79.236, 359.3039245, 78.8436202, 90.8034744, 1964.571289, 0, 
536282.1318511, 1797, 6475, 82.4759979, 79.236, 359.3039245, 78.8436202, 90.8034744, 1964.571289, 0, 
536794.1318969, 1819, 6453, 82.8359985, 79.8119964, 335.7586669, 79.3650741, 91.0229186, 1983.6630859, 0, 
538293.1323394, 1842, 6431, 83.159996, 80.3879928, 296.576126, 79.7607116, 91.3787917, 2021.7775878, 0, 
540292.1328277, 1872, 6402, 83.8799972, 81.1439971, 352.5244445, 80.4289474, 92.064949, 2078.7979736, 0, 
541289.1330108, 1872, 6402, 83.8799972, 81.1439971, 356.9361266, 80.9170531, 92.2922592, 2097.7843017, 0, 
542289.1331939, 1872, 6402, 83.8799972, 81.1439971, 311.5431823, 81.2457656, 92.4737853, 2116.7357254, 0, 
542789.1332397, 1918, 6358, 85.0319976, 82.2599944, 347.8206176, 81.4111175, 92.6882857, 2135.6890945, 0, 
543288.133316, 1918, 6358, 85.0319976, 82.2599944, 331.5044555, 81.7438659, 92.8850555, 2154.6073074, 0, 
544786.1336059, 1972, 6306, 85.6439971, 83.5199966, 334.2171935, 82.079338, 93.2794189, 2192.4090652, 0, 
545287.1338043, 1972, 6306, 85.6439971, 83.5199966, 331.7330932, 82.4175796, 93.4710845, 2211.2916412, 0, 
545769.13385, 1972, 6306, 85.6439971, 83.5199966, 331.7330932, 82.4175796, 93.4710845, 2211.2916412, 0, 
547284.1342925, 2026, 6254, 86.4719924, 84.7439956, 333.6002197, 82.7871627, 93.8871154, 2249.0103912, 0, 
547783.1343383, 2026, 6254, 86.4719924, 84.7439956, 282.2377471, 83.1600799, 94.100296, 2267.8482818, 0, 
549282.1347808, 2073, 6208, 87.1199951, 85.7879943, 313.2158508, 83.5363693, 94.5782928, 2305.49234, 0, 
549776.1348266, 2073, 6208, 87.1199951, 85.7879943, 313.4339904, 83.8574371, 94.813919, 2324.3131408, 0, 
550282.1328277, 2073, 6208, 87.1199951, 85.7879943, 307.9238586, 84.0924987, 95.042572, 2343.1273498, 0, 
551779.1330566, 2128, 6155, 88.1279983, 86.9759978, 327.5980529, 84.4178619, 95.5302352, 2380.7523498, 0, 
552266.1331939, 2128, 6155, 88.1279983, 86.9759978, 327.5980529, 84.4178619, 95.5302352, 2380.7523498, 0, 
552776.1332397, 2128, 6155, 88.1279983, 86.9759978, 294.6321258, 84.8656234, 95.7408371, 2399.5340881, 0, 
553777.1333618, 2183, 6101, 88.883995, 88.0919952, 333.1751708, 85.1970138, 96.225563, 2437.0875549, 0, 
554264.1335601, 2183, 6101, 88.883995, 88.0919952, 333.1751708, 85.1970138, 96.225563, 2437.0875549, 0, 
554777.1336059, 2231, 6054, 89.3159942, 89.0639953, 333.5162353, 85.653099, 96.4642639, 2455.8346252, 0, 
556275.1338043, 2263, 6023, 89.7119979, 89.6759948, 312.3483581, 85.9598769, 96.9001464, 2493.3258361, 0, 
556774.13385, 2263, 6023, 89.7119979, 89.6759948, 253.1837768, 86.3309326, 97.0639724, 2512.0487365, 0, 
557276.1342925, 2263, 6023, 89.7119979, 89.6759948, 255.3932494, 86.517662, 97.2284164, 2530.7628479, 0, 
558770.1343383, 2305, 5983, 90.6479949, 90.4319991, 238.6864776, 86.8306732, 97.5259094, 2568.1449279, 0, 
560774.1367797, 2386, 5904, 91.331993, 91.907997, 320.172058, 87.3998489, 98.1704559, 2624.1222534, 0, 
561260.1369171, 2386, 5904, 91.331993, 91.907997, 320.172058, 87.3998489, 98.1704559, 2624.1222534, 0, 
561769.1369628, 2386, 5904, 91.6919936, 91.907997, 286.6024322, 87.7834625, 98.3530196, 2642.7782592, 0, 
563271.1372222, 2419, 5872, 92.0879974, 92.4839935, 291.7430267, 88.2028579, 98.7228241, 2680.0172729, 0, 
563769.137268, 2419, 5872, 92.0879974, 92.4839935, 293.6093902, 88.6262893, 98.9043655, 2698.5997924, 0, 
565269.1377105, 2461, 5831, 92.7719955, 93.2039947, 288.7959747, 88.9877547, 99.183113, 2735.6998901, 0, 
567766.1382446, 2554, 5740, 93.8159942, 94.7159957, 311.877777, 89.6023864, 99.8050384, 2809.7262573, 0, 
568266.1381988, 2554, 5740, 93.8159942, 94.7159957, 284.9259795, 90.0900878, 99.9350661, 2828.2023315, 0, 
568764.1382446, 2554, 5740, 93.8159942, 94.7159957, 272.6623077, 90.3614425, 100.0543212, 2846.6456908, 0, 
569763.1387329, 2596, 5699, 94.4639968, 95.3639983, 320.7759704, 90.497734, 100.2110519, 2865.086853, 0, 
570264.1406402, 2596, 5699, 94.4639968, 95.3639983, 353.0208129, 90.771553, 100.3919906, 2883.5033569, 0, 
570763.140686, 2596, 5699, 94.4639968, 95.3639983, 321.8223266, 91.0470352, 100.5468215, 2901.8949584, 0, 
572258.1410064, 2640, 5657, 95.1119995, 96.0119934, 297.1011199, 91.2547454, 100.8788909, 2938.6830444, 0, 
572762.1410522, 2683, 5615, 95.3999938, 96.659996, 297.2865753, 91.3937454, 101.0534667, 2957.0953979, 0, 
573246.1411285, 2683, 5615, 95.3999938, 96.659996, 297.2865753, 91.3937454, 101.0534667, 2957.0953979, 0, 
574758.1414184, 2744, 5555, 95.9399947, 97.5239944, 273.5240631, 91.7664947, 101.5163192, 3012.2817382, 0, 
576757.1416625, 2796, 5504, 96.6239928, 98.2439956, 323.2620544, 92.4024581, 102.0836105, 3067.3669433, 0, 
577258.142105, 2796, 5504, 96.6239928, 98.2439956, 318.8338317, 93.0232467, 102.2654266, 3085.6730956, 0, 
577742.1421508, 2796, 5504, 97.0199966, 98.2439956, 318.8338317, 93.0232467, 102.2654266, 3085.6730956, 0, 
579256.1425933, 2830, 5470, 97.3799972, 98.6759948, 304.141632, 93.3367843, 102.7722091, 3140.5918045, 0, 
580253.1406402, 2830, 5470, 97.7759933, 98.6759948, 265.376358, 93.8232955, 102.909088, 3158.8603591, 0, 
581752.1408691, 2884, 5418, 98.4239959, 99.395996, 284.8431243, 94.191513, 103.3587417, 3213.6071929, 0, 
582240.1410064, 2884, 5418, 98.4239959, 99.395996, 284.8431243, 94.191513, 103.3587417, 3213.6071929, 0, 
583750.1411743, 2982, 5322, 99.1439971, 100.6200027, 295.8228912, 94.8116836, 103.8990325, 3268.2570953, 0, 
584251.1413726, 2982, 5322, 99.1439971, 100.6200027, 241.2000579, 95.0118713, 104.0375213, 3286.4948882, 0, 
584735.1414184, 3009, 5296, 99.395996, 100.9440002, 241.2000579, 95.0118713, 104.0375213, 3286.4948882, 0, 
586249.1416168, 3036, 5269, 99.5759963, 101.2680053, 229.8443298, 95.4653854, 104.4239425, 3341.0857238, 0, 
586747.1416625, 3064, 5242, 99.7559967, 101.5920028, 172.7644424, 95.6937713, 104.5099258, 3359.2803039, 0, 
588247.142105, 3091, 5216, 99.9719924, 101.8800048, 277.3755035, 95.8849334, 104.8308181, 3395.667755, 0, 
588745.1421508, 3118, 5189, 100.2960052, 102.2040023, 288.8444366, 96.0768585, 104.9978026, 3413.8674621, 0, 
589244.1425933, 3118, 5189, 100.2960052, 102.2040023, 256.2798614, 96.1538391, 105.1406707, 3432.0793762, 0, 
590744.140686, 3172, 5135, 100.5839996, 102.8160018, 274.0789031, 96.3468398, 105.4495391, 3468.5085754, 0, 
591244.1408233, 3172, 5135, 100.5839996, 102.8160018, 326.2301635, 96.6183547, 105.6391677, 3486.7148742, 0, 
591741.1408691, 3200, 5109, 100.9440002, 103.1040039, 228.3231048, 96.7741851, 105.7585067, 3504.9184875, 0, 
593238.1411285, 3228, 5081, 101.1600036, 103.3920059, 280.8261566, 96.9696883, 106.0692748, 3541.3264465, 0, 
595240.1416168, 3283, 5026, 101.7000045, 103.9680022, 226.2943115, 97.3499069, 106.4149169, 3595.8935851, 0, 
595738.1416625, 3310, 5000, 101.9160003, 104.2560043, 250.9487151, 97.6403503, 106.5455779, 3614.0691528, 0, 
596238.1416168, 3310, 5000, 101.9160003, 104.2560043, 215.6114196, 97.7198639, 106.6512145, 3632.250061, 0, 
597238.142105, 3338, 4973, 102.1680068, 104.5440063, 212.0757598, 98.0392074, 106.7536163, 3650.3894653, 0, 
597737.1421508, 3366, 4945, 102.4920043, 104.8320007, 240.6303252, 98.1193695, 106.8750915, 3668.53302, 0, 
598233.142105, 3366, 4945, 102.4920043, 104.8320007, 211.5264739, 97.7198639, 106.9765853, 3686.7698364, 0, 
599735.1426391, 3422, 4890, 102.9960021, 105.3720016, 231.2205352, 80.6180648, 107.2539138, 3731.0588989, 0, 
600236.1250152, 3422, 4890, 102.9960021, 105.3720016, 233.4581146, 80.7536926, 107.3929672, 3753.2092895, 0, 
600719.125061, 3450, 4862, 103.248001, 105.6240005, 233.4581146, 80.7536926, 107.3929672, 3753.2092895, 0, 
602233.1253814, 3478, 4834, 103.3920059, 105.9120025, 238.3065185, 80.9989852, 107.6766738, 3797.4629516, 0, 
602733.1254272, 3507, 4807, 103.6800002, 106.1640014, 301.3599548, 81.3008041, 107.8685912, 3819.5564575, 0, 
604231.1257476, 3535, 4779, 103.8600005, 106.4160003, 230.4430999, 81.4111175, 108.1329727, 3863.7766723, 0, 
605231.1259918, 3563, 4751, 104.0040054, 106.6679992, 208.8845825, 81.6326446, 108.2460403, 3885.8652953, 0, 
606728.1260375, 3620, 4695, 104.364006, 107.2080001, 267.0720977, 81.7624282, 108.7241592, 3952.2068481, 0, 
607215.12648, 3620, 4695, 104.364006, 107.2080001, 267.0720977, 81.7624282, 108.7241592, 3952.2068481, 0, 
607725.1265258, 3649, 4667, 104.5080032, 107.4600067, 218.921234, 81.9672088, 108.8419952, 3974.3259887, 0, 
608727.1265258, 3678, 4638, 104.5800018, 107.7120056, 204.9722289, 82.0232315, 108.9478454, 3996.4529418, 0, 
609226.1269683, 3678, 4638, 104.5800018, 107.7120056, 146.2610397, 82.0232315, 109.0059738, 4018.5966796, 0, 
609725.1270141, 3706, 4610, 104.6160049, 107.9280013, 193.8667983, 82.079338, 109.1021423, 4040.7407226, 0, 
611224.1271514, 3735, 4582, 104.8320007, 108.1800002, 231.9024963, 82.2199325, 109.353897, 4085.0236816, 0, 
612217.1273345, 3763, 4554, 104.9400024, 108.4319991, 238.3892516, 82.3045196, 109.4837951, 4107.1809158, 0, 
613722.1275024, 3820, 4497, 105.2639999, 108.9000014, 206.7091522, 82.4458923, 109.7438964, 4151.4982986, 0, 
614221.1277008, 3820, 4497, 105.2639999, 108.9000014, 262.3419036, 82.5877456, 109.9225082, 4173.6633376, 0, 
615719.1279907, 3878, 4440, 105.6240005, 109.3680038, 314.8401794, 82.7586135, 110.3594894, 4218.02565, 0, 
616716.1279907, 3907, 4412, 105.8040008, 109.5839996, 294.2220916, 82.9301986, 110.5591583, 4240.2248687, 0, 
618218.1284332, 3936, 4383, 105.9840011, 109.800003, 215.2302856, 82.9875487, 110.8315429, 4284.687271, 0, 
618717.1284789, 3965, 4355, 106.0920028, 110.0520019, 267.3704681, 83.2177505, 111.0070037, 4306.90213, 0, 
619215.1289215, 3965, 4355, 106.0920028, 110.0520019, 294.6247405, 83.2177505, 111.2028045, 4329.1540832, 0, 
620216.1289215, 3994, 4326, 106.3440017, 110.2680053, 297.4835052, 83.3912353, 111.3994521, 4351.3987121, 0, 
620716.1289672, 4023, 4297, 106.5600051, 110.4840011, 324.2602844, 83.5073013, 111.615364, 4373.6535949, 0, 
621215.1291046, 4023, 4297, 106.5600051, 110.4840011, 258.3604583, 83.6819991, 111.7788085, 4395.8996887, 0, 
622712.1293334, 4081, 4239, 106.9200057, 110.9520034, 242.6699981, 83.7404022, 112.0794067, 4440.4538879, 0, 
623200.1294097, 4081, 4239, 106.9200057, 110.9520034, 242.6699981, 83.7404022, 112.0794067, 4440.4538879, 0, 
623710.1294555, 4111, 4210, 107.1720046, 111.1679992, 349.6694335, 84.0924987, 112.3095397, 4462.690216, 0, 
625207.129898, 4140, 4181, 107.4600067, 111.3840026, 367.6345824, 84.2105178, 112.6857223, 4507.2204894, 0, 
625710.1299438, 4170, 4152, 107.7120056, 111.600006, 338.2918395, 84.5070343, 112.845581, 4529.4602355, 0, 
627209.1303863, 4199, 4123, 107.9640044, 111.8160018, 321.7755126, 84.6560821, 113.1378784, 4573.9509582, 0, 
627708.1304321, 4228, 4094, 108.2520065, 111.9960021, 347.6509093, 84.925682, 113.3014907, 4596.1701965, 0, 
628193.1303787, 4228, 4094, 108.2520065, 111.9960021, 347.6509093, 84.925682, 113.3014907, 4596.1701965, 0, 
629706.1309204, 4287, 4036, 108.8280029, 112.4280013, 380.4870605, 85.2070922, 113.8606033, 4662.8201293, 0, 
630193.130867, 4287, 4036, 108.8280029, 112.4280013, 380.4870605, 85.2070922, 113.8606033, 4662.8201293, 0, 
631704.1311035, 4348, 3975, 109.3680038, 112.8600005, 350.7772522, 85.653099, 114.1814041, 4707.1931762, 0, 
632200.1312408, 4348, 3975, 109.3680038, 112.8600005, 367.5632324, 85.8369064, 114.3521423, 4729.3801879, 0, 
632704.1312866, 4377, 3947, 109.6200027, 113.0400009, 375.9438476, 86.0214996, 114.5276565, 4751.5530395, 0, 
634203.131607, 4407, 3917, 109.9080047, 113.2560043, 393.3804626, 86.2688674, 114.9009704, 4795.8772582, 0, 
634701.1316528, 4438, 3886, 110.2680053, 113.4720001, 372.0007324, 86.5800781, 115.0694427, 4818.0120239, 0, 
635187.1318435, 4438, 3886, 110.2680053, 113.4720001, 372.0007324, 86.5800781, 115.0694427, 4818.0120239, 0, 
636200.1318511, 4468, 3857, 110.5559997, 113.6880035, 382.397766, 86.7052002, 115.4187393, 4862.3171996, 0, 
636699.1318969, 4498, 3827, 110.8440017, 113.8680038, 385.2542724, 86.9565124, 115.5930786, 4884.4558715, 0, 
637186.1323318, 4498, 3827, 110.8440017, 113.8680038, 385.2542724, 86.9565124, 115.5930786, 4884.4558715, 0, 
638698.1323852, 4558, 3767, 111.3479995, 114.2639999, 383.1710815, 87.2304229, 116.1064834, 4950.8601684, 0, 
639184.1328201, 4558, 3767, 111.3479995, 114.2639999, 383.1710815, 87.2304229, 116.1064834, 4950.8601684, 0, 
639694.1328735, 4589, 3736, 111.6360015, 114.4800033, 366.8321533, 87.4635543, 116.2630309, 4972.9998168, 0, 
641694.1330566, 4650, 3675, 112.1760024, 114.8759994, 390.3296813, 87.7834625, 116.7770385, 5039.3676757, 0, 
643193.1333084, 4681, 3645, 112.4640045, 115.0920028, 397.8644714, 88.1704559, 117.1232986, 5083.5815429, 0, 
643692.1333618, 4712, 3614, 112.5720062, 115.2720031, 341.9966735, 88.3002166, 117.2555847, 5105.7011795, 0, 
644194.1335525, 4712, 3614, 112.5720062, 115.2720031, 285.7140045, 88.4955673, 117.3476562, 5127.7929763, 0, 
645691.13385, 4774, 3552, 112.8960037, 115.6679992, 261.1981353, 88.5282134, 117.4967651, 5172.005867, 0, 
646192.1337966, 4774, 3552, 112.8960037, 115.6679992, 251.945114, 88.6262893, 117.5641937, 5194.1079177, 0, 
646675.13385, 4805, 3522, 113.0400009, 115.8479995, 251.945114, 88.6262893, 117.5641937, 5194.1079177, 0, 
648192.1342849, 4836, 3492, 113.2560043, 116.0640029, 302.1423034, 88.8450088, 117.8684768, 5260.3559722, 0, 
648675.1343383, 4867, 3460, 113.5800018, 116.2440032, 302.1423034, 88.8450088, 117.8684768, 5260.3559722, 0, 
650196.1328201, 4898, 3429, 113.723999, 116.4240035, 294.1036224, 89.086853, 118.0569, 5304.4936828, 0, 
650686.1328735, 4929, 3399, 113.9400024, 116.6040038, 307.1750488, 89.2857055, 118.1589965, 5326.5405578, 0, 
651185.1330032, 4929, 3399, 113.9400024, 116.6040038, 286.44841, 89.4854507, 118.2462005, 5348.5556945, 0, 
652191.1331863, 4960, 3367, 114.1920013, 116.8199996, 328.2393493, 89.4854507, 118.3614196, 5370.5898742, 0, 
652684.1332397, 4992, 3336, 114.4080047, 117, 353.6186523, 89.6860961, 118.4930877, 5392.5976867, 0, 
653184.1333084, 4992, 3336, 114.4080047, 117, 328.1276855, 89.7531738, 118.6066589, 5414.6118468, 0, 
654682.1336059, 5055, 3273, 115.0200042, 117.3600005, 351.2398376, 90.0900878, 118.8628082, 5458.5434875, 0, 
655181.1337966, 5055, 3273, 115.0200042, 117.3600005, 392.0546874, 90.2934493, 119.0167617, 5480.4975891, 0, 
655679.13385, 5087, 3242, 115.2720031, 117.5400009, 309.0492858, 90.2934493, 119.1142425, 5502.4751281, 0, 
657180.1342849, 5118, 3210, 115.4520034, 117.7560043, 306.3121032, 90.6002197, 119.3038101, 5546.3340148, 0, 
659173.1347732, 5182, 3147, 115.9560012, 118.1160049, 374.4384155, 90.8402633, 119.7200241, 5612.1152954, 0, 
659663.1348266, 5213, 3116, 116.1720046, 118.2960052, 374.4384155, 90.8402633, 119.7200241, 5612.1152954, 0, 
660192.1367263, 5213, 3116, 116.1720046, 118.2960052, 335.2713012, 91.1161651, 119.9407424, 5655.9531859, 0, 
661676.1369628, 5277, 3052, 116.4960021, 118.6560058, 359.0892028, 91.2894592, 120.1901168, 5699.793518, 0, 
662193.1370925, 5277, 3052, 116.4960021, 118.6560058, 352.3105468, 91.4634094, 120.3089599, 5721.7056274, 0, 
663673.137268, 5341, 2988, 116.8199996, 118.9800033, 340.8284606, 91.5680999, 120.5341567, 5765.5425415, 0, 
664198.1374587, 5341, 2988, 116.8199996, 118.9800033, 314.1314392, 91.7431106, 120.6452407, 5787.449768, 0, 
666191.1377029, 5406, 2924, 117.2519988, 119.3400039, 355.4168395, 91.9540175, 121.0557479, 5853.1621704, 0, 
666657.1377563, 5438, 2892, 117.4680023, 119.5200042, 355.4168395, 91.9540175, 121.0557479, 5853.1621704, 0, 
667168.1381912, 5438, 2892, 117.4680023, 119.5200042, 353.0054321, 91.9540175, 121.1892013, 5875.1157836, 0, 
669168.1386795, 5503, 2827, 117.7200012, 119.8800048, 314.4287719, 92.2131042, 121.5110321, 5940.9146117, 0, 
670666.140686, 5568, 2763, 118.0440063, 120.2040023, 337.8410339, 92.4736633, 121.8724136, 6006.7124023, 0, 
671153.1408157, 5568, 2763, 118.0440063, 120.2040023, 337.8410339, 92.4736633, 121.8724136, 6006.7124023, 0, 
671664.1408691, 5600, 2731, 118.223999, 120.3840026, 375.7389221, 92.7356948, 122.0150604, 6028.6284179, 0, 
673164.1411209, 5633, 2698, 118.3680038, 120.5279998, 339.3901672, 92.8552932, 122.3704757, 6094.4257812, 0, 
673650.1411743, 5665, 2666, 118.512001, 120.7080001, 339.3901672, 92.8552932, 122.3704757, 6094.4257812, 0, 
674192.141365, 5665, 2666, 118.512001, 120.7080001, 323.3326415, 92.9511947, 122.4771575, 6116.3769607, 0, 
675158.1416091, 5698, 2633, 118.6560058, 120.8520049, 344.3509521, 93.0954132, 122.6823119, 6160.2670974, 0, 
675648.1416625, 5730, 2601, 118.800003, 121.0320053, 344.3509521, 93.0954132, 122.6823119, 6160.2670974, 0, 
676193.1416091, 5730, 2601, 118.800003, 121.0320053, 372.9364623, 93.2400894, 122.7791671, 6182.2050857, 0, 
677660.1421508, 5797, 2535, 119.2680053, 121.3560027, 366.2580566, 93.3852081, 123.0548553, 6248.0171051, 0, 
678177.1420974, 5797, 2535, 119.2680053, 121.3560027, 366.2580566, 93.3852081, 123.0548553, 6248.0171051, 0, 
678658.1421508, 5830, 2501, 119.4840011, 121.5, 380.5211486, 93.6037368, 123.15419, 6269.9365386, 0, 
679658.1426391, 5862, 2469, 119.5200042, 121.6440047, 313.7683105, 93.6402587, 123.2682952, 6313.7964172, 0, 
680657.140686, 5895, 2436, 119.6280059, 121.8240051, 352.7391357, 93.8232955, 123.3489761, 6335.7007141, 0, 
683153.1411209, 5961, 2370, 119.9879989, 122.1119995, 370.8400573, 93.9886397, 123.7139968, 6423.3222961, 0, 
684653.1414184, 6027, 2305, 120.4200057, 122.4000015, 347.0388183, 94.3148956, 123.9374999, 6488.9673156, 0, 
685139.1416091, 6027, 2305, 120.4200057, 122.4000015, 347.0388183, 94.3148956, 123.9374999, 6488.9673156, 0, 
687151.1420974, 6094, 2238, 120.6360015, 122.6880035, 350.0101013, 94.5378036, 124.1626663, 6554.5762023, 0, 
687650.1421508, 6127, 2205, 120.600006, 122.8320007, 273.8974151, 94.488182, 124.19001, 6576.4795226, 0, 
689148.1425857, 6161, 2171, 120.6360015, 122.9760055, 320.8587646, 94.6372146, 124.3575897, 6642.1377563, 0, 
690198.1406326, 6193, 2139, 120.7440033, 123.1200027, 368.621704, 94.6372146, 124.4419631, 6664.0459594, 0, 
691146.1408157, 6227, 2105, 120.8160018, 123.2639999, 341.764038, 94.711914, 124.5769195, 6707.8662719, 0, 
691646.1408691, 6260, 2072, 120.9240035, 123.4080047, 368.6306762, 94.8616561, 124.6600951, 6729.7612915, 0, 
692177.1409988, 6260, 2072, 120.9240035, 123.4080047, 368.6306762, 94.8616561, 124.6600951, 6729.7612915, 0, 
693645.1411743, 6327, 2005, 121.2120056, 123.6600036, 395.3497314, 94.9116744, 124.9566039, 6795.5108032, 0, 
694194.141365, 6327, 2005, 121.2120056, 123.6600036, 352.4154968, 95.0118713, 125.0278625, 6817.4365844, 0, 
694628.1414184, 6361, 1971, 121.1760024, 123.8040008, 352.4154968, 95.0118713, 125.0278625, 6817.4365844, 0, 
696192.1416091, 6394, 1938, 121.1760024, 123.9480056, 331.3051147, 95.0118713, 125.2020416, 6883.2783813, 0, 
696628.1416625, 6428, 1904, 121.2840042, 124.0559997, 331.3051147, 95.0118713, 125.2020416, 6883.2783813, 0, 
698193.1420974, 6462, 1871, 121.3560027, 124.2000045, 323.7460327, 95.1122741, 125.359848, 6949.1377563, 0, 
698639.1421508, 6495, 1837, 121.3920059, 124.3079986, 352.3659057, 95.1625595, 125.4291534, 6971.0991821, 0, 
699123.1425857, 6495, 1837, 121.3920059, 124.3079986, 352.3659057, 95.1625595, 125.4291534, 6971.0991821, 0, 
700638.187561, 6562, 1770, 121.6080016, 124.5600051, 381.8287048, 95.2380905, 125.6666793, 7037.012207, 0, 
701136.1876907, 6562, 1770, 121.6080016, 124.5600051, 391.2463989, 95.4653854, 125.7148513, 7058.9555663, 0, 
701622.1877441, 6596, 1737, 121.8240051, 124.6679992, 391.2463989, 95.4653854, 125.7148513, 7058.9555663, 0, 
702636.1879272, 6630, 1703, 122.0400009, 124.812004, 378.0172729, 95.6175231, 125.7944641, 7102.7949295, 0, 
703135.1879959, 6630, 1703, 122.0400009, 124.812004, 365.4864196, 95.7701416, 125.8262939, 7124.6894607, 0, 
703635.1880493, 6664, 1669, 122.1480026, 124.9200057, 383.5346679, 95.7701416, 125.8688583, 7146.5903396, 0, 
705128.1884841, 6698, 1635, 122.2560043, 125.0279998, 355.6285705, 95.9232558, 125.9199981, 7190.3388748, 0, 
705633.1885375, 6731, 1601, 122.4720001, 125.1360015, 394.633026, 95.9999923, 125.9686355, 7212.2041168, 0, 
706191.1884841, 6731, 1601, 122.4720001, 125.1360015, 344.9160461, 96.0768585, 125.9873275, 7234.0576324, 0, 
707131.1889724, 6765, 1568, 122.6160049, 125.2440032, 295.8301849, 96.1538391, 125.9767989, 7255.8945464, 0, 
707631.1890258, 6799, 1534, 122.723999, 125.3520049, 328.1907653, 96.2309493, 125.9855041, 7277.7138824, 0, 
708193.1889724, 6799, 1534, 122.723999, 125.3520049, 340.8671264, 96.2309493, 126.0016937, 7299.5351715, 0, 
709628.1895141, 6867, 1466, 122.9760055, 125.5680007, 385.6721191, 96.3855361, 126.0870284, 7343.1255187, 0, 
710197.1894607, 6867, 1466, 122.9760055, 125.5680007, 363.7993469, 96.4630126, 126.1163101, 7364.9131164, 0, 
710626.1895141, 6901, 1432, 123.2280044, 125.6760024, 327.9747619, 96.4630126, 126.1242217, 7386.704132, 0, 
712190.1898269, 6935, 1398, 123.3720016, 125.7840042, 327.3906555, 96.6572646, 126.139244, 7430.2021789, 0, 
712626.1898803, 6970, 1363, 123.3720016, 125.8920059, 315.7535705, 96.6962051, 126.1397781, 7451.9438781, 0, 
714190.1901931, 7004, 1329, 123.4440002, 126, 301.1970214, 96.800209, 126.2330398, 7517.1225891, 0, 
714610.1902465, 7038, 1295, 123.6959991, 126.1080017, 301.1970214, 96.800209, 126.2330398, 7517.1225891, 0, 
715123.1904373, 7038, 1295, 123.6959991, 126.1080017, 326.7212219, 96.9305266, 126.2912216, 7538.83255, 0, 
716624.1904907, 7107, 1226, 123.8400039, 126.288002, 316.585205, 97.1135635, 126.4465026, 7603.8950805, 0, 
717108.1909255, 7107, 1226, 124.0559997, 126.288002, 316.585205, 97.1135635, 126.4465026, 7603.8950805, 0, 
717620.1909789, 7142, 1191, 124.2000045, 126.3960037, 352.2131042, 97.4025878, 126.5182952, 7625.5376586, 0, 
718615.1909789, 7176, 1157, 124.3079986, 126.5040054, 316.449829, 97.4421386, 126.619316, 7668.8345336, 0, 
719119.1914138, 7176, 1157, 124.3079986, 126.5040054, 337.5385436, 97.4817123, 126.6817168, 7690.4883422, 0, 
719605.1914672, 7210, 1123, 124.524002, 126.576004, 337.5385436, 97.4817123, 126.6817168, 7690.4883422, 0, 
721118.1915969, 7244, 1088, 124.4879989, 126.6840057, 341.2540588, 97.5874099, 126.8740234, 7755.4443969, 0, 
721617.1916503, 7279, 1054, 124.4520034, 126.7560043, 348.0115356, 97.6403503, 126.9412993, 7777.1069946, 0, 
722204.1917877, 7279, 1054, 124.4520034, 126.7560043, 421.420288, 97.6403503, 127.0508193, 7798.784729, 0, 
723615.1919555, 7349, 984, 124.7400055, 126.9360046, 358.1748046, 97.7198639, 127.195053, 7842.1480102, 0, 
724204.1921539, 7349, 984, 124.7400055, 126.9360046, 315.1802978, 97.7995071, 127.2417068, 7863.828186, 0, 
725613.1924438, 7418, 915, 124.812004, 127.1520004, 367.1524658, 97.7596664, 127.3946533, 7907.2402954, 0, 
726192.1923904, 7418, 915, 124.812004, 127.1520004, 377.3722228, 97.7995071, 127.4763488, 7928.9575805, 0, 
726610.1924438, 7452, 880, 124.8479995, 127.223999, 380.6513671, 97.959175, 127.5593185, 7950.6533813, 0, 
728193.1928787, 7487, 846, 124.8840026, 127.3320007, 349.0921325, 97.8792724, 127.6881103, 7994.1162719, 0, 
728610.1929321, 7487, 846, 124.8840026, 127.3320007, 345.4037475, 97.8792724, 127.7499466, 8015.8637695, 0, 
729108.1933669, 7522, 811, 124.8840026, 127.4039993, 376.5504455, 97.8792724, 127.8293533, 8037.6235351, 0, 
730196.1933669, 7556, 777, 124.9200057, 127.4760055, 360.1109924, 97.9991759, 127.7441787, 8081.0888671, 0, 
730595.1933898, 7591, 742, 125.0999984, 127.5839996, 360.1109924, 97.9991759, 127.7441787, 8081.0888671, 0, 
731107.1935501, 7591, 742, 125.0999984, 127.5839996, 412.7785644, 98.1193695, 127.7030792, 8102.7841873, 0, 
732605.1937866, 7661, 672, 125.3160018, 127.7639999, 410.3573303, 98.1996612, 127.576271, 8167.7739334, 0, 
733091.1938476, 7661, 672, 125.3160018, 127.7639999, 410.3573303, 98.1996612, 127.576271, 8167.7739334, 0, 
733603.1939086, 7696, 637, 125.3880004, 127.8720016, 355.8253784, 98.360649, 127.5034027, 8189.3847732, 0, 
734617.1941528, 7730, 603, 125.3880004, 127.9440002, 379.4157104, 98.360649, 127.3854217, 8232.5747222, 0, 
735098.1943359, 7730, 603, 125.5680007, 127.9440002, 418.0866088, 98.6031188, 127.3493347, 8254.1030426, 0, 
735602.1943969, 7766, 567, 125.7480011, 128.0520095, 433.8911132, 98.6031188, 127.3224944, 8275.62648, 0, 
737100.1948318, 7801, 532, 125.8560027, 128.1240005, 390.2276611, 98.6436462, 127.2189941, 8318.6333312, 0, 
737849.1948852, 7836, 497, 125.9280013, 128.2320022, 290.6687469, 98.684204, 127.1106109, 8340.1098937, 0, 
739349.195343, 7871, 462, 126.0360031, 128.3400039, 394.0224304, 98.8467788, 126.9652328, 8404.3696594, 0, 
739847.1953735, 7871, 462, 126.0360031, 128.3400039, 367.2210082, 99.0098953, 126.902214, 8425.7368469, 0, 
740333.195343, 7871, 462, 126.0360031, 128.3400039, 367.2210082, 99.0098953, 126.902214, 8425.7368469, 0, 
741846.1955566, 7965, 369, 126.4319991, 128.5920028, 363.2960205, 99.0371322, 126.7072525, 8489.7554016, 0, 
742346.1957092, 7965, 369, 126.4319991, 128.5920028, 364.6740111, 99.0916519, 126.6440353, 8511.0610656, 0, 
743843.1958618, 8023, 310, 126.5400009, 128.7719955, 344.0594177, 99.1325836, 126.4945373, 8553.6196593, 0, 
744344.1960754, 8023, 310, 126.5400009, 128.7719955, 314.8815917, 99.255577, 126.4038467, 8574.8530578, 0, 
744842.1961059, 8023, 310, 126.5400009, 128.7719955, 325.934967, 99.1735458, 126.3198318, 8596.0884094, 0, 
746342.1963195, 8082, 251, 126.4319991, 128.9520034, 332.2459411, 99.1735458, 126.1597747, 8638.519104, 0, 
746842.19635, 8141, 192, 126.4319991, 129.1319961, 339.4715576, 99.0916519, 126.0846023, 8659.7319946, 0, 
747339.1968078, 8141, 192, 126.4319991, 129.1319961, 305.1574706, 99.0098953, 125.9898986, 8680.9478149, 0, 
748340.1968078, 8141, 192, 126.4319991, 129.1319961, 294.5463104, 98.8467788, 125.7886581, 8723.4009399, 0, 
748826.1968383, 8141, 192, 126.4319991, 129.1319961, 294.5463104, 98.8467788, 125.7886581, 8723.4009399, 0, 
749339.1972961, 8141, 192, 126.4319991, 129.1319961, 259.6394805, 98.7654266, 125.6686324, 8744.6177367, 0, 
750819.1953735, 8223, 110, 125.5320053, 129.4200057, 259.6394805, 98.7654266, 125.6686324, 8744.6177367, 0, 
751325.1955261, 8223, 110, 125.5320053, 129.4200057, 259.6394805, 98.7654266, 125.6686324, 8744.6177367, 0, 
751820.1955566, 8223, 110, 125.5320053, 129.4200057, 259.6394805, 98.7654266, 125.6686324, 8744.6177367, 0, 
753323.1958312, 8305, 30, 121.2120056, 129.7080001, 259.6394805, 98.7654266, 125.6686324, 8744.6177367, 0, 
753823.1958618, 8305, 30, 121.2120056, 129.7080001, 0, 0, 123.6590499, 8899.8589477, 0, 
755322.1963195, 8397, 64, 118.4400024, 129.5999984, 0, 0, 123.0074539, 8951.0767211, 0, 
756322.1963195, 8397, 64, 116.459999, 129.5999984, 0, 0, 122.5764999, 8985.0835571, 0, 
757819.1968383, 8474, 141, 113.9039992, 129.312004, 0, 0, 121.9328918, 9035.8535156, 0, 
758320.1968078, 8474, 141, 113.9039992, 129.312004, 0, 0, 121.7212982, 9052.6386718, 0, 
758818.1968383, 8539, 206, 112.1040039, 129.0960006, 0, 0, 121.5106506, 9069.3613281, 0, 
759817.1973266, 8592, 259, 109.7639999, 128.9160079, 0, 0, 121.0866012, 9102.9882888, 0, 
760317.1992492, 8592, 259, 109.7639999, 128.9160079, 0, 0, 120.8770675, 9119.6572341, 0, 
760816.1992797, 8592, 259, 106.5600051, 128.9160079, 0, 0, 120.6676101, 9136.3300857, 0, 
762316.1996154, 8633, 300, 103.2840042, 128.8080062, 0, 0, 120.0375595, 9186.3437576, 0, 
762814.1996459, 8672, 338, 101.3759994, 128.7000045, 0, 0, 119.8297118, 9202.9345855, 0, 
763314.1997375, 8672, 338, 101.3759994, 128.7000045, 0, 0, 119.623207, 9219.4306793, 0, 
764814.2000122, 8720, 387, 96.8759994, 128.5560073, 0, 0, 119.000328, 9269.0449371, 0, 
765314.2002258, 8720, 387, 96.8759994, 128.5560073, 0, 0, 118.7957992, 9285.426773, 0, 
766806.2002563, 8792, 459, 89.8919982, 128.3400039, 0, 0, 118.1793212, 9334.6650695, 0, 
767311.2007141, 8792, 459, 89.8919982, 128.3400039, 0, 0, 117.9767455, 9350.9336242, 0, 
767807.2007446, 8817, 484, 87.0119934, 128.2679977, 0, 0, 117.7750625, 9367.141632, 0, 
769309.2012023, 8843, 509, 83.5199966, 128.1960067, 0, 0, 117.1650848, 9416.0224914, 0, 
769807.2012329, 8843, 509, 78.947998, 128.1960067, 0, 0, 116.964508, 9432.1836242, 0, 
770307.2031555, 8843, 509, 78.947998, 128.1960067, 0, 0, 116.765213, 9448.2529601, 0, 
771805.2033691, 8902, 568, 72.395996, 128.0520095, 0, 0, 116.1624603, 9496.7148742, 0, 
773804.2036743, 8950, 616, 67.9319991, 127.9080047, 0, 0, 115.3647613, 9560.867218, 0, 
774304.2038879, 8950, 616, 67.9319991, 127.9080047, 0, 0, 115.1684112, 9576.7803039, 0, 
774801.2039184, 8970, 636, 63.4319953, 127.8720016, 0, 0, 114.9733123, 9592.6025695, 0, 
775801.2041625, 8988, 654, 59.3279991, 127.800003, 0, 0, 114.5809478, 9624.3897094, 0, 
776302.204132, 8988, 654, 59.3279991, 127.800003, 0, 0, 114.3864364, 9640.1943969, 0, 
776802.2041625, 9005, 671, 54.4679984, 127.7639999, 0, 0, 114.1923828, 9655.9727172, 0, 
778300.2046203, 9020, 686, 51.9119987, 127.7280044, 0, 0, 113.6090087, 9703.2734985, 0, 
778800.2046508, 9035, 701, 51.0839996, 127.6920013, 0, 0, 113.4171371, 9718.9131469, 0, 
779297.2050933, 9035, 701, 51.0839996, 127.6920013, 0, 0, 113.2264862, 9734.4629516, 0, 
780791.203186, 9064, 730, 46.4759979, 127.6200027, 0, 0, 112.6490859, 9781.4258422, 0, 
781297.2033233, 9064, 730, 46.4759979, 127.6200027, 0, 0, 112.4590453, 9796.9649047, 0, 
783293.2036285, 9090, 756, 44.3879966, 127.5480041, 0, 0, 112.4590453, 9796.9649047, 0, 
783791.2036743, 9103, 769, 44.0999984, 127.512001, 0, 0, 112.4590453, 9796.9649047, 0, 
785304.204132, 9115, 781, 43.8119964, 127.4760055, 19.6549052, 34.4629516, 111.8302001, 9851.1992797, 0, 
785789.2041625, 9127, 793, 43.6679992, 127.4400024, 19.6549052, 34.4629516, 111.8302001, 9851.1992797, 0, 
786301.204132, 9127, 793, 43.6679992, 127.4400024, 21.8337211, 40.3632659, 111.3014984, 9897.2666625, 0, 
787800.2046508, 9152, 817, 43.3439979, 127.4039993, 13.2283439, 45.3001098, 110.8215713, 9938.1279907, 0, 
788288.204605, 9152, 817, 43.3439979, 127.4039993, 13.2283439, 45.3001098, 110.8215713, 9938.1279907, 0, 
790299.2031402, 9176, 841, 42.3719978, 127.3320007, 0.6058321, 24.2375259, 109.894371, 10014.0146484, 0, 
790782.203186, 9187, 853, 41.9039992, 127.2960052, 0.6058321, 24.2375259, 109.894371, 10014.0146484, 0, 
792297.2035064, 9199, 865, 41.435997, 127.2600021, 1.9266489, 49.4641342, 109.4479217, 10050.9677733, 0, 
792796.2035522, 9211, 876, 41.1839981, 127.223999, 1.1031365, 40.5953979, 108.9053725, 10095.7910156, 0, 
794295.2038726, 9222, 888, 41.0759963, 127.223999, 1.6494793, 45.575386, 108.4262924, 10135.5293045, 0, 
794795.2039184, 9234, 900, 40.8959998, 127.1880035, 2.5380239, 63.9318008, 108.0879516, 10163.7509841, 0, 
795279.2041168, 9234, 900, 40.8959998, 127.1880035, 2.5380239, 63.9318008, 108.0879516, 10163.7509841, 0, 
796791.2041625, 9257, 923, 40.5719985, 127.1160049, 15.0785407, 73.3048248, 107.5225372, 10212.7724762, 0, 
797790.2046508, 9268, 934, 40.5, 127.0800018, 41.2031898, 73.9827346, 107.2686386, 10236.9658355, 0, 
798789.2046508, 9280, 946, 40.3919982, 127.0439987, 34.1710777, 73.7100677, 107.0083923, 10261.1914215, 0, 
799290.2050933, 9280, 946, 40.3919982, 127.0439987, 23.1594638, 73.1707305, 106.7370987, 10285.5341949, 0, 
799789.2051391, 9280, 946, 40.3919982, 127.0439987, 17.7753829, 72.1587448, 106.4580154, 10310.1553039, 0, 
801774.1877441, 9310, 975, 36.1439971, 126.972, 17.7753829, 72.1587448, 106.4580154, 10310.1553039, 0, 
802269.1878814, 9310, 975, 36.1439971, 126.972, 17.7753829, 72.1587448, 106.4580154, 10310.1553039, 0, 
803273.1880035, 9324, 989, 33.2279968, 126.9360046, 17.7753829, 72.1587448, 106.4580154, 10310.1553039, 0, 
803772.1880493, 9333, 999, 30.7439994, 126.9000014, 17.7753829, 72.1587448, 106.4580154, 10310.1553039, 0, 
804273.1882476, 9333, 999, 30.7439994, 126.9000014, 17.7753829, 72.1587448, 106.4580154, 10310.1553039, 0, 
806273.1884918, 9351, 1017, 28.8719978, 126.8639983, 0, 0, 104.1391754, 10499.6924133, 0, 
806770.1885375, 9360, 1025, 27.683998, 126.8280029, 0, 0, 103.9688949, 10514.0000305, 0, 
808270.18898, 9367, 1033, 25.1999988, 126.8280029, 0, 0, 103.4538726, 10557.1553039, 0, 
808770.1890258, 9374, 1039, 22.2479991, 126.7919998, 0, 0, 103.2844009, 10571.4258117, 0, 
812767.1898803, 9397, 1062, 15.3359994, 126.7560043, 0, 0, 101.9175185, 10685.2559204, 0, 
813265.1899566, 9397, 1062, 15.3359994, 126.7560043, 0, 0, 101.7517013, 10699.2861938, 0, 
813763.1900024, 9401, 1066, 12.5999994, 126.7200012, 0, 0, 101.5862426, 10713.2940063, 0, 
814764.1902465, 9405, 1070, 2.6999997, 126.7200012, 0, 0, 101.2540817, 10741.3818969, 0, 
815264.1904449, 9405, 1070, 2.6999997, 126.7200012, 0, 0, 101.0893554, 10755.3496703, 0, 
815763.1904907, 9407, 1071, 0.3959999, 126.7200012, 0, 0, 100.9249801, 10769.2940063, 0, 
817257.1909332, 9407, 1071, 0.0359999, 126.7200012, 0, 0, 100.4307784, 10811.1035766, 0, 
817761.1909789, 9407, 1071, 0.0719999, 126.7200012, 0, 0, 100.267807, 10824.9570922, 0, 
818259.1909332, 9407, 1071, 0.0719999, 126.7200012, 0, 0, 100.106163, 10838.7051391, 0, 
819759.1914672, 9407, 1071, 0.1439999, 126.7200012, 0, 0, 99.6165466, 10880.2305297, 0, 
820259.1914215, 9407, 1071, 0.1439999, 126.7200012, 0, 0, 99.455635, 10893.9443969, 0, 
822257.1917877, 9407, 1071, 0.2879999, 126.7200012, 0, 0, 98.8081741, 10948.8799438, 0, 
822754.1918334, 9407, 1071, 1.3319998, 126.7200012, 0, 0, 98.6492843, 10962.4551391, 0, 
824255.1921539, 9407, 1071, 2.5199999, 126.7200012, 0, 0, 98.1689758, 11003.3771362, 0, 
824754.1921997, 9408, 1070, 4.2479996, 126.7200012, 0, 0, 98.0107879, 11016.9191283, 0, 
825253.192398, 9408, 1070, 4.2479996, 126.7200012, 0, 0, 97.8535613, 11030.3849487, 0, 
826253.192398, 9410, 1070, 0.2879999, 126.7200012, 0, 0, 97.5372848, 11057.4415893, 0, 
826753.1924438, 9410, 1070, 0.3239999, 126.7200012, 0, 0, 97.3807296, 11070.8693237, 0, 
827252.1928863, 9410, 1070, 0.3239999, 126.7200012, 0, 0, 97.2241897, 11084.3029174, 0, 
828750.1929321, 9411, 1070, 0.8279999, 126.7200012, 0, 0, 96.7535095, 11124.5802688, 0, 
829250.1933746, 9411, 1070, 0.8279999, 126.7200012, 0, 0, 96.5982589, 11137.9269485, 0, 
829748.1934204, 9412, 1071, 0.7199999, 126.7200012, 0, 0, 96.443962, 11151.1984329, 0, 
830748.1934204, 9413, 1071, 1.4759999, 126.7200012, 0, 0, 96.1332626, 11177.8917922, 0, 
831248.1935577, 9413, 1071, 1.4759999, 126.7200012, 0, 0, 95.979309, 11191.1525344, 0, 
831747.1936035, 9413, 1070, 0.9359999, 126.7200012, 0, 0, 95.8259811, 11204.3654327, 0, 
833242.1938629, 9413, 1070, 0.9, 126.7200012, 0, 0, 95.3637237, 11244.0900421, 0, 
833745.1939086, 9413, 1070, 1.7639999, 126.7200012, 0, 0, 95.2119598, 11257.1925811, 0, 
834243.194107, 9413, 1070, 1.7639999, 126.7200012, 0, 0, 95.0605087, 11270.2736358, 0, 
835743.1943969, 9414, 1071, 1.7999999, 126.7200012, 0, 0, 94.6023864, 11309.733612, 0, 
836243.1943511, 9414, 1071, 1.7999999, 126.7200012, 0, 0, 94.4518737, 11322.7570495, 0, 
837741.1948852, 9414, 1071, 4.572, 126.7200012, 0, 0, 93.9981231, 11361.9123229, 0, 
838242.1948394, 9414, 1071, 4.572, 126.7200012, 0, 0, 93.8485412, 11374.8791198, 0, 
838742.1948852, 9415, 1071, 3.8519997, 126.7200012, 0, 0, 93.6995773, 11387.7990417, 0, 
840240.1953277, 9416, 1072, 0.4319999, 126.7200012, 0, 0, 93.25074, 11426.617401, 0, 
840738.1953735, 9418, 1074, 0.1799999, 126.7200012, 0, 0, 93.1029739, 11439.4552917, 0, 
841237.1955108, 9418, 1074, 0.1799999, 126.7200012, 0, 0, 92.9558105, 11452.2472839, 0, 
842237.1956939, 9418, 1074, 0.4679999, 126.7200012, 0, 0, 92.6597594, 11477.9494323, 0, 
842737.1957397, 9418, 1074, 0.3599999, 126.7200012, 0, 0, 92.5128936, 11490.7316589, 0, 
844735.1961059, 9421, 1075, 4.8599996, 126.7200012, 0, 0, 91.9231261, 11541.8361511, 0, 
849230.1972808, 9422, 1076, 0.8639999, 126.7200012, 0, 0, 90.6006316, 11655.7111816, 0, 
849730.1973266, 9422, 1076, 1.0799999, 126.7200012, 0, 0, 90.4578857, 11668.2092285, 0, 
850228.1953277, 9422, 1076, 1.0799999, 126.7200012, 0, 0, 90.3160018, 11680.6369628, 0, 
851728.1955566, 9422, 1075, 0.5399999, 126.7200012, 0, 0, 89.8867797, 11718.1291503, 0, 
852228.1956939, 9422, 1075, 0.5399999, 126.7200012, 0, 0, 89.7457351, 11730.5041503, 0, 
852726.1957397, 9424, 1074, 0.3239999, 126.7200012, 0, 0, 89.6052551, 11742.8342285, 0, 
853726.1958618, 9424, 1074, 0.2519999, 126.7200012, 0, 0, 89.3226318, 11767.6105956, 0, 
854225.1960601, 9424, 1074, 0.2519999, 126.7200012, 0, 0, 89.1826934, 11779.9074706, 0, 
854725.1961059, 9424, 1074, 0.1439999, 126.7200012, 0, 0, 89.0427551, 11792.210205, 0, 
856223.1963043, 9424, 1074, 0.1079999, 126.7200012, 0, 0, 88.6219634, 11829.0998535, 0, 
856723.19635, 9425, 1073, 0.2159999, 126.7200012, 0, 0, 88.4831237, 11841.3254394, 0, 
857222.1967925, 9425, 1073, 0.2159999, 126.7200012, 0, 0, 88.345108, 11853.482666, 0, 
858222.1967925, 9425, 1073, 0.3239999, 126.7200012, 0, 0, 88.0674514, 11877.9113769, 0, 
858721.1968383, 9425, 1073, 0.3599999, 126.7200012, 0, 0, 87.9297027, 11890.0598144, 0, 
859220.1972808, 9425, 1073, 0.3599999, 126.7200012, 0, 0, 87.7924881, 11902.1652831, 0, 
860720.1992797, 9425, 1073, 0.2159999, 126.7200012, 0, 0, 87.3787917, 11938.5617675, 0, 
861717.1994628, 9426, 1073, 0.2879999, 126.7200012, 0, 0, 87.1054687, 11962.6740722, 0, 
863217.1997222, 9426, 1073, 0.1439999, 126.7200012, 0, 0, 86.6955184, 11998.8098144, 0, 
863717.199768, 9426, 1073, 2.9519998, 126.7200012, 0, 0, 86.5604171, 12010.7698974, 0, 
865215.2002105, 9427, 1071, 1.5839998, 126.7200012, 0, 0, 86.1539153, 12046.6556396, 0, 
865715.2002563, 9427, 1071, 4.7879996, 126.7200012, 0, 0, 86.0198745, 12058.5404052, 0, 
866214.2002105, 9427, 1071, 4.7879996, 126.7200012, 0, 0, 85.8863448, 12070.3831786, 0, 
869710.2012329, 9432, 1070, 5.4359998, 126.7200012, 0, 0, 84.9430923, 12153.2826003, 0, 
872208.2035064, 9436, 1068, 4.7159996, 126.7200012, 0, 0, 84.2796935, 12211.9232329, 0, 
872708.2035522, 9438, 1066, 5.5439996, 126.7200012, 0, 0, 84.149475, 12223.525772, 0, 
873205.2036285, 9438, 1066, 5.5439996, 126.7200012, 0, 0, 84.0200347, 12235.063858, 0, 
876703.2041625, 9444, 1061, 6.0119996, 126.7560043, 0, 0, 83.101654, 12316.1878967, 0, 
879201.2050933, 9448, 1059, 4.6799997, 126.7560043, 0, 0, 82.4557952, 12373.5580139, 0, 
879700.2051391, 9449, 1059, 2.4479999, 126.7560043, 0, 0, 82.3290176, 12384.9095763, 0, 
880199.2031326, 9449, 1059, 2.4479999, 126.7560043, 0, 0, 82.2024612, 12396.2435607, 0, 
881200.2033233, 9450, 1058, 0.5039999, 126.7560043, 0, 0, 81.9483565, 12418.9740294, 0, 
881698.2033691, 9451, 1058, 3.6359998, 126.7560043, 0, 0, 81.8227615, 12430.2328185, 0, 
882198.2034988, 9451, 1058, 3.6359998, 126.7560043, 0, 0, 81.6968993, 12441.5199279, 0, 
883697.2036743, 9453, 1057, 2.7719998, 126.7560043, 0, 0, 81.3181609, 12475.3910217, 0, 
884192.203865, 9453, 1057, 2.7719998, 126.7560043, 0, 0, 81.193489, 12486.5863342, 0, 
884695.2039184, 9454, 1057, 2.8079998, 126.7560043, 0, 0, 81.0692977, 12497.7416076, 0, 
885695.2041625, 9455, 1056, 2.8079998, 126.7560043, 0, 0, 80.819168, 12520.1810607, 0, 
886195.2041091, 9455, 1056, 2.8079998, 126.7560043, 0, 0, 80.6951598, 12531.3304748, 0, 
886694.2041625, 9455, 1055, 4.4279999, 126.7560043, 0, 0, 80.5716323, 12542.4398498, 0, 
888193.2045974, 9458, 1056, 6.0119996, 126.7560043, 0, 0, 80.1994171, 12575.8226623, 0, 
888687.2046508, 9459, 1055, 6.0119996, 126.7560043, 0, 0, 80.0765533, 12586.8861388, 0, 
889190.2050857, 9459, 1055, 6.0119996, 126.7560043, 0, 0, 79.9544066, 12597.888092, 0, 
890690.203186, 9463, 1054, 5.6879996, 126.7560043, 0, 0, 79.5851135, 12631.0590209, 0, 
891190.2033157, 9463, 1054, 5.6879996, 126.7560043, 0, 0, 79.4633712, 12642.0375366, 0, 
892688.2035522, 9467, 1054, 5.5439996, 126.7560043, 0, 0, 79.0972824, 12674.9613647, 0, 
893188.2036209, 9467, 1054, 5.5439996, 126.7560043, 0, 0, 78.9766768, 12685.8510131, 0, 
893687.2036743, 9469, 1054, 5.3279995, 126.7560043, 0, 0, 78.8562927, 12696.72406, 0, 
895185.2041091, 9470, 1053, 4.8959998, 126.7560043, 0, 0, 78.4935302, 12729.395935, 0, 
895685.2041625, 9472, 1054, 5.0039997, 126.7560043, 0, 0, 78.3737792, 12740.22406, 0, 
896183.2041091, 9472, 1054, 5.0039997, 126.7560043, 0, 0, 78.2547225, 12750.9926147, 0, 
897183.2045974, 9474, 1054, 5.2559995, 126.7560043, 0, 0, 78.0151672, 12772.6312865, 0, 
897683.2046508, 9476, 1054, 5.2199997, 126.7560043, 0, 0, 77.8962859, 12783.3939819, 0, 
898183.2045974, 9476, 1054, 5.2199997, 126.7560043, 0, 0, 77.7776031, 12794.1400756, 0, 
899681.2051391, 9478, 1054, 4.7879996, 126.7560043, 0, 0, 77.4204788, 12826.3871459, 0, 
900176.1875076, 9478, 1054, 4.7879996, 126.7560043, 0, 0, 77.3029022, 12837.0463256, 0, 
900678.187561, 9481, 1055, 4.6439995, 126.7560043, 0, 0, 77.1857681, 12847.6674194, 0, 
902178.1878738, 9482, 1056, 2.7719998, 126.7560043, 0, 0, 76.8316039, 12879.6898803, 0, 
902678.1879272, 9483, 1057, 0.5759999, 126.7560043, 0, 0, 76.7148437, 12890.2885131, 0, 
904183.18824, 9483, 1057, 0.9359999, 126.7560043, 0, 0, 76.3620529, 12922.2221069, 0, 
905174.1884841, 9483, 1057, 0.0719999, 126.7560043, 0, 0, 76.1316528, 12943.1264038, 0, 
906674.1885375, 9483, 1057, 0.6479999, 126.7560043, 0, 0, 75.7826995, 12974.7543335, 0, 
907173.1889724, 9483, 1057, 0.6479999, 126.7560043, 0, 0, 75.6680297, 12985.1879272, 0, 
907672.1890258, 9485, 1056, 0.3239999, 126.7560043, 0, 0, 75.5535659, 12995.6058959, 0, 
908667.1890258, 9485, 1056, 0.2159999, 126.7560043, 0, 0, 75.3237151, 13016.4985351, 0, 
909171.1894607, 9485, 1056, 0.2159999, 126.7560043, 0, 0, 75.2096252, 13026.8891601, 0, 
909672.1895141, 9485, 1056, 0.3959999, 126.7560043, 0, 0, 75.0955123, 13037.2856445, 0, 
911170.1896438, 9485, 1056, 0.1079999, 126.7560043, 0, 0, 74.7530136, 13068.3999023, 0, 
911670.1896972, 9485, 1056, 0.6839999, 126.7560043, 0, 0, 74.6399306, 13078.7124023, 0, 
912172.1898269, 9485, 1056, 0.6839999, 126.7560043, 0, 0, 74.5268173, 13089.0297851, 0, 
913668.1900024, 9485, 1056, 2.1599998, 126.7560043, 0, 0, 74.1877899, 13119.8676833, 0, 
914184.1901931, 9485, 1056, 2.1599998, 126.7560043, 0, 0, 74.0720825, 13130.4311599, 0, 
915665.1904907, 9486, 1057, 0.9719998, 126.7560043, 0, 0, 73.7388305, 13160.7739334, 0, 
916663.1904907, 9486, 1057, 1.6199998, 126.7560043, 0, 0, 73.5158157, 13181.1235427, 0, 
918171.1909255, 9486, 1057, 0.8279999, 126.7560043, 0, 0, 73.1794052, 13211.7866363, 0, 
918663.1909789, 9486, 1057, 0.5399999, 126.7560043, 0, 0, 73.0708389, 13221.7192535, 0, 
