Time [s], O2 [raw], CO2 [ppm], Caliper [deg C], Disk[deg C], Ambient [deg C],
0.0, 0.0, 0.0, 16.500, 16.509, 15.949, 
0.0, 0.0, 0.0, 16.500, 16.470, 15.820, 
1.0, 0.0, 0.0, 16.500, 16.500, 15.899, 
1.0, 0.0, 0.0, 16.500, 16.419, 15.870, 
1.0, 0.0, 0.0, 16.500, 16.559, 15.949, 
2.0, 0.0, 0.0, 16.500, 16.479, 15.850, 
2.0, 0.0, 369.500, 16.500, 16.479, 15.970, 
3.0, 0.0, 739.0, 16.500, 16.449, 15.869, 
3.0, 0.0, 739.0, 16.625, 16.419, 15.880, 
3.0, 0.0, 739.0, 16.625, 16.600, 15.880, 
4.0, 0.0, 739.0, 16.500, 16.410, 15.850, 
4.0, 0.0, 739.0, 16.500, 16.509, 15.880, 
4.0, 0.0, 772.0, 16.500, 16.410, 15.919, 
5.0, 0.0, 772.0, 16.500, 16.509, 15.900, 
5.0, 0.0, 772.0, 16.625, 16.459, 15.919, 
5.0, 0.0, 772.0, 16.750, 16.429, 15.910, 
6.0, 0.0, 772.0, 16.500, 16.479, 16.39, 
6.0, 0.0, 816.500, 16.625, 16.639, 15.880, 
7.0, 0.0, 861.0, 16.625, 16.479, 15.880, 
7.0, 0.0, 861.0, 16.500, 16.479, 15.900, 
7.0, 0.0, 861.0, 16.625, 16.500, 15.910, 
8.0, 0.0, 861.0, 16.750, 16.479, 15.950, 
8.0, 0.0, 861.0, 16.500, 16.449, 15.920, 
8.0, 0.0, 1038.0, 16.625, 16.500, 15.940, 
9.0, 0.0, 1038.0, 16.625, 16.410, 15.949, 
9.0, 0.0, 1038.0, 16.500, 16.489, 15.960, 
9.0, 0.0, 1038.0, 16.625, 16.399, 15.919, 
10.0, 0.0, 1038.0, 16.625, 16.479, 15.910, 
10.0, 0.0, 1042.500, 16.500, 16.449, 15.919, 
11.0, 0.0, 1047.0, 16.625, 16.449, 15.930, 
11.0, 0.0, 1047.0, 16.625, 16.470, 15.950, 
11.0, 0.0, 1047.0, 16.750, 16.449, 15.940, 
12.0, 0.0, 1047.0, 16.500, 16.529, 15.970, 
12.0, 0.0, 1047.0, 16.750, 16.529, 15.979, 
12.0, 0.0, 1082.0, 16.625, 16.509, 15.960, 
13.0, 0.0, 1082.0, 16.625, 16.550, 15.959, 
13.0, 0.0, 1082.0, 16.750, 16.500, 15.950, 
13.0, 0.0, 1082.0, 16.750, 16.550, 16.9, 
14.0, 0.0, 1082.0, 16.750, 16.539, 16.9, 
14.0, 0.0, 1117.500, 16.750, 16.529, 15.979, 
15.0, 0.0, 1153.0, 16.750, 16.449, 15.950, 
15.0, 0.0, 1153.0, 16.750, 16.479, 15.940, 
15.0, 0.0, 1153.0, 16.750, 16.479, 16.9, 
16.0, 0.0, 1153.0, 16.750, 16.550, 16.9, 
16.0, 0.0, 1153.0, 16.750, 16.569, 16.9, 
16.0, 0.0, 1204.0, 16.750, 16.570, 15.989, 
17.0, 0.0, 1204.0, 16.500, 16.529, 15.979, 
17.0, 0.0, 1204.0, 16.625, 16.550, 16.29, 
17.0, 0.0, 1204.0, 16.750, 16.430, 15.989, 
18.0, 0.0, 1204.0, 16.625, 16.479, 16.19, 
18.0, 0.0, 1224.500, 16.750, 16.489, 16.19, 
19.0, 0.0, 1245.0, 16.625, 16.449, 16.9, 
19.0, 0.0, 1245.0, 16.750, 16.550, 16.49, 
19.0, 0.0, 1245.0, 16.625, 16.529, 16.39, 
20.0, 0.0, 1245.0, 16.750, 16.529, 15.989, 
20.0, 0.0, 1245.0, 16.625, 16.559, 16.29, 
20.0, 0.0, 1289.0, 16.750, 16.500, 16.39, 
21.0, 0.0, 1289.0, 16.750, 16.520, 16.50, 
21.0, 0.0, 1289.0, 16.625, 16.559, 16.50, 
21.0, 0.0, 1289.0, 16.750, 16.580, 16.59, 
22.0, 0.0, 1289.0, 16.750, 16.520, 16.59, 
22.0, 0.0, 1315.0, 16.625, 16.470, 16.69, 
23.0, 0.0, 1341.0, 16.750, 16.550, 16.69, 
23.0, 0.0, 1341.0, 16.750, 16.529, 16.80, 
23.0, 0.0, 1341.0, 16.750, 16.699, 16.80, 
24.0, 0.0, 1341.0, 16.750, 16.580, 16.59, 
24.0, 0.0, 1341.0, 16.625, 16.550, 16.70, 
24.0, 0.0, 1386.0, 16.750, 16.509, 16.79, 
25.0, 0.0, 1386.0, 16.750, 16.539, 16.59, 
25.0, 0.0, 1386.0, 16.750, 16.509, 16.69, 
26.0, 0.0, 1386.0, 16.750, 16.509, 16.89, 
26.0, 0.0, 1386.0, 16.750, 16.539, 16.89, 
26.0, 0.0, 1389.500, 16.750, 16.550, 16.119, 
27.0, 0.0, 1393.0, 16.750, 16.550, 16.89, 
27.0, 0.0, 1393.0, 16.750, 16.699, 16.260, 
27.0, 0.0, 1393.0, 16.750, 16.610, 16.119, 
28.0, 0.0, 1393.0, 16.750, 16.529, 16.110, 
28.0, 0.0, 5696.500, 16.750, 16.529, 16.99, 
29.0, 0.0, 1391.0, 16.750, 16.580, 16.139, 
29.0, 0.0, 1391.0, 16.750, 16.580, 16.179, 
29.0, 0.0, 1391.0, 16.750, 16.630, 16.139, 
30.0, 0.0, 1391.0, 16.625, 16.600, 16.129, 
30.0, 0.0, 1389.500, 16.750, 16.570, 16.130, 
31.0, 0.0, 1388.0, 16.750, 16.559, 16.99, 
31.0, 0.0, 1388.0, 16.750, 16.580, 16.139, 
31.0, 0.0, 1388.0, 16.750, 16.639, 16.160, 
32.0, 0.0, 1388.0, 16.750, 16.669, 16.160, 
32.0, 0.0, 1388.0, 16.750, 16.669, 16.199, 
32.0, 0.0, 1387.0, 16.750, 16.660, 16.129, 
33.0, 0.0, 1387.0, 16.750, 16.630, 16.200, 
33.0, 0.0, 1387.0, 16.750, 16.619, 16.170, 
34.0, 0.0, 1387.0, 16.750, 16.589, 16.180, 
34.0, 0.0, 1387.0, 16.750, 16.589, 16.190, 
34.0, 0.0, 1385.0, 16.625, 16.630, 16.239, 
35.0, 0.0, 1383.0, 16.750, 16.630, 16.190, 
35.0, 0.0, 1383.0, 16.750, 16.650, 16.190, 
35.0, 0.0, 1383.0, 16.750, 16.669, 16.169, 
36.0, 0.0, 1383.0, 16.750, 16.589, 16.160, 
36.0, 0.0, 1383.0, 16.750, 16.630, 16.220, 
37.0, 0.0, 1381.0, 16.750, 16.630, 16.199, 
37.0, 0.0, 1381.0, 16.750, 16.589, 16.170, 
37.0, 0.0, 1381.0, 16.750, 16.639, 16.230, 
38.0, 0.0, 1381.0, 16.750, 16.649, 16.220, 
38.0, 0.0, 1381.0, 16.750, 16.589, 16.239, 
38.0, 0.0, 1381.500, 16.750, 16.660, 16.250, 
39.0, 0.0, 1382.0, 16.750, 16.660, 16.230, 
39.0, 0.0, 1382.0, 16.750, 16.580, 16.190, 
39.0, 0.0, 1382.0, 16.750, 16.580, 16.260, 
40.0, 0.0, 1382.0, 16.750, 16.589, 16.269, 
40.0, 0.0, 1382.0, 16.750, 16.610, 16.250, 
41.0, 0.0, 1387.0, 16.750, 16.639, 16.239, 
41.0, 0.0, 1387.0, 16.750, 16.610, 16.199, 
41.0, 0.0, 1387.0, 16.750, 16.669, 16.289, 
42.0, 0.0, 1387.0, 16.750, 16.660, 16.229, 
42.0, 0.0, 1387.0, 16.625, 16.649, 16.250, 
42.0, 0.0, 1391.0, 16.750, 16.649, 16.279, 
43.0, 0.0, 1395.0, 16.750, 16.730, 16.270, 
43.0, 0.0, 1395.0, 16.750, 16.770, 16.289, 
43.0, 0.0, 1395.0, 16.750, 16.660, 16.309, 
44.0, 0.0, 1395.0, 16.750, 16.639, 16.250, 
44.0, 0.0, 1395.0, 16.750, 16.639, 16.279, 
45.0, 0.0, 1405.0, 16.750, 16.720, 16.289, 
45.0, 0.0, 1405.0, 16.750, 16.779, 16.250, 
45.0, 0.0, 1405.0, 16.750, 16.760, 16.299, 
46.0, 0.0, 1405.0, 16.750, 16.779, 16.319, 
46.0, 0.0, 1405.0, 16.750, 16.669, 16.270, 
46.0, 0.0, 1410.0, 16.750, 16.779, 16.309, 
47.0, 0.0, 1415.0, 16.750, 16.710, 16.290, 
47.0, 0.0, 1415.0, 16.750, 16.750, 16.339, 
47.0, 0.0, 1415.0, 16.750, 16.750, 16.339, 
48.0, 0.0, 1415.0, 16.750, 16.660, 16.289, 
48.0, 0.0, 1415.0, 16.750, 16.779, 16.349, 
49.0, 0.0, 1447.0, 16.750, 16.710, 16.319, 
49.0, 0.0, 1447.0, 16.750, 16.740, 16.349, 
49.0, 0.0, 1447.0, 16.750, 16.680, 16.330, 
50.0, 0.0, 1447.0, 16.750, 16.690, 16.329, 
50.0, 0.0, 1447.0, 16.750, 16.730, 16.350, 
50.0, 0.0, 10000.0, 16.750, 16.690, 16.369, 
51.0, 0.0, 1471.0, 16.750, 16.740, 16.329, 
51.0, 0.0, 1471.0, 16.750, 16.790, 16.360, 
52.0, 0.0, 1471.0, 16.750, 16.730, 16.339, 
52.0, 0.0, 1471.0, 16.750, 16.770, 16.370, 
52.0, 0.0, 1481.0, 16.750, 16.789, 16.360, 
53.0, 0.0, 1491.0, 16.750, 16.790, 16.369, 
53.0, 0.0, 1491.0, 16.750, 16.789, 16.329, 
53.0, 0.0, 1491.0, 16.750, 16.840, 16.389, 
54.0, 0.0, 1491.0, 16.750, 16.750, 16.370, 
54.0, 0.0, 1491.0, 16.750, 16.790, 16.390, 
55.0, 0.0, 1521.0, 16.750, 16.789, 16.370, 
55.0, 0.0, 1521.0, 16.750, 16.740, 16.370, 
55.0, 0.0, 1521.0, 16.750, 16.800, 16.410, 
56.0, 0.0, 1521.0, 16.750, 16.760, 16.369, 
56.0, 0.0, 1521.0, 16.750, 16.770, 16.380, 
56.0, 0.0, 1535.0, 16.750, 16.740, 16.380, 
57.0, 0.0, 1549.0, 16.750, 16.750, 16.370, 
57.0, 0.0, 1549.0, 16.750, 16.890, 16.410, 
57.0, 0.0, 1549.0, 16.750, 16.889, 16.449, 
58.0, 0.0, 1549.0, 16.750, 16.809, 16.380, 
58.0, 0.0, 1549.0, 16.750, 16.809, 16.400, 
59.0, 0.0, 1599.0, 16.750, 16.809, 16.370, 
59.0, 0.0, 1599.0, 16.750, 16.850, 16.429, 
59.0, 0.0, 1599.0, 16.750, 16.779, 16.419, 
60.0, 0.0, 1599.0, 16.750, 16.789, 16.440, 
60.0, 0.0, 1599.0, 16.750, 16.850, 16.410, 
60.0, 0.0, 1626.500, 16.750, 16.820, 16.410, 
61.0, 0.0, 1654.0, 16.750, 16.839, 16.460, 
61.0, 0.0, 1654.0, 16.750, 16.809, 16.399, 
61.0, 0.0, 1654.0, 16.750, 16.880, 16.430, 
62.0, 0.0, 1654.0, 16.750, 16.830, 16.419, 
62.0, 0.0, 1654.0, 16.750, 16.809, 16.410, 
63.0, 0.0, 1706.0, 16.750, 16.870, 16.460, 
63.0, 0.0, 1706.0, 16.750, 16.889, 16.450, 
63.0, 0.0, 1706.0, 16.750, 16.930, 16.410, 
64.0, 0.0, 1706.0, 16.750, 16.880, 16.429, 
64.0, 0.0, 1706.0, 16.750, 16.889, 16.540, 
64.0, 0.0, 10000.0, 16.750, 16.850, 16.470, 
65.0, 0.0, 1755.0, 16.750, 16.839, 16.419, 
65.0, 0.0, 1755.0, 16.750, 16.870, 16.440, 
66.0, 0.0, 1755.0, 16.750, 16.869, 16.470, 
66.0, 0.0, 1755.0, 16.750, 16.870, 16.480, 
66.0, 0.0, 1783.500, 16.750, 16.850, 16.480, 
67.0, 0.0, 1812.0, 16.750, 16.880, 16.460, 
67.0, 0.0, 1812.0, 16.750, 16.900, 16.470, 
67.0, 0.0, 1812.0, 16.750, 16.839, 16.490, 
68.0, 0.0, 1812.0, 16.750, 16.839, 16.460, 
68.0, 0.0, 1812.0, 16.750, 16.870, 16.470, 
69.0, 0.0, 1860.0, 16.750, 16.949, 16.539, 
69.0, 0.0, 1860.0, 16.750, 16.840, 16.500, 
69.0, 0.0, 1860.0, 16.750, 16.880, 16.529, 
70.0, 0.0, 1860.0, 16.750, 16.860, 16.520, 
70.0, 0.0, 1860.0, 16.750, 16.850, 16.500, 
70.0, 0.0, 1875.500, 16.750, 16.900, 16.529, 
71.0, 0.0, 1891.0, 16.750, 16.970, 16.630, 
71.0, 0.0, 1891.0, 16.750, 16.890, 16.549, 
71.0, 0.0, 1891.0, 16.750, 16.910, 16.510, 
72.0, 0.0, 1891.0, 16.750, 16.900, 16.540, 
72.0, 0.0, 1891.0, 16.750, 16.910, 16.549, 
73.0, 0.0, 1947.0, 16.750, 16.900, 16.569, 
73.0, 0.0, 1947.0, 16.750, 16.890, 16.569, 
73.0, 0.0, 1947.0, 16.750, 16.919, 16.529, 
74.0, 0.0, 1947.0, 16.750, 16.910, 16.559, 
74.0, 0.0, 1947.0, 16.750, 17.0, 16.579, 
74.0, 0.0, 10000.0, 16.750, 16.890, 16.529, 
75.0, 0.0, 2021.0, 16.750, 16.949, 16.529, 
75.0, 0.0, 2021.0, 16.875, 16.920, 16.539, 
76.0, 0.0, 2021.0, 16.750, 16.940, 16.550, 
76.0, 0.0, 2021.0, 16.750, 16.970, 16.580, 
76.0, 0.0, 2055.500, 16.875, 16.970, 16.539, 
77.0, 0.0, 2090.0, 16.750, 16.930, 16.599, 
77.0, 0.0, 2090.0, 16.750, 16.900, 16.569, 
77.0, 0.0, 2090.0, 16.750, 16.970, 16.580, 
78.0, 0.0, 2090.0, 16.750, 16.960, 16.589, 
78.0, 0.0, 6045.0, 16.750, 17.0, 16.609, 
79.0, 0.0, 2159.0, 16.750, 16.930, 16.579, 
79.0, 0.0, 2159.0, 16.750, 16.989, 16.619, 
80.0, 0.0, 2159.0, 16.750, 17.19, 16.589, 
80.0, 0.0, 2159.0, 16.750, 16.869, 16.589, 
80.0, 0.0, 10000.0, 16.750, 17.10, 16.649, 
81.0, 0.0, 2209.0, 16.750, 17.20, 16.639, 
81.0, 0.0, 2209.0, 16.875, 16.979, 16.580, 
82.0, 0.0, 2209.0, 16.750, 16.949, 16.619, 
82.0, 0.0, 2209.0, 16.750, 16.960, 16.630, 
82.0, 0.0, 2225.500, 16.750, 16.900, 16.569, 
83.0, 0.0, 2242.0, 16.750, 16.979, 16.589, 
83.0, 0.0, 2242.0, 16.750, 17.0, 16.650, 
83.0, 0.0, 2242.0, 16.750, 16.970, 16.619, 
84.0, 0.0, 2242.0, 16.750, 16.960, 16.639, 
84.0, 0.0, 2242.0, 16.750, 16.989, 16.649, 
85.0, 0.0, 2280.0, 16.750, 16.970, 16.619, 
85.0, 0.0, 2280.0, 16.750, 16.970, 16.630, 
85.0, 0.0, 2280.0, 16.750, 16.970, 16.660, 
86.0, 0.0, 2280.0, 16.875, 16.970, 16.649, 
86.0, 0.0, 2280.0, 16.750, 17.0, 16.660, 
86.0, 0.0, 2290.0, 16.750, 16.970, 16.610, 
87.0, 0.0, 2300.0, 16.875, 16.989, 16.649, 
87.0, 0.0, 2300.0, 16.750, 17.0, 16.649, 
88.0, 0.0, 2300.0, 16.750, 16.950, 16.639, 
88.0, 0.0, 2300.0, 16.750, 16.989, 16.639, 
88.0, 0.0, 2300.0, 16.750, 17.0, 16.660, 
89.0, 0.0, 2301.0, 16.750, 17.29, 16.700, 
89.0, 0.0, 2301.0, 16.750, 17.79, 16.669, 
89.0, 0.0, 2301.0, 16.750, 16.920, 16.660, 
90.0, 0.0, 2301.0, 16.750, 16.920, 16.669, 
90.0, 0.0, 2301.0, 16.875, 16.990, 16.700, 
90.0, 0.0, 10000.0, 17.0, 17.89, 16.670, 
91.0, 0.0, 2297.0, 16.750, 17.0, 16.680, 
91.0, 0.0, 2297.0, 16.750, 17.29, 16.669, 
92.0, 0.0, 2297.0, 16.750, 17.10, 16.680, 
92.0, 0.0, 2297.0, 16.750, 17.10, 16.680, 
92.0, 0.0, 2297.0, 16.875, 17.50, 16.720, 
93.0, 0.0, 2297.0, 16.750, 17.0, 16.700, 
93.0, 0.0, 2297.0, 16.875, 17.79, 16.720, 
94.0, 0.0, 2297.0, 16.750, 17.110, 16.680, 
94.0, 0.0, 2297.0, 16.875, 17.50, 16.690, 
94.0, 0.0, 2297.0, 16.750, 17.19, 16.690, 
95.0, 0.0, 2292.0, 16.750, 17.29, 16.740, 
95.0, 0.0, 2292.0, 16.750, 16.919, 16.700, 
95.0, 0.0, 2292.0, 16.750, 16.989, 16.740, 
96.0, 0.0, 2292.0, 16.875, 17.50, 16.709, 
96.0, 0.0, 2292.0, 16.750, 17.19, 16.710, 
96.0, 0.0, 2292.0, 17.0, 16.950, 16.710, 
97.0, 0.0, 2292.0, 16.750, 17.99, 16.720, 
97.0, 0.0, 2292.0, 16.875, 17.49, 16.710, 
98.0, 0.0, 2292.0, 16.875, 17.59, 16.750, 
98.0, 0.0, 2292.0, 16.750, 17.49, 16.740, 
98.0, 0.0, 2292.0, 17.0, 17.110, 16.769, 
99.0, 0.0, 2299.0, 17.0, 17.90, 16.750, 
99.0, 0.0, 2299.0, 16.875, 17.29, 16.770, 
99.0, 0.0, 2299.0, 16.875, 17.69, 16.759, 
100.0, 0.0, 2299.0, 17.0, 17.50, 16.770, 
100.0, 0.0, 2299.0, 16.875, 17.139, 16.769, 
100.0, 0.0, 2309.0, 17.0, 17.69, 16.759, 
101.0, 0.0, 2319.0, 16.875, 17.79, 16.779, 
101.0, 0.0, 2319.0, 16.875, 17.99, 16.779, 
102.0, 0.0, 2319.0, 17.0, 17.29, 16.770, 
102.0, 0.0, 2319.0, 16.875, 17.99, 16.770, 
102.0, 0.0, 2319.0, 17.0, 17.129, 16.759, 
103.0, 0.0, 2336.0, 17.0, 17.99, 16.769, 
103.0, 0.0, 2336.0, 17.0, 17.129, 16.769, 
103.0, 0.0, 2336.0, 17.0, 17.130, 16.769, 
104.0, 0.0, 2336.0, 17.0, 17.69, 16.790, 
104.0, 0.0, 2336.0, 16.750, 17.130, 16.800, 
104.0, 0.0, 2345.0, 17.0, 17.80, 16.789, 
105.0, 0.0, 2354.0, 17.0, 17.130, 16.769, 
105.0, 0.0, 2354.0, 16.875, 17.69, 16.819, 
106.0, 0.0, 2354.0, 17.0, 17.99, 16.799, 
106.0, 0.0, 2354.0, 17.0, 17.69, 16.839, 
106.0, 0.0, 2354.0, 16.750, 17.89, 16.799, 
107.0, 0.0, 2366.0, 16.875, 17.109, 16.809, 
107.0, 0.0, 2366.0, 17.0, 17.79, 16.800, 
107.0, 0.0, 2366.0, 16.875, 17.119, 16.789, 
108.0, 0.0, 2366.0, 16.750, 17.130, 16.839, 
108.0, 0.0, 2366.0, 17.0, 17.109, 16.819, 
108.0, 0.0, 10000.0, 16.750, 16.989, 16.829, 
109.0, 0.0, 2380.0, 16.875, 17.99, 16.809, 
109.0, 0.0, 2380.0, 17.0, 17.79, 16.790, 
110.0, 0.0, 2380.0, 16.750, 16.980, 16.799, 
110.0, 0.0, 2380.0, 17.0, 17.19, 16.819, 
110.0, 0.0, 10000.0, 17.0, 17.89, 16.790, 
111.0, 0.0, 2414.0, 17.0, 17.110, 16.809, 
111.0, 0.0, 2414.0, 16.875, 17.99, 16.849, 
112.0, 0.0, 2414.0, 17.0, 17.29, 16.809, 
112.0, 0.0, 2414.0, 17.0, 17.50, 16.850, 
112.0, 0.0, 2429.500, 17.0, 17.119, 16.809, 
113.0, 0.0, 2445.0, 17.0, 17.99, 16.819, 
113.0, 0.0, 2445.0, 17.0, 17.160, 16.829, 
114.0, 0.0, 2445.0, 16.875, 17.89, 16.849, 
114.0, 0.0, 2445.0, 17.0, 17.190, 16.849, 
114.0, 0.0, 6222.500, 16.875, 17.149, 16.869, 
115.0, 0.0, 2496.0, 16.875, 17.129, 16.849, 
115.0, 0.0, 2496.0, 17.0, 17.69, 16.829, 
116.0, 0.0, 2496.0, 16.875, 17.179, 16.850, 
116.0, 0.0, 2496.0, 17.0, 17.179, 16.869, 
116.0, 0.0, 2542.0, 17.0, 17.229, 16.869, 
117.0, 0.0, 2588.0, 17.0, 17.139, 16.870, 
117.0, 0.0, 2588.0, 17.0, 17.99, 16.880, 
118.0, 0.0, 2588.0, 17.0, 17.259, 16.849, 
118.0, 0.0, 2588.0, 17.0, 17.349, 16.840, 
118.0, 0.0, 2588.0, 17.0, 17.269, 16.860, 
119.0, 0.0, 2699.0, 17.0, 17.259, 16.880, 
119.0, 0.0, 2699.0, 16.875, 17.319, 16.839, 
119.0, 0.0, 2699.0, 17.0, 17.250, 16.869, 
120.0, 0.0, 2699.0, 17.0, 17.319, 16.890, 
120.0, 0.0, 2699.0, 17.0, 17.239, 16.880, 
121.0, 0.0, 2752.500, 17.0, 17.199, 16.910, 
121.0, 0.0, 2806.0, 17.0, 17.209, 16.870, 
121.0, 0.0, 2806.0, 17.0, 17.170, 16.869, 
122.0, 0.0, 2806.0, 17.0, 17.330, 16.900, 
122.0, 0.0, 2806.0, 17.0, 17.269, 16.880, 
122.0, 0.0, 2806.0, 17.0, 17.259, 16.920, 
123.0, 0.0, 2914.0, 17.0, 17.319, 16.930, 
123.0, 0.0, 2914.0, 17.0, 17.250, 16.880, 
123.0, 0.0, 2914.0, 17.0, 17.259, 16.900, 
124.0, 0.0, 2914.0, 17.0, 17.209, 16.880, 
124.0, 0.0, 2914.0, 17.0, 17.229, 16.869, 
125.0, 0.0, 2963.500, 17.0, 17.220, 16.960, 
125.0, 0.0, 3013.0, 17.0, 17.250, 16.900, 
125.0, 0.0, 3013.0, 16.875, 17.229, 16.940, 
126.0, 0.0, 3013.0, 17.0, 17.229, 16.889, 
126.0, 0.0, 3013.0, 17.0, 17.229, 16.950, 
126.0, 0.0, 3013.0, 17.0, 17.289, 16.880, 
127.0, 0.0, 3109.0, 17.0, 17.90, 16.889, 
127.0, 0.0, 3109.0, 17.0, 17.129, 16.910, 
127.0, 0.0, 3109.0, 17.0, 17.179, 16.890, 
128.0, 0.0, 3109.0, 17.0, 17.250, 16.950, 
128.0, 0.0, 3109.0, 17.0, 17.110, 16.910, 
129.0, 0.0, 3148.0, 17.0, 17.109, 16.860, 
129.0, 0.0, 3187.0, 17.0, 17.170, 16.940, 
129.0, 0.0, 3187.0, 17.0, 17.130, 16.950, 
130.0, 0.0, 3187.0, 17.0, 17.129, 16.889, 
130.0, 0.0, 3187.0, 17.0, 17.99, 16.920, 
130.0, 0.0, 3187.0, 17.0, 17.190, 16.930, 
131.0, 0.0, 3280.0, 17.0, 17.139, 16.930, 
131.0, 0.0, 3280.0, 17.0, 17.99, 16.930, 
131.0, 0.0, 3280.0, 17.0, 17.129, 16.930, 
132.0, 0.0, 3280.0, 17.0, 17.99, 16.940, 
132.0, 0.0, 3280.0, 17.0, 17.199, 16.900, 
133.0, 0.0, 3325.0, 17.0, 17.99, 16.930, 
133.0, 0.0, 3370.0, 17.0, 17.149, 16.930, 
133.0, 0.0, 3370.0, 17.0, 17.169, 16.889, 
134.0, 0.0, 3370.0, 17.0, 17.69, 16.940, 
134.0, 0.0, 3370.0, 17.0, 17.89, 16.960, 
134.0, 0.0, 6685.0, 17.0, 17.190, 16.960, 
135.0, 0.0, 3460.0, 17.0, 16.970, 16.910, 
135.0, 0.0, 3460.0, 17.0, 17.119, 16.960, 
136.0, 0.0, 3460.0, 17.0, 17.0, 16.940, 
136.0, 0.0, 3460.0, 17.0, 17.39, 16.950, 
137.0, 0.0, 10000.0, 17.0, 17.149, 16.910, 
137.0, 0.0, 3550.0, 17.0, 17.0, 16.900, 
137.0, 0.0, 3550.0, 17.0, 17.80, 16.930, 
138.0, 0.0, 3550.0, 17.0, 17.159, 16.930, 
138.0, 0.0, 3550.0, 17.0, 17.99, 16.930, 
139.0, 0.0, 3595.0, 17.0, 17.160, 16.940, 
139.0, 0.0, 3640.0, 17.0, 17.160, 16.960, 
139.0, 0.0, 3640.0, 17.0, 16.980, 16.889, 
140.0, 0.0, 3640.0, 17.0, 17.80, 16.940, 
140.0, 0.0, 3640.0, 17.0, 17.129, 16.910, 
140.0, 0.0, 3640.0, 17.0, 17.199, 16.900, 
141.0, 0.0, 3717.0, 17.0, 17.90, 16.930, 
141.0, 0.0, 3717.0, 17.0, 17.109, 16.970, 
142.0, 0.0, 3717.0, 17.0, 17.189, 16.950, 
142.0, 0.0, 3717.0, 17.0, 17.149, 16.889, 
142.0, 0.0, 3717.0, 17.0, 16.980, 16.930, 
143.0, 0.0, 3770.500, 17.0, 17.149, 16.940, 
143.0, 0.0, 3824.0, 17.0, 17.99, 16.930, 
143.0, 0.0, 3824.0, 17.0, 17.159, 16.989, 
144.0, 0.0, 3824.0, 17.0, 17.149, 16.930, 
144.0, 0.0, 3824.0, 17.0, 17.80, 16.970, 
144.0, 0.0, 3824.0, 17.0, 17.110, 16.900, 
145.0, 0.0, 3943.0, 17.0, 17.160, 16.920, 
145.0, 0.0, 3943.0, 17.0, 17.149, 16.979, 
146.0, 0.0, 3943.0, 17.0, 17.149, 16.960, 
146.0, 0.0, 3943.0, 17.0, 17.239, 16.970, 
146.0, 0.0, 3943.0, 17.0, 17.90, 16.940, 
147.0, 0.0, 4006.0, 17.0, 17.170, 16.950, 
147.0, 0.0, 4069.0, 17.0, 17.110, 16.900, 
147.0, 0.0, 4069.0, 17.0, 17.209, 16.949, 
148.0, 0.0, 4069.0, 17.0, 17.149, 16.920, 
148.0, 0.0, 4069.0, 17.0, 17.239, 16.920, 
148.0, 0.0, 4069.0, 17.0, 17.59, 16.970, 
149.0, 0.0, 4202.0, 17.0, 17.199, 16.940, 
149.0, 0.0, 4202.0, 17.0, 17.190, 16.940, 
150.0, 0.0, 4202.0, 17.0, 17.0, 16.940, 
150.0, 0.0, 4202.0, 17.0, 17.79, 16.930, 
150.0, 0.0, 4202.0, 17.0, 17.90, 16.960, 
151.0, 0.0, 10000.0, 17.0, 17.89, 16.950, 
151.0, 0.0, 4324.0, 17.0, 17.129, 16.950, 
152.0, 0.0, 4324.0, 17.0, 17.49, 16.900, 
152.0, 0.0, 4324.0, 17.0, 17.99, 16.910, 
152.0, 0.0, 4324.0, 17.0, 17.149, 16.930, 
153.0, 0.0, 10000.0, 17.0, 17.170, 16.970, 
153.0, 0.0, 4461.0, 17.0, 17.269, 16.979, 
154.0, 0.0, 4461.0, 17.0, 17.239, 16.929, 
154.0, 0.0, 4461.0, 17.0, 17.170, 16.920, 
154.0, 0.0, 4461.0, 17.0, 17.220, 16.960, 
155.0, 0.0, 4527.0, 17.0, 17.179, 16.900, 
155.0, 0.0, 4593.0, 17.0, 17.210, 16.979, 
155.0, 0.0, 4593.0, 17.0, 17.229, 16.940, 
156.0, 0.0, 4593.0, 17.0, 17.210, 16.960, 
156.0, 0.0, 4593.0, 17.0, 17.170, 16.950, 
156.0, 0.0, 4593.0, 17.0, 17.279, 16.950, 
157.0, 0.0, 4728.0, 17.0, 17.279, 16.990, 
157.0, 0.0, 4728.0, 17.0, 17.250, 16.970, 
158.0, 0.0, 4728.0, 17.0, 17.179, 16.970, 
158.0, 0.0, 4728.0, 17.0, 17.190, 16.979, 
158.0, 0.0, 4728.0, 17.0, 17.239, 16.950, 
159.0, 0.0, 4787.0, 17.0, 17.190, 16.990, 
159.0, 0.0, 4846.0, 17.0, 17.210, 16.930, 
159.0, 0.0, 4846.0, 17.0, 17.279, 16.990, 
160.0, 0.0, 4846.0, 17.0, 17.239, 17.0, 
160.0, 0.0, 4846.0, 17.0, 17.229, 16.940, 
160.0, 0.0, 4846.0, 17.0, 17.299, 16.990, 
161.0, 0.0, 4964.0, 17.0, 17.319, 16.979, 
161.0, 0.0, 4964.0, 17.0, 17.259, 16.950, 
162.0, 0.0, 4964.0, 17.0, 17.309, 16.979, 
162.0, 0.0, 4964.0, 17.0, 17.339, 17.0, 
162.0, 0.0, 4964.0, 17.0, 17.220, 16.940, 
163.0, 0.0, 5022.0, 17.0, 17.210, 16.940, 
163.0, 0.0, 5080.0, 17.0, 17.210, 16.980, 
163.0, 0.0, 5080.0, 17.0, 17.289, 16.990, 
164.0, 0.0, 5080.0, 17.0, 17.289, 16.970, 
164.0, 0.0, 5080.0, 17.0, 17.269, 16.970, 
164.0, 0.0, 7540.0, 17.0, 17.250, 16.960, 
165.0, 0.0, 5206.0, 17.0, 17.349, 17.19, 
166.0, 0.0, 5206.0, 17.0, 17.269, 17.10, 
166.0, 0.0, 5206.0, 17.0, 17.329, 17.0, 
166.0, 0.0, 5206.0, 17.0, 17.309, 17.0, 
167.0, 0.0, 10000.0, 17.0, 17.209, 16.970, 
167.0, 0.0, 5301.0, 17.0, 17.339, 16.989, 
168.0, 0.0, 5301.0, 17.0, 17.319, 17.29, 
168.0, 0.0, 5301.0, 17.0, 17.289, 17.0, 
168.0, 0.0, 5301.0, 17.0, 17.259, 17.20, 
169.0, 0.0, 5301.0, 17.0, 17.269, 16.989, 
169.0, 0.0, 5381.0, 17.0, 17.279, 16.990, 
169.0, 0.0, 5381.0, 17.0, 17.239, 16.960, 
170.0, 0.0, 5381.0, 17.0, 17.209, 16.979, 
170.0, 0.0, 5381.0, 17.0, 17.229, 16.970, 
170.0, 0.0, 5381.0, 17.0, 17.289, 17.0, 
171.0, 0.0, 10000.0, 17.0, 17.269, 17.29, 
171.0, 0.0, 5500.0, 17.0, 17.360, 17.9, 
172.0, 0.0, 5500.0, 17.0, 17.369, 17.10, 
172.0, 0.0, 5500.0, 17.0, 17.289, 17.10, 
172.0, 0.0, 5500.0, 17.0, 17.299, 17.0, 
173.0, 0.0, 10000.0, 17.0, 17.269, 17.10, 
173.0, 0.0, 5592.0, 17.0, 17.259, 16.980, 
174.0, 0.0, 5592.0, 17.0, 17.329, 17.10, 
174.0, 0.0, 5592.0, 17.0, 17.329, 17.0, 
174.0, 0.0, 5592.0, 17.0, 17.339, 17.29, 
175.0, 0.0, 5592.0, 17.0, 17.369, 17.89, 
175.0, 0.0, 5608.0, 17.0, 17.319, 17.39, 
175.0, 0.0, 5608.0, 17.0, 17.289, 17.39, 
176.0, 0.0, 5608.0, 17.0, 17.319, 17.39, 
176.0, 0.0, 5608.0, 17.0, 17.339, 17.29, 
176.0, 0.0, 5608.0, 17.0, 17.319, 17.39, 
177.0, 0.0, 10000.0, 17.0, 17.149, 17.49, 
177.0, 0.0, 5651.0, 17.0, 17.240, 17.29, 
178.0, 0.0, 5651.0, 17.0, 17.210, 17.9, 
178.0, 0.0, 5651.0, 17.0, 17.269, 16.979, 
178.0, 0.0, 5651.0, 17.0, 17.269, 17.9, 
179.0, 0.0, 10000.0, 17.0, 17.250, 16.989, 
179.0, 0.0, 5695.0, 17.0, 17.329, 17.20, 
180.0, 0.0, 5695.0, 17.0, 17.319, 17.39, 
180.0, 0.0, 5695.0, 17.0, 17.339, 17.9, 
180.0, 0.0, 5695.0, 17.0, 17.339, 17.29, 
181.0, 0.0, 10000.0, 17.0, 17.149, 17.29, 
181.0, 0.0, 5755.0, 17.0, 17.299, 17.29, 
182.0, 0.0, 5755.0, 17.0, 17.199, 17.0, 
182.0, 0.0, 5755.0, 17.0, 17.289, 17.19, 
182.0, 0.0, 5755.0, 17.0, 17.309, 17.19, 
183.0, 0.0, 10000.0, 17.0, 17.369, 17.10, 
183.0, 0.0, 5814.0, 17.0, 17.289, 17.39, 
184.0, 0.0, 5814.0, 17.0, 17.209, 17.29, 
184.0, 0.0, 5814.0, 17.0, 17.289, 17.50, 
184.0, 0.0, 5814.0, 17.0, 17.190, 17.59, 
185.0, 0.0, 10000.0, 17.0, 17.329, 17.49, 
185.0, 0.0, 5856.0, 17.0, 17.369, 17.29, 
186.0, 0.0, 5856.0, 17.0, 17.339, 17.20, 
186.0, 0.0, 5856.0, 17.0, 17.269, 17.59, 
186.0, 0.0, 5856.0, 17.0, 17.360, 17.70, 
187.0, 0.0, 5856.0, 17.0, 17.250, 17.49, 
187.0, 0.0, 5911.0, 17.0, 17.250, 17.29, 
187.0, 0.0, 5911.0, 17.0, 17.239, 17.59, 
188.0, 0.0, 5911.0, 17.0, 17.210, 17.80, 
188.0, 0.0, 5911.0, 17.0, 17.399, 17.69, 
188.0, 0.0, 5911.0, 17.0, 17.269, 17.49, 
189.0, 0.0, 5955.500, 17.0, 17.289, 17.9, 
189.0, 0.0, 6000.0, 17.0, 17.319, 17.59, 
189.0, 0.0, 6000.0, 17.0, 17.360, 17.39, 
190.0, 0.0, 6000.0, 17.0, 17.389, 17.49, 
190.0, 0.0, 6000.0, 17.0, 17.319, 16.990, 
191.0, 0.0, 6000.0, 17.0, 17.299, 17.59, 
191.0, 0.0, 6096.0, 17.0, 17.259, 17.29, 
191.0, 0.0, 6096.0, 17.0, 17.129, 17.70, 
192.0, 0.0, 6096.0, 17.0, 17.289, 17.29, 
192.0, 0.0, 6096.0, 17.0, 17.369, 17.70, 
192.0, 0.0, 6096.0, 17.0, 17.199, 17.29, 
193.0, 0.0, 6150.500, 17.0, 17.279, 17.59, 
193.0, 0.0, 6205.0, 17.0, 17.189, 17.29, 
193.0, 0.0, 6205.0, 17.0, 17.360, 17.50, 
194.0, 0.0, 6205.0, 17.0, 17.239, 17.59, 
194.0, 0.0, 6205.0, 17.0, 17.349, 17.59, 
195.0, 0.0, 8102.500, 17.0, 17.339, 17.59, 
195.0, 0.0, 6318.0, 17.0, 17.190, 17.59, 
196.0, 0.0, 6318.0, 17.0, 17.419, 17.79, 
196.0, 0.0, 6318.0, 17.0, 17.379, 17.80, 
196.0, 0.0, 6318.0, 17.0, 17.79, 17.20, 
197.0, 0.0, 6386.500, 17.0, 17.229, 17.29, 
197.0, 0.0, 6455.0, 17.0, 17.129, 17.59, 
198.0, 0.0, 6455.0, 17.0, 17.259, 17.89, 
198.0, 0.0, 6455.0, 17.0, 17.129, 17.80, 
198.0, 0.0, 6455.0, 17.0, 17.339, 17.40, 
199.0, 0.0, 6455.0, 17.0, 17.289, 17.69, 
199.0, 0.0, 6571.0, 17.0, 17.289, 17.80, 
199.0, 0.0, 6571.0, 17.0, 17.309, 17.39, 
200.0, 0.0, 6571.0, 17.0, 17.279, 17.80, 
200.0, 0.0, 6571.0, 17.0, 17.220, 17.59, 
200.0, 0.0, 6571.0, 17.0, 17.389, 17.59, 
201.0, 0.0, 6642.0, 17.0, 17.369, 17.89, 
201.0, 0.0, 6713.0, 17.0, 17.369, 17.79, 
202.0, 0.0, 6713.0, 17.0, 17.369, 17.70, 
202.0, 0.0, 6713.0, 17.0, 17.369, 17.69, 
202.0, 0.0, 6713.0, 17.0, 17.410, 17.80, 
203.0, 0.0, 6713.0, 17.0, 17.179, 17.70, 
203.0, 0.0, 6848.0, 17.0, 17.470, 17.89, 
203.0, 0.0, 6848.0, 17.0, 17.379, 17.89, 
204.0, 0.0, 6848.0, 17.0, 17.369, 17.99, 
204.0, 0.0, 6848.0, 17.0, 17.309, 17.69, 
204.0, 0.0, 6848.0, 17.0, 17.259, 17.80, 
205.0, 0.0, 10000.0, 17.0, 17.269, 17.49, 
205.0, 0.0, 6948.0, 17.0, 17.319, 17.59, 
206.0, 0.0, 6948.0, 17.0, 17.369, 17.70, 
206.0, 0.0, 6948.0, 17.0, 17.289, 17.40, 
206.0, 0.0, 6948.0, 17.0, 17.279, 17.79, 
207.0, 0.0, 10000.0, 17.0, 17.429, 17.109, 
207.0, 0.0, 7049.0, 17.0, 17.309, 17.49, 
208.0, 0.0, 7049.0, 17.0, 17.319, 17.89, 
208.0, 0.0, 7049.0, 17.0, 17.239, 17.59, 
208.0, 0.0, 7049.0, 17.0, 17.399, 17.59, 
209.0, 0.0, 7049.0, 17.0, 17.269, 17.70, 
209.0, 0.0, 7144.0, 17.0, 17.389, 17.80, 
209.0, 0.0, 7144.0, 17.0, 17.210, 17.69, 
210.0, 0.0, 7144.0, 17.0, 17.319, 17.80, 
210.0, 0.0, 7144.0, 17.0, 17.329, 17.80, 
210.0, 0.0, 7144.0, 17.0, 17.419, 17.80, 
211.0, 0.0, 10000.0, 17.0, 17.410, 17.109, 
211.0, 0.0, 7196.0, 17.0, 17.399, 17.80, 
212.0, 0.0, 7196.0, 17.0, 17.389, 17.59, 
212.0, 0.0, 7196.0, 17.0, 17.410, 17.89, 
212.0, 0.0, 7196.0, 17.0, 17.449, 17.119, 
213.0, 0.0, 7223.500, 17.0, 17.440, 17.69, 
213.0, 0.0, 7251.0, 17.0, 17.369, 17.50, 
214.0, 0.0, 7251.0, 17.0, 17.419, 17.59, 
214.0, 0.0, 7251.0, 17.0, 17.339, 17.59, 
214.0, 0.0, 7251.0, 17.0, 17.429, 17.70, 
215.0, 0.0, 7251.0, 17.0, 17.429, 17.99, 
215.0, 0.0, 7314.0, 17.0, 17.419, 17.110, 
215.0, 0.0, 7314.0, 17.0, 17.449, 17.89, 
216.0, 0.0, 7314.0, 17.0, 17.339, 17.99, 
216.0, 0.0, 7314.0, 17.0, 17.419, 17.89, 
216.0, 0.0, 7314.0, 17.0, 17.339, 17.99, 
217.0, 0.0, 7333.500, 17.0, 17.339, 17.119, 
217.0, 0.0, 7353.0, 17.0, 17.419, 17.99, 
218.0, 0.0, 7353.0, 17.0, 17.239, 17.80, 
218.0, 0.0, 7353.0, 17.0, 17.170, 17.110, 
218.0, 0.0, 7353.0, 17.0, 17.319, 17.110, 
219.0, 0.0, 7353.0, 17.0, 17.149, 17.79, 
219.0, 0.0, 7360.0, 17.0, 17.170, 17.80, 
219.0, 0.0, 7360.0, 17.0, 17.290, 17.149, 
220.0, 0.0, 7360.0, 17.0, 17.190, 17.80, 
220.0, 0.0, 7360.0, 17.0, 17.259, 17.80, 
220.0, 0.0, 7360.0, 17.0, 17.329, 17.129, 
221.0, 0.0, 10000.0, 17.0, 17.309, 17.109, 
221.0, 0.0, 7381.0, 17.0, 17.279, 17.80, 
222.0, 0.0, 7381.0, 17.0, 17.379, 17.80, 
222.0, 0.0, 7381.0, 17.0, 17.369, 17.119, 
222.0, 0.0, 7381.0, 17.0, 17.339, 17.99, 
223.0, 0.0, 10000.0, 17.0, 17.369, 17.109, 
223.0, 0.0, 7410.0, 17.0, 17.309, 17.110, 
224.0, 0.0, 7410.0, 17.0, 17.339, 17.130, 
224.0, 0.0, 7410.0, 17.0, 17.319, 17.89, 
224.0, 0.0, 7410.0, 17.0, 17.269, 17.99, 
225.0, 0.0, 7410.0, 17.0, 17.329, 17.130, 
225.0, 0.0, 7385.0, 17.0, 17.349, 17.99, 
225.0, 0.0, 7385.0, 17.0, 17.440, 17.119, 
226.0, 0.0, 7385.0, 17.0, 17.289, 17.99, 
226.0, 0.0, 7385.0, 17.0, 17.369, 17.129, 
226.0, 0.0, 7385.0, 17.0, 17.339, 17.119, 
227.0, 0.0, 7367.500, 17.0, 17.269, 17.129, 
227.0, 0.0, 7350.0, 17.0, 17.309, 17.109, 
228.0, 0.0, 7350.0, 17.0, 17.299, 17.119, 
228.0, 0.0, 7350.0, 17.0, 17.339, 17.89, 
228.0, 0.0, 7350.0, 17.0, 17.299, 17.110, 
229.0, 0.0, 7350.0, 17.0, 17.410, 17.149, 
229.0, 0.0, 7312.0, 17.0, 17.389, 17.110, 
229.0, 0.0, 7312.0, 17.0, 17.379, 17.160, 
230.0, 0.0, 7312.0, 17.0, 17.369, 17.119, 
230.0, 0.0, 7312.0, 17.0, 17.349, 17.119, 
230.0, 0.0, 7312.0, 17.0, 17.289, 17.89, 
231.0, 0.0, 7288.0, 17.0, 17.329, 17.99, 
231.0, 0.0, 7264.0, 17.0, 17.389, 17.109, 
232.0, 0.0, 7264.0, 17.0, 17.269, 17.130, 
232.0, 0.0, 7264.0, 16.875, 17.289, 17.119, 
232.0, 0.0, 7264.0, 17.0, 17.339, 17.99, 
233.0, 0.0, 7264.0, 17.0, 17.419, 17.80, 
233.0, 0.0, 7230.0, 17.0, 17.369, 17.149, 
233.0, 0.0, 7230.0, 17.0, 17.419, 17.139, 
234.0, 0.0, 7230.0, 17.0, 17.419, 17.130, 
234.0, 0.0, 7230.0, 17.0, 17.299, 17.109, 
234.0, 0.0, 7230.0, 17.0, 17.410, 17.169, 
235.0, 0.0, 7234.0, 17.0, 17.449, 17.139, 
235.0, 0.0, 7238.0, 17.0, 17.379, 17.160, 
236.0, 0.0, 7238.0, 17.0, 17.210, 17.129, 
236.0, 0.0, 7238.0, 17.0, 17.229, 17.119, 
236.0, 0.0, 7238.0, 17.0, 17.319, 17.109, 
237.0, 0.0, 7238.0, 17.0, 17.399, 17.119, 
237.0, 0.0, 7267.0, 17.0, 17.419, 17.109, 
237.0, 0.0, 7267.0, 16.875, 17.289, 17.100, 
238.0, 0.0, 7267.0, 17.0, 17.349, 17.109, 
238.0, 0.0, 7267.0, 17.0, 17.399, 17.109, 
239.0, 0.0, 7267.0, 17.0, 17.319, 17.129, 
239.0, 0.0, 7294.0, 17.0, 17.289, 17.149, 
239.0, 0.0, 7321.0, 17.0, 17.239, 17.149, 
240.0, 0.0, 7321.0, 17.0, 17.299, 17.169, 
240.0, 0.0, 7321.0, 17.0, 17.379, 17.149, 
240.0, 0.0, 7321.0, 17.0, 17.389, 17.190, 
241.0, 0.0, 7321.0, 17.0, 17.339, 17.139, 
241.0, 0.0, 7417.0, 17.0, 17.299, 17.169, 
241.0, 0.0, 7417.0, 17.0, 17.349, 17.119, 
242.0, 0.0, 7417.0, 17.0, 17.360, 17.139, 
242.0, 0.0, 7417.0, 17.0, 17.440, 17.160, 
243.0, 0.0, 7417.0, 17.0, 17.410, 17.149, 
243.0, 0.0, 7469.0, 17.0, 17.399, 17.159, 
243.0, 0.0, 7521.0, 17.0, 17.479, 17.199, 
244.0, 0.0, 7521.0, 17.0, 17.540, 17.149, 
244.0, 0.0, 7521.0, 17.0, 17.389, 17.129, 
244.0, 0.0, 7521.0, 17.0, 17.319, 17.160, 
245.0, 0.0, 7521.0, 17.0, 17.440, 17.149, 
245.0, 0.0, 7635.0, 17.0, 17.399, 17.169, 
245.0, 0.0, 7635.0, 17.0, 17.379, 17.139, 
246.0, 0.0, 7635.0, 17.0, 17.419, 17.190, 
246.0, 0.0, 7635.0, 17.0, 17.470, 17.190, 
247.0, 0.0, 7635.0, 17.0, 17.440, 17.169, 
247.0, 0.0, 7697.0, 17.0, 17.449, 17.149, 
247.0, 0.0, 7759.0, 17.0, 17.550, 17.199, 
248.0, 0.0, 7759.0, 17.0, 17.520, 17.199, 
248.0, 0.0, 7759.0, 17.0, 17.529, 17.199, 
248.0, 0.0, 7759.0, 17.0, 17.570, 17.209, 
249.0, 0.0, 7759.0, 17.0, 17.490, 17.179, 
249.0, 0.0, 7832.0, 17.0, 17.520, 17.169, 
250.0, 0.0, 7832.0, 17.0, 17.589, 17.230, 
250.0, 0.0, 7832.0, 17.0, 17.559, 17.229, 
250.0, 0.0, 7832.0, 17.0, 17.610, 17.240, 
251.0, 0.0, 7832.0, 17.0, 17.580, 17.339, 
251.0, 0.0, 7858.500, 17.0, 17.660, 17.259, 
251.0, 0.0, 7885.0, 17.0, 17.580, 17.270, 
252.0, 0.0, 7885.0, 17.125, 17.650, 17.279, 
252.0, 0.0, 7885.0, 17.125, 17.580, 17.259, 
252.0, 0.0, 7885.0, 17.250, 17.570, 17.290, 
253.0, 0.0, 8942.500, 17.0, 17.600, 17.309, 
253.0, 0.0, 7902.0, 17.125, 17.580, 17.300, 
254.0, 0.0, 7902.0, 17.125, 17.600, 17.270, 
254.0, 0.0, 7902.0, 17.125, 17.630, 17.290, 
255.0, 0.0, 7902.0, 17.250, 17.529, 17.309, 
255.0, 0.0, 7912.0, 17.125, 17.500, 17.279, 
255.0, 0.0, 7922.0, 17.250, 17.550, 17.289, 
256.0, 0.0, 7922.0, 17.125, 17.650, 17.329, 
256.0, 0.0, 7922.0, 17.250, 17.600, 17.300, 
256.0, 0.0, 7922.0, 17.250, 17.580, 17.309, 
257.0, 0.0, 7922.0, 17.250, 17.590, 17.339, 
257.0, 0.0, 7927.0, 17.250, 17.610, 17.330, 
258.0, 0.0, 7927.0, 17.250, 17.630, 17.320, 
258.0, 0.0, 7927.0, 17.250, 17.550, 17.300, 
258.0, 0.0, 7927.0, 17.250, 17.580, 17.309, 
259.0, 0.0, 7927.0, 17.250, 17.550, 17.320, 
259.0, 0.0, 10000.0, 17.250, 17.570, 17.350, 
259.0, 0.0, 7941.0, 17.250, 17.500, 17.360, 
260.0, 0.0, 7941.0, 17.250, 17.509, 17.319, 
260.0, 0.0, 7941.0, 17.250, 17.559, 17.349, 
261.0, 0.0, 7941.0, 17.250, 17.600, 17.329, 
261.0, 0.0, 7938.0, 17.250, 17.670, 17.339, 
261.0, 0.0, 7935.0, 17.250, 17.589, 17.339, 
262.0, 0.0, 7935.0, 17.250, 17.540, 17.360, 
262.0, 0.0, 7935.0, 17.250, 17.559, 17.329, 
262.0, 0.0, 7935.0, 17.250, 17.670, 17.389, 
263.0, 0.0, 7935.0, 17.250, 17.550, 17.360, 
263.0, 0.0, 7918.0, 17.250, 17.540, 17.360, 
264.0, 0.0, 7918.0, 17.250, 17.550, 17.470, 
264.0, 0.0, 7918.0, 17.250, 17.540, 17.339, 
264.0, 0.0, 7918.0, 17.250, 17.610, 17.410, 
265.0, 0.0, 7918.0, 17.250, 17.680, 17.380, 
265.0, 0.0, 10000.0, 17.250, 17.630, 17.410, 
265.0, 0.0, 7884.0, 17.250, 17.660, 17.389, 
266.0, 0.0, 7884.0, 17.250, 17.680, 17.389, 
266.0, 0.0, 7884.0, 17.250, 17.600, 17.440, 
267.0, 0.0, 7884.0, 17.250, 17.550, 17.410, 
267.0, 0.0, 7828.0, 17.250, 17.680, 17.419, 
267.0, 0.0, 7772.0, 17.250, 17.600, 17.399, 
268.0, 0.0, 7772.0, 17.250, 17.630, 17.430, 
268.0, 0.0, 7772.0, 17.250, 17.529, 17.459, 
268.0, 0.0, 7772.0, 17.250, 17.590, 17.449, 
269.0, 0.0, 7772.0, 17.250, 17.700, 17.449, 
269.0, 0.0, 7706.0, 17.250, 17.580, 17.470, 
270.0, 0.0, 7706.0, 17.250, 17.580, 17.500, 
270.0, 0.0, 7706.0, 17.250, 17.479, 17.450, 
270.0, 0.0, 7706.0, 17.250, 17.500, 17.429, 
271.0, 0.0, 7706.0, 17.250, 17.479, 17.449, 
271.0, 0.0, 7671.0, 17.250, 17.520, 17.479, 
271.0, 0.0, 7636.0, 17.250, 17.590, 17.490, 
272.0, 0.0, 7636.0, 17.250, 17.540, 17.479, 
272.0, 0.0, 7636.0, 17.250, 17.570, 17.490, 
272.0, 0.0, 7636.0, 17.250, 17.460, 17.520, 
273.0, 0.0, 8818.0, 17.250, 17.639, 17.489, 
273.0, 0.0, 7574.0, 17.250, 17.580, 17.610, 
274.0, 0.0, 7574.0, 17.250, 17.540, 17.480, 
274.0, 0.0, 7574.0, 17.250, 17.600, 17.630, 
275.0, 0.0, 7574.0, 17.250, 17.589, 17.510, 
275.0, 0.0, 7549.0, 17.250, 17.479, 17.509, 
275.0, 0.0, 7524.0, 17.250, 17.660, 17.520, 
276.0, 0.0, 7524.0, 17.250, 17.710, 17.529, 
276.0, 0.0, 7524.0, 17.250, 17.550, 17.529, 
276.0, 0.0, 7524.0, 17.250, 17.550, 17.509, 
277.0, 0.0, 7524.0, 17.250, 17.540, 17.519, 
277.0, 0.0, 7432.0, 17.250, 17.520, 17.549, 
278.0, 0.0, 7432.0, 17.250, 17.479, 17.500, 
278.0, 0.0, 7432.0, 17.250, 17.679, 17.559, 
278.0, 0.0, 7432.0, 17.250, 17.540, 17.540, 
279.0, 0.0, 7432.0, 17.250, 17.529, 17.559, 
279.0, 0.0, 7393.0, 17.250, 17.550, 17.529, 
279.0, 0.0, 7354.0, 17.250, 17.550, 17.529, 
280.0, 0.0, 7354.0, 17.250, 17.550, 17.509, 
280.0, 0.0, 7354.0, 17.250, 17.570, 17.550, 
280.0, 0.0, 7354.0, 17.250, 17.520, 17.520, 
281.0, 0.0, 8677.0, 17.250, 17.490, 17.570, 
282.0, 0.0, 7255.0, 17.250, 17.520, 17.550, 
282.0, 0.0, 7255.0, 17.250, 17.529, 17.529, 
282.0, 0.0, 7255.0, 17.250, 17.570, 17.549, 
283.0, 0.0, 7255.0, 17.250, 17.550, 17.529, 
283.0, 0.0, 7218.0, 17.375, 17.559, 17.570, 
283.0, 0.0, 7181.0, 17.250, 17.520, 17.580, 
284.0, 0.0, 7181.0, 17.250, 17.580, 17.549, 
284.0, 0.0, 7181.0, 17.250, 17.500, 17.580, 
284.0, 0.0, 7181.0, 17.250, 17.510, 17.569, 
285.0, 0.0, 7181.0, 17.250, 17.520, 17.580, 
285.0, 0.0, 7087.0, 17.250, 17.550, 17.559, 
286.0, 0.0, 7087.0, 17.250, 17.570, 17.580, 
286.0, 0.0, 7087.0, 17.250, 17.550, 17.559, 
286.0, 0.0, 7087.0, 17.375, 17.570, 17.589, 
287.0, 0.0, 7087.0, 17.250, 17.479, 17.569, 
287.0, 0.0, 10000.0, 17.250, 17.589, 17.570, 
288.0, 0.0, 6975.0, 17.250, 17.559, 17.570, 
288.0, 0.0, 6975.0, 17.375, 17.570, 17.620, 
288.0, 0.0, 6975.0, 17.250, 17.490, 17.569, 
289.0, 0.0, 6975.0, 17.250, 17.670, 17.589, 
289.0, 0.0, 6906.500, 17.250, 17.559, 17.580, 
289.0, 0.0, 6838.0, 17.375, 17.529, 17.599, 
290.0, 0.0, 6838.0, 17.250, 17.630, 17.639, 
290.0, 0.0, 6838.0, 17.250, 17.529, 17.580, 
290.0, 0.0, 6838.0, 17.250, 17.589, 17.599, 
291.0, 0.0, 6838.0, 17.375, 17.559, 17.589, 
291.0, 0.0, 6725.0, 17.375, 17.490, 17.619, 
292.0, 0.0, 6725.0, 17.375, 17.470, 17.589, 
292.0, 0.0, 6725.0, 17.250, 17.630, 17.599, 
292.0, 0.0, 6725.0, 17.375, 17.559, 17.589, 
293.0, 0.0, 6725.0, 17.250, 17.510, 17.589, 
293.0, 0.0, 6671.0, 17.375, 17.509, 17.589, 
293.0, 0.0, 6617.0, 17.375, 17.490, 17.580, 
294.0, 0.0, 6617.0, 17.375, 17.589, 17.630, 
294.0, 0.0, 6617.0, 17.250, 17.600, 17.629, 
295.0, 0.0, 6617.0, 17.375, 17.540, 17.559, 
295.0, 0.0, 8308.500, 17.375, 17.550, 17.649, 
296.0, 0.0, 6545.0, 17.375, 17.540, 17.609, 
296.0, 0.0, 6545.0, 17.375, 17.490, 17.609, 
296.0, 0.0, 6545.0, 17.375, 17.589, 17.639, 
297.0, 0.0, 6545.0, 17.250, 17.580, 17.660, 
297.0, 0.0, 6512.0, 17.500, 17.580, 17.619, 
297.0, 0.0, 6479.0, 17.250, 17.639, 17.649, 
298.0, 0.0, 6479.0, 17.375, 17.559, 17.629, 
298.0, 0.0, 6479.0, 17.375, 17.570, 17.629, 
299.0, 0.0, 6479.0, 17.375, 17.630, 17.670, 
299.0, 0.0, 6479.0, 17.500, 17.529, 17.639, 
299.0, 0.0, 6456.0, 17.375, 17.559, 17.669, 
300.0, 0.0, 6456.0, 17.250, 17.600, 17.679, 
300.0, 0.0, 6456.0, 17.375, 17.580, 17.669, 
300.0, 0.0, 6456.0, 17.375, 17.510, 17.680, 
301.0, 0.0, 6456.0, 17.375, 17.559, 17.649, 
301.0, 0.0, 6443.500, 17.375, 17.570, 17.669, 
301.0, 0.0, 6431.0, 17.375, 17.600, 17.660, 
302.0, 0.0, 6431.0, 17.375, 17.589, 17.699, 
302.0, 0.0, 6431.0, 17.250, 17.540, 17.629, 
303.0, 0.0, 6431.0, 17.250, 17.580, 17.699, 
303.0, 0.0, 8215.500, 17.250, 17.650, 17.690, 
304.0, 0.0, 6402.0, 17.500, 17.580, 17.639, 
304.0, 0.0, 6402.0, 17.375, 17.520, 17.679, 
304.0, 0.0, 6402.0, 17.500, 17.620, 17.699, 
305.0, 0.0, 6402.0, 17.500, 17.570, 17.649, 
305.0, 0.0, 6398.0, 17.375, 17.520, 17.690, 
305.0, 0.0, 6394.0, 17.375, 17.600, 17.699, 
306.0, 0.0, 6394.0, 17.500, 17.510, 17.680, 
306.0, 0.0, 6394.0, 17.500, 17.550, 17.680, 
307.0, 0.0, 6394.0, 17.500, 17.550, 17.680, 
307.0, 0.0, 6394.0, 17.250, 17.630, 17.690, 
307.0, 0.0, 6418.0, 17.500, 17.580, 17.679, 
308.0, 0.0, 6418.0, 17.375, 17.540, 17.660, 
308.0, 0.0, 6418.0, 17.375, 17.589, 17.679, 
308.0, 0.0, 6418.0, 17.375, 17.460, 17.660, 
309.0, 0.0, 6418.0, 17.375, 17.570, 17.670, 
309.0, 0.0, 6440.0, 17.375, 17.660, 17.690, 
309.0, 0.0, 6462.0, 17.375, 17.540, 17.670, 
310.0, 0.0, 6462.0, 17.375, 17.580, 17.669, 
310.0, 0.0, 6462.0, 17.500, 17.540, 17.660, 
311.0, 0.0, 6462.0, 17.250, 17.520, 17.699, 
311.0, 0.0, 8231.0, 17.375, 17.550, 17.690, 
312.0, 0.0, 6467.0, 17.500, 17.550, 17.669, 
312.0, 0.0, 6467.0, 17.500, 17.620, 17.680, 
312.0, 0.0, 6467.0, 17.500, 17.570, 17.710, 
313.0, 0.0, 6467.0, 17.500, 17.550, 17.690, 
313.0, 0.0, 6472.500, 17.500, 17.570, 17.699, 
313.0, 0.0, 6478.0, 17.500, 17.540, 17.699, 
314.0, 0.0, 6478.0, 17.500, 17.510, 17.679, 
314.0, 0.0, 6478.0, 17.500, 17.580, 17.710, 
315.0, 0.0, 6478.0, 17.375, 17.529, 17.690, 
315.0, 0.0, 6478.0, 17.375, 17.580, 17.699, 
315.0, 0.0, 6475.0, 17.500, 17.520, 17.690, 
316.0, 0.0, 6475.0, 17.500, 17.510, 17.669, 
316.0, 0.0, 6475.0, 17.500, 17.600, 17.679, 
316.0, 0.0, 6475.0, 17.500, 17.520, 17.700, 
317.0, 0.0, 6475.0, 17.500, 17.600, 17.690, 
317.0, 0.0, 6476.500, 17.500, 17.559, 17.699, 
318.0, 0.0, 6478.0, 17.500, 17.510, 17.699, 
318.0, 0.0, 6478.0, 17.375, 17.570, 17.679, 
318.0, 0.0, 6478.0, 17.500, 17.630, 17.699, 
319.0, 0.0, 6478.0, 17.500, 17.540, 17.699, 
319.0, 0.0, 8239.0, 17.500, 17.529, 17.720, 
320.0, 0.0, 6475.0, 17.500, 17.540, 17.690, 
320.0, 0.0, 6475.0, 17.500, 17.510, 17.710, 
320.0, 0.0, 6475.0, 17.500, 17.580, 17.709, 
321.0, 0.0, 6475.0, 17.500, 17.580, 17.720, 
321.0, 0.0, 6471.500, 17.500, 17.570, 17.709, 
322.0, 0.0, 6468.0, 17.500, 17.600, 17.710, 
322.0, 0.0, 6468.0, 17.500, 17.610, 17.720, 
322.0, 0.0, 6468.0, 17.500, 17.550, 17.729, 
323.0, 0.0, 6468.0, 17.500, 17.650, 17.699, 
323.0, 0.0, 6468.0, 17.500, 17.580, 17.690, 
323.0, 0.0, 6459.0, 17.500, 17.520, 17.700, 
324.0, 0.0, 6459.0, 17.500, 17.590, 17.720, 
324.0, 0.0, 6459.0, 17.500, 17.559, 17.720, 
324.0, 0.0, 6459.0, 17.500, 17.550, 17.679, 
325.0, 0.0, 6459.0, 17.500, 17.589, 17.690, 
325.0, 0.0, 6463.0, 17.500, 17.559, 17.699, 
326.0, 0.0, 6467.0, 17.500, 17.570, 17.710, 
326.0, 0.0, 6467.0, 17.500, 17.589, 17.720, 
326.0, 0.0, 6467.0, 17.500, 17.610, 17.729, 
327.0, 0.0, 6467.0, 17.500, 17.610, 17.729, 
327.0, 0.0, 8233.500, 17.500, 17.500, 17.750, 
328.0, 0.0, 6499.0, 17.500, 17.630, 17.710, 
328.0, 0.0, 6499.0, 17.500, 17.650, 17.710, 
328.0, 0.0, 6499.0, 17.500, 17.580, 17.710, 
329.0, 0.0, 6499.0, 17.500, 17.600, 17.720, 
329.0, 0.0, 6524.0, 17.500, 17.559, 17.720, 
330.0, 0.0, 6549.0, 17.500, 17.639, 17.699, 
330.0, 0.0, 6549.0, 17.500, 17.559, 17.730, 
330.0, 0.0, 6549.0, 17.500, 17.520, 17.740, 
331.0, 0.0, 6549.0, 17.500, 17.570, 17.720, 
331.0, 0.0, 6549.0, 17.500, 17.559, 17.709, 
331.0, 0.0, 6632.0, 17.500, 17.570, 17.720, 
332.0, 0.0, 6632.0, 17.500, 17.559, 17.740, 
332.0, 0.0, 6632.0, 17.500, 17.630, 17.750, 
332.0, 0.0, 6632.0, 17.500, 17.570, 17.690, 
333.0, 0.0, 6632.0, 17.500, 17.630, 17.699, 
333.0, 0.0, 6702.500, 17.500, 17.630, 17.730, 
334.0, 0.0, 6773.0, 17.500, 17.610, 17.759, 
334.0, 0.0, 6773.0, 17.500, 17.550, 17.720, 
334.0, 0.0, 6773.0, 17.500, 17.620, 17.699, 
335.0, 0.0, 6773.0, 17.375, 17.550, 17.729, 
335.0, 0.0, 8386.500, 17.500, 17.610, 17.710, 
336.0, 0.0, 6894.0, 17.500, 17.580, 17.740, 
336.0, 0.0, 6894.0, 17.500, 17.610, 17.750, 
336.0, 0.0, 6894.0, 17.500, 17.600, 17.750, 
337.0, 0.0, 6894.0, 17.500, 17.630, 17.710, 
337.0, 0.0, 6926.500, 17.500, 17.630, 17.779, 
338.0, 0.0, 6959.0, 17.500, 17.650, 17.729, 
338.0, 0.0, 6959.0, 17.500, 17.550, 17.759, 
338.0, 0.0, 6959.0, 17.500, 17.610, 17.700, 
339.0, 0.0, 6959.0, 17.500, 17.610, 17.690, 
339.0, 0.0, 6959.0, 17.500, 17.639, 17.759, 
339.0, 0.0, 6989.0, 17.500, 17.690, 17.750, 
340.0, 0.0, 6989.0, 17.500, 17.580, 17.730, 
340.0, 0.0, 6989.0, 17.500, 17.559, 17.769, 
340.0, 0.0, 6989.0, 17.500, 17.529, 17.710, 
341.0, 0.0, 6989.0, 17.500, 17.580, 17.750, 
341.0, 0.0, 6986.0, 17.500, 17.550, 17.740, 
342.0, 0.0, 6983.0, 17.500, 17.550, 17.730, 
342.0, 0.0, 6983.0, 17.500, 17.580, 17.729, 
342.0, 0.0, 6983.0, 17.500, 17.550, 17.750, 
343.0, 0.0, 6983.0, 17.500, 17.600, 17.759, 
343.0, 0.0, 8491.500, 17.500, 17.589, 17.739, 
344.0, 0.0, 6964.0, 17.500, 17.610, 17.750, 
344.0, 0.0, 6964.0, 17.500, 17.510, 17.740, 
344.0, 0.0, 6964.0, 17.500, 17.550, 17.730, 
345.0, 0.0, 6964.0, 17.500, 17.559, 17.750, 
345.0, 0.0, 6961.500, 17.500, 17.540, 17.720, 
346.0, 0.0, 6959.0, 17.500, 17.589, 17.740, 
346.0, 0.0, 6959.0, 17.500, 17.550, 17.739, 
346.0, 0.0, 6959.0, 17.500, 17.670, 17.769, 
347.0, 0.0, 6959.0, 17.500, 17.559, 17.750, 
347.0, 0.0, 6959.0, 17.500, 17.660, 17.770, 
347.0, 0.0, 6946.0, 17.500, 17.600, 17.759, 
348.0, 0.0, 6946.0, 17.500, 17.580, 17.750, 
348.0, 0.0, 6946.0, 17.500, 17.660, 17.750, 
348.0, 0.0, 6946.0, 17.500, 17.600, 17.740, 
349.0, 0.0, 6946.0, 17.500, 17.529, 17.750, 
349.0, 0.0, 6957.0, 17.500, 17.610, 17.709, 
350.0, 0.0, 6968.0, 17.500, 17.559, 17.730, 
350.0, 0.0, 6968.0, 17.500, 17.600, 17.759, 
350.0, 0.0, 6968.0, 17.500, 17.559, 17.729, 
351.0, 0.0, 6968.0, 17.500, 17.620, 17.740, 
351.0, 0.0, 8484.0, 17.500, 17.559, 17.699, 
352.0, 0.0, 6997.0, 17.500, 17.550, 17.720, 
352.0, 0.0, 6997.0, 17.500, 17.660, 17.740, 
352.0, 0.0, 6997.0, 17.500, 17.580, 17.739, 
353.0, 0.0, 6997.0, 17.500, 17.580, 17.739, 
353.0, 0.0, 7019.0, 17.500, 17.529, 17.740, 
354.0, 0.0, 7041.0, 17.500, 17.580, 17.750, 
354.0, 0.0, 7041.0, 17.500, 17.630, 17.720, 
354.0, 0.0, 7041.0, 17.500, 17.630, 17.770, 
355.0, 0.0, 7041.0, 17.500, 17.680, 17.740, 
355.0, 0.0, 7041.0, 17.500, 17.550, 17.730, 
355.0, 0.0, 7088.0, 17.500, 17.610, 17.750, 
356.0, 0.0, 7088.0, 17.500, 17.620, 17.740, 
356.0, 0.0, 7088.0, 17.500, 17.580, 17.760, 
357.0, 0.0, 7088.0, 17.500, 17.550, 17.740, 
357.0, 0.0, 7088.0, 17.500, 17.639, 17.779, 
357.0, 0.0, 7123.500, 17.500, 17.630, 17.750, 
358.0, 0.0, 7159.0, 17.500, 17.500, 17.759, 
358.0, 0.0, 7159.0, 17.500, 17.670, 17.750, 
358.0, 0.0, 7159.0, 17.500, 17.570, 17.729, 
359.0, 0.0, 7159.0, 17.500, 17.580, 17.770, 
359.0, 0.0, 8579.500, 17.500, 17.620, 17.750, 
360.0, 0.0, 7249.0, 17.500, 17.610, 17.700, 
360.0, 0.0, 7249.0, 17.500, 17.660, 17.729, 
360.0, 0.0, 7249.0, 17.500, 17.740, 17.759, 
361.0, 0.0, 7249.0, 17.500, 17.600, 17.750, 
361.0, 0.0, 7279.500, 17.500, 17.680, 17.759, 
362.0, 0.0, 7310.0, 17.500, 17.710, 17.750, 
362.0, 0.0, 7310.0, 17.500, 17.610, 17.730, 
362.0, 0.0, 7310.0, 17.500, 17.700, 17.750, 
363.0, 0.0, 7310.0, 17.500, 17.650, 17.729, 
363.0, 0.0, 7310.0, 17.500, 17.639, 17.740, 
363.0, 0.0, 7321.0, 17.500, 17.670, 17.769, 
364.0, 0.0, 7321.0, 17.500, 17.630, 17.729, 
364.0, 0.0, 7321.0, 17.500, 17.690, 17.740, 
365.0, 0.0, 7321.0, 17.500, 17.740, 17.759, 
365.0, 0.0, 7321.0, 17.500, 17.630, 17.750, 
365.0, 0.0, 7317.500, 17.500, 17.660, 17.740, 
366.0, 0.0, 7314.0, 17.500, 17.630, 17.759, 
366.0, 0.0, 7314.0, 17.500, 17.680, 17.750, 
366.0, 0.0, 7314.0, 17.500, 17.660, 17.750, 
367.0, 0.0, 7314.0, 17.500, 17.680, 17.769, 
367.0, 0.0, 8657.0, 17.500, 17.670, 17.739, 
368.0, 0.0, 7282.0, 17.500, 17.630, 17.809, 
368.0, 0.0, 7282.0, 17.500, 17.610, 17.779, 
368.0, 0.0, 7282.0, 17.500, 17.690, 17.760, 
369.0, 0.0, 7282.0, 17.500, 17.700, 17.750, 
369.0, 0.0, 7254.500, 17.500, 17.660, 17.790, 
370.0, 0.0, 7227.0, 17.500, 17.660, 17.779, 
370.0, 0.0, 7227.0, 17.500, 17.660, 17.750, 
370.0, 0.0, 7227.0, 17.500, 17.710, 17.760, 
371.0, 0.0, 7227.0, 17.500, 17.600, 17.750, 
371.0, 0.0, 7227.0, 17.500, 17.710, 17.750, 
372.0, 0.0, 7194.0, 17.500, 17.690, 17.750, 
372.0, 0.0, 7194.0, 17.500, 17.639, 17.750, 
372.0, 0.0, 7194.0, 17.500, 17.759, 17.779, 
373.0, 0.0, 7194.0, 17.500, 17.630, 17.769, 
373.0, 0.0, 7194.0, 17.500, 17.690, 17.750, 
373.0, 0.0, 7177.500, 17.500, 17.630, 17.760, 
374.0, 0.0, 7161.0, 17.500, 17.630, 17.740, 
374.0, 0.0, 7161.0, 17.500, 17.610, 17.750, 
374.0, 0.0, 7161.0, 17.500, 17.630, 17.769, 
375.0, 0.0, 7161.0, 17.500, 17.760, 17.770, 
375.0, 0.0, 7161.0, 17.500, 17.660, 17.800, 
376.0, 0.0, 7123.0, 17.500, 17.669, 17.769, 
376.0, 0.0, 7123.0, 17.500, 17.690, 17.770, 
376.0, 0.0, 7123.0, 17.500, 17.680, 17.789, 
377.0, 0.0, 7123.0, 17.500, 17.700, 17.790, 
377.0, 0.0, 7123.0, 17.500, 17.700, 17.809, 
377.0, 0.0, 7122.0, 17.500, 17.639, 17.769, 
378.0, 0.0, 7121.0, 17.500, 17.589, 17.769, 
378.0, 0.0, 7121.0, 17.500, 17.680, 17.779, 
378.0, 0.0, 7121.0, 17.500, 17.760, 17.770, 
379.0, 0.0, 7121.0, 17.500, 17.710, 17.779, 
379.0, 0.0, 7121.0, 17.500, 17.690, 17.770, 
380.0, 0.0, 7139.0, 17.500, 17.710, 17.759, 
380.0, 0.0, 7139.0, 17.500, 17.740, 17.740, 
380.0, 0.0, 7139.0, 17.500, 17.650, 17.769, 
381.0, 0.0, 7139.0, 17.500, 17.700, 17.760, 
381.0, 0.0, 7139.0, 17.500, 17.740, 17.830, 
381.0, 0.0, 10000.0, 17.500, 17.730, 17.809, 
382.0, 0.0, 7157.0, 17.500, 17.630, 17.759, 
382.0, 0.0, 7157.0, 17.500, 17.759, 17.799, 
383.0, 0.0, 7157.0, 17.500, 17.639, 17.759, 
383.0, 0.0, 7157.0, 17.500, 17.759, 17.750, 
383.0, 0.0, 7174.500, 17.500, 17.680, 17.760, 
384.0, 0.0, 7192.0, 17.500, 17.750, 17.790, 
384.0, 0.0, 7192.0, 17.500, 17.760, 17.750, 
384.0, 0.0, 7192.0, 17.500, 17.720, 17.769, 
385.0, 0.0, 7192.0, 17.500, 17.740, 17.800, 
385.0, 0.0, 7192.0, 17.625, 17.730, 17.789, 
386.0, 0.0, 7270.0, 17.500, 17.770, 17.770, 
386.0, 0.0, 7270.0, 17.500, 17.710, 17.779, 
386.0, 0.0, 7270.0, 17.500, 17.690, 17.769, 
387.0, 0.0, 7270.0, 17.500, 17.650, 17.809, 
387.0, 0.0, 7270.0, 17.500, 17.789, 17.779, 
387.0, 0.0, 7268.0, 17.500, 17.770, 17.779, 
388.0, 0.0, 7266.0, 17.500, 17.770, 17.769, 
388.0, 0.0, 7266.0, 17.500, 17.790, 17.809, 
388.0, 0.0, 7266.0, 17.500, 17.710, 17.800, 
389.0, 0.0, 7266.0, 17.500, 17.690, 17.759, 
389.0, 0.0, 8633.0, 17.500, 17.730, 17.759, 
390.0, 0.0, 7266.0, 17.500, 17.760, 17.759, 
390.0, 0.0, 7266.0, 17.500, 17.779, 17.769, 
391.0, 0.0, 7266.0, 17.500, 17.690, 17.750, 
391.0, 0.0, 7266.0, 17.500, 17.710, 17.770, 
391.0, 0.0, 7256.0, 17.625, 17.690, 17.789, 
392.0, 0.0, 7246.0, 17.625, 17.760, 17.800, 
392.0, 0.0, 7246.0, 17.625, 17.720, 17.779, 
392.0, 0.0, 7246.0, 17.500, 17.740, 17.750, 
393.0, 0.0, 7246.0, 17.500, 17.770, 17.779, 
393.0, 0.0, 7246.0, 17.500, 17.760, 17.759, 
394.0, 0.0, 7242.0, 17.625, 17.740, 17.779, 
394.0, 0.0, 7242.0, 17.500, 17.779, 17.790, 
394.0, 0.0, 7242.0, 17.625, 17.740, 17.770, 
395.0, 0.0, 7242.0, 17.500, 17.770, 17.759, 
395.0, 0.0, 7242.0, 17.500, 17.710, 17.789, 
395.0, 0.0, 10000.0, 17.500, 17.790, 17.809, 
396.0, 0.0, 7234.0, 17.500, 17.750, 17.779, 
396.0, 0.0, 7234.0, 17.750, 17.750, 17.779, 
397.0, 0.0, 7234.0, 17.500, 17.690, 17.740, 
397.0, 0.0, 7234.0, 17.500, 17.750, 17.789, 
397.0, 0.0, 7230.0, 17.500, 17.789, 17.740, 
398.0, 0.0, 7226.0, 17.500, 17.829, 17.789, 
398.0, 0.0, 7226.0, 17.625, 17.889, 17.770, 
398.0, 0.0, 7226.0, 17.500, 17.820, 17.789, 
399.0, 0.0, 7226.0, 17.625, 17.790, 17.779, 
399.0, 0.0, 7226.0, 17.625, 17.759, 17.790, 
400.0, 0.0, 7269.0, 17.625, 17.809, 17.809, 
400.0, 0.0, 7269.0, 17.625, 17.789, 17.819, 
400.0, 0.0, 7269.0, 17.625, 17.809, 17.849, 
401.0, 0.0, 7269.0, 17.625, 17.790, 17.809, 
401.0, 0.0, 7269.0, 17.625, 17.820, 17.809, 
401.0, 0.0, 7269.0, 17.500, 17.840, 17.849, 
402.0, 0.0, 7269.0, 17.750, 17.710, 17.779, 
402.0, 0.0, 7269.0, 17.500, 17.700, 17.770, 
402.0, 0.0, 7269.0, 17.625, 17.809, 17.800, 
403.0, 0.0, 7269.0, 17.625, 17.789, 17.790, 
403.0, 0.0, 8634.500, 17.750, 17.850, 17.819, 
404.0, 0.0, 7256.0, 17.625, 17.750, 17.790, 
404.0, 0.0, 7256.0, 17.625, 17.820, 17.800, 
405.0, 0.0, 7256.0, 17.625, 17.759, 17.789, 
405.0, 0.0, 7256.0, 17.750, 17.770, 17.789, 
405.0, 0.0, 7242.0, 17.500, 17.789, 17.770, 
406.0, 0.0, 7228.0, 17.625, 17.860, 17.809, 
406.0, 0.0, 7228.0, 17.625, 17.860, 17.790, 
406.0, 0.0, 7228.0, 17.750, 17.839, 17.800, 
407.0, 0.0, 7228.0, 17.625, 17.789, 17.819, 
407.0, 0.0, 7228.0, 17.750, 17.750, 17.809, 
408.0, 0.0, 7159.0, 17.750, 17.829, 17.819, 
408.0, 0.0, 7159.0, 17.500, 17.850, 17.799, 
408.0, 0.0, 7159.0, 17.750, 17.809, 17.799, 
409.0, 0.0, 7159.0, 17.750, 17.789, 17.800, 
409.0, 0.0, 7159.0, 17.625, 17.879, 17.819, 
409.0, 0.0, 7121.0, 17.750, 17.919, 17.840, 
410.0, 0.0, 7083.0, 17.750, 17.839, 17.800, 
410.0, 0.0, 7083.0, 17.625, 17.919, 17.829, 
410.0, 0.0, 7083.0, 17.750, 17.710, 17.840, 
411.0, 0.0, 7083.0, 17.625, 17.860, 17.849, 
411.0, 0.0, 8541.500, 17.750, 17.839, 17.819, 
412.0, 0.0, 7020.0, 17.750, 17.870, 17.869, 
412.0, 0.0, 7020.0, 17.750, 17.870, 17.819, 
413.0, 0.0, 7020.0, 17.750, 17.860, 17.800, 
413.0, 0.0, 7020.0, 17.750, 17.829, 17.809, 
413.0, 0.0, 6978.0, 17.750, 17.910, 17.809, 
414.0, 0.0, 6936.0, 17.750, 17.870, 17.809, 
414.0, 0.0, 6936.0, 17.750, 17.860, 17.809, 
414.0, 0.0, 6936.0, 17.750, 17.839, 17.839, 
415.0, 0.0, 6936.0, 17.750, 17.829, 17.819, 
415.0, 0.0, 6936.0, 17.750, 17.860, 17.819, 
416.0, 0.0, 6854.0, 17.750, 17.850, 17.790, 
416.0, 0.0, 6854.0, 17.750, 17.840, 17.860, 
416.0, 0.0, 6854.0, 17.750, 17.970, 17.929, 
417.0, 0.0, 6854.0, 17.750, 17.910, 17.819, 
417.0, 0.0, 6854.0, 17.750, 18.20, 17.800, 
417.0, 0.0, 10000.0, 17.750, 17.890, 17.869, 
418.0, 0.0, 6630.0, 17.750, 17.850, 17.830, 
418.0, 0.0, 6630.0, 17.750, 17.889, 17.869, 
419.0, 0.0, 6630.0, 17.750, 17.809, 17.840, 
419.0, 0.0, 6630.0, 17.750, 17.940, 17.809, 
419.0, 0.0, 6538.500, 17.750, 17.860, 17.849, 
420.0, 0.0, 6447.0, 17.750, 17.809, 17.839, 
420.0, 0.0, 6447.0, 17.750, 17.850, 17.800, 
421.0, 0.0, 6447.0, 17.750, 18.9, 17.919, 
421.0, 0.0, 6447.0, 17.750, 17.890, 17.849, 
421.0, 0.0, 6447.0, 17.750, 17.970, 17.860, 
422.0, 0.0, 6304.0, 17.750, 17.910, 17.939, 
422.0, 0.0, 6304.0, 17.750, 17.920, 17.829, 
422.0, 0.0, 6304.0, 17.750, 17.940, 17.850, 
423.0, 0.0, 6304.0, 17.750, 17.940, 17.849, 
423.0, 0.0, 6304.0, 17.750, 17.839, 17.829, 
423.0, 0.0, 6231.0, 17.750, 18.130, 17.960, 
424.0, 0.0, 6158.0, 17.750, 17.959, 17.869, 
424.0, 0.0, 6158.0, 17.750, 17.839, 17.860, 
425.0, 0.0, 6158.0, 17.750, 17.959, 17.809, 
425.0, 0.0, 6158.0, 17.750, 17.920, 17.860, 
425.0, 0.0, 8079.0, 17.750, 17.910, 17.869, 
426.0, 0.0, 6025.0, 17.750, 17.950, 17.849, 
426.0, 0.0, 6025.0, 17.750, 17.919, 17.880, 
427.0, 0.0, 6025.0, 17.750, 17.950, 17.860, 
427.0, 0.0, 6025.0, 17.750, 17.920, 17.869, 
427.0, 0.0, 5944.500, 17.750, 17.860, 17.850, 
428.0, 0.0, 5864.0, 17.750, 17.959, 17.869, 
428.0, 0.0, 5864.0, 17.750, 17.959, 17.850, 
429.0, 0.0, 5864.0, 17.750, 17.989, 17.860, 
429.0, 0.0, 5864.0, 17.750, 17.940, 17.980, 
429.0, 0.0, 5864.0, 17.750, 17.940, 18.10, 
430.0, 0.0, 5744.0, 17.750, 17.929, 18.59, 
430.0, 0.0, 5744.0, 17.750, 17.940, 17.890, 
430.0, 0.0, 5744.0, 17.750, 17.970, 17.849, 
431.0, 0.0, 5744.0, 17.750, 18.89, 18.0, 
431.0, 0.0, 5744.0, 17.750, 17.929, 18.119, 
431.0, 0.0, 10000.0, 17.750, 17.929, 17.910, 
432.0, 0.0, 5635.0, 17.750, 18.9, 17.860, 
432.0, 0.0, 5635.0, 17.750, 17.959, 17.869, 
433.0, 0.0, 5635.0, 17.750, 17.940, 17.869, 
433.0, 0.0, 5635.0, 17.750, 17.890, 17.860, 
433.0, 0.0, 5588.500, 17.750, 17.950, 17.900, 
434.0, 0.0, 5542.0, 17.750, 18.19, 17.880, 
434.0, 0.0, 5542.0, 17.750, 17.950, 17.910, 
435.0, 0.0, 5542.0, 17.750, 17.910, 17.970, 
435.0, 0.0, 5542.0, 17.750, 17.970, 17.889, 
435.0, 0.0, 5542.0, 17.750, 17.970, 17.919, 
436.0, 0.0, 5454.0, 17.750, 18.0, 17.910, 
436.0, 0.0, 5454.0, 17.750, 17.970, 17.890, 
436.0, 0.0, 5454.0, 17.750, 17.940, 17.910, 
437.0, 0.0, 5454.0, 17.750, 18.49, 17.899, 
437.0, 0.0, 5454.0, 17.750, 18.69, 17.880, 
437.0, 0.0, 10000.0, 17.750, 17.950, 17.989, 
438.0, 0.0, 5380.0, 17.750, 18.20, 17.880, 
438.0, 0.0, 5380.0, 17.750, 18.0, 17.919, 
439.0, 0.0, 5380.0, 17.750, 17.970, 17.910, 
439.0, 0.0, 5380.0, 17.750, 17.970, 17.910, 
439.0, 0.0, 5363.500, 17.750, 17.989, 17.919, 
440.0, 0.0, 5347.0, 17.750, 18.19, 17.910, 
440.0, 0.0, 5347.0, 17.750, 17.989, 17.910, 
441.0, 0.0, 5347.0, 17.750, 18.60, 17.940, 
441.0, 0.0, 5347.0, 17.750, 18.29, 17.910, 
441.0, 0.0, 5347.0, 17.750, 18.0, 17.919, 
442.0, 0.0, 5304.0, 17.750, 18.50, 17.979, 
442.0, 0.0, 5304.0, 17.750, 18.80, 17.970, 
442.0, 0.0, 5304.0, 17.750, 18.80, 17.910, 
443.0, 0.0, 5304.0, 17.750, 18.50, 17.910, 
443.0, 0.0, 5304.0, 17.750, 18.29, 17.900, 
443.0, 0.0, 5284.500, 17.750, 18.0, 17.929, 
444.0, 0.0, 5265.0, 17.750, 18.80, 17.950, 
444.0, 0.0, 5265.0, 17.750, 18.89, 17.940, 
445.0, 0.0, 5265.0, 17.750, 18.50, 17.929, 
445.0, 0.0, 5265.0, 17.750, 18.39, 17.930, 
445.0, 0.0, 5265.0, 17.750, 18.89, 17.889, 
446.0, 0.0, 5270.0, 17.750, 18.19, 17.910, 
446.0, 0.0, 5270.0, 17.750, 18.0, 17.919, 
446.0, 0.0, 5270.0, 17.750, 17.980, 17.900, 
447.0, 0.0, 5270.0, 17.750, 18.0, 17.930, 
447.0, 0.0, 5270.0, 17.750, 18.9, 17.920, 
447.0, 0.0, 5261.500, 17.750, 17.950, 17.910, 
448.0, 0.0, 5253.0, 17.750, 18.80, 17.940, 
448.0, 0.0, 5253.0, 17.750, 18.69, 17.940, 
449.0, 0.0, 5253.0, 17.750, 18.39, 17.900, 
449.0, 0.0, 5253.0, 17.750, 18.50, 17.940, 
449.0, 0.0, 5253.0, 17.750, 18.89, 17.940, 
450.0, 0.0, 5227.0, 17.750, 18.10, 17.930, 
450.0, 0.0, 5227.0, 17.750, 17.970, 18.70, 
450.0, 0.0, 5227.0, 17.750, 18.29, 17.940, 
451.0, 0.0, 5227.0, 17.750, 18.29, 17.960, 
451.0, 0.0, 5227.0, 17.750, 18.69, 17.970, 
451.0, 0.0, 5194.500, 17.750, 18.99, 17.960, 
452.0, 0.0, 5162.0, 17.750, 18.19, 17.919, 
452.0, 0.0, 5162.0, 17.875, 18.199, 17.970, 
453.0, 0.0, 5162.0, 17.750, 18.79, 17.940, 
453.0, 0.0, 5162.0, 17.750, 18.160, 17.949, 
453.0, 0.0, 7581.0, 17.750, 18.79, 17.989, 
454.0, 0.0, 5107.0, 17.750, 18.39, 17.980, 
454.0, 0.0, 5107.0, 17.875, 18.89, 17.979, 
455.0, 0.0, 5107.0, 17.750, 18.99, 17.960, 
455.0, 0.0, 5107.0, 17.750, 18.19, 17.950, 
455.0, 0.0, 5076.500, 17.750, 18.39, 18.10, 
456.0, 0.0, 5046.0, 17.750, 18.89, 17.970, 
456.0, 0.0, 5046.0, 17.750, 18.130, 17.990, 
457.0, 0.0, 5046.0, 17.750, 18.69, 17.970, 
457.0, 0.0, 5046.0, 17.750, 18.80, 17.960, 
457.0, 0.0, 5046.0, 17.750, 18.69, 18.0, 
458.0, 0.0, 4974.0, 17.750, 18.129, 17.990, 
458.0, 0.0, 4974.0, 18.0, 18.59, 17.950, 
458.0, 0.0, 4974.0, 17.875, 18.199, 17.940, 
459.0, 0.0, 4974.0, 17.875, 18.99, 17.970, 
459.0, 0.0, 4974.0, 17.875, 18.99, 17.970, 
460.0, 0.0, 4942.0, 17.875, 18.69, 17.960, 
460.0, 0.0, 4910.0, 17.875, 18.79, 17.970, 
460.0, 0.0, 4910.0, 17.875, 18.49, 17.970, 
461.0, 0.0, 4910.0, 18.0, 18.109, 18.0, 
461.0, 0.0, 4910.0, 17.750, 18.119, 18.10, 
461.0, 0.0, 4910.0, 17.875, 18.130, 18.0, 
462.0, 0.0, 4823.0, 18.0, 18.69, 17.960, 
462.0, 0.0, 4823.0, 17.875, 18.89, 18.20, 
462.0, 0.0, 4823.0, 18.0, 18.99, 17.970, 
463.0, 0.0, 4823.0, 17.875, 18.160, 18.0, 
463.0, 0.0, 4823.0, 18.0, 18.139, 18.0, 
464.0, 0.0, 4783.0, 17.875, 18.129, 17.990, 
464.0, 0.0, 4743.0, 18.0, 18.99, 17.990, 
464.0, 0.0, 4743.0, 18.0, 18.99, 18.19, 
465.0, 0.0, 4743.0, 18.0, 18.159, 18.0, 
465.0, 0.0, 4743.0, 17.875, 18.119, 18.29, 
465.0, 0.0, 4743.0, 17.875, 18.129, 18.10, 
466.0, 0.0, 4677.0, 18.0, 18.250, 18.9, 
466.0, 0.0, 4677.0, 17.875, 18.199, 18.0, 
467.0, 0.0, 4677.0, 17.875, 18.170, 18.29, 
467.0, 0.0, 4677.0, 18.0, 18.129, 18.10, 
467.0, 0.0, 4677.0, 17.875, 18.179, 17.970, 
468.0, 0.0, 4663.0, 17.875, 18.159, 18.29, 
468.0, 0.0, 4649.0, 17.875, 18.149, 17.989, 
468.0, 0.0, 4649.0, 17.875, 18.149, 18.29, 
469.0, 0.0, 4649.0, 18.0, 18.179, 18.20, 
469.0, 0.0, 4649.0, 18.0, 18.209, 18.9, 
469.0, 0.0, 4649.0, 18.0, 18.259, 18.20, 
470.0, 0.0, 4577.0, 18.0, 18.149, 18.29, 
470.0, 0.0, 4577.0, 18.0, 18.229, 18.20, 
471.0, 0.0, 4577.0, 18.0, 18.160, 18.9, 
471.0, 0.0, 4577.0, 18.0, 18.159, 18.10, 
471.0, 0.0, 4577.0, 18.0, 18.159, 18.50, 
472.0, 0.0, 4538.0, 18.0, 18.240, 18.39, 
472.0, 0.0, 4499.0, 18.0, 18.209, 18.29, 
472.0, 0.0, 4499.0, 18.0, 18.159, 18.50, 
473.0, 0.0, 4499.0, 17.875, 18.199, 18.29, 
473.0, 0.0, 4499.0, 18.0, 18.259, 18.29, 
473.0, 0.0, 4499.0, 18.0, 18.149, 18.29, 
474.0, 0.0, 4433.0, 18.0, 18.189, 18.20, 
474.0, 0.0, 4433.0, 18.0, 18.239, 18.79, 
475.0, 0.0, 4433.0, 18.0, 18.209, 18.50, 
475.0, 0.0, 4433.0, 18.0, 18.149, 18.19, 
475.0, 0.0, 4433.0, 18.0, 18.250, 18.119, 
476.0, 0.0, 10000.0, 18.0, 18.309, 18.29, 
476.0, 0.0, 4370.0, 18.0, 18.329, 18.89, 
476.0, 0.0, 4370.0, 18.0, 18.339, 18.69, 
477.0, 0.0, 4370.0, 18.0, 18.209, 18.69, 
477.0, 0.0, 4370.0, 18.0, 18.239, 18.50, 
478.0, 0.0, 10000.0, 18.0, 18.269, 18.49, 
478.0, 0.0, 4326.0, 18.0, 18.239, 18.59, 
478.0, 0.0, 4326.0, 18.0, 18.239, 18.70, 
479.0, 0.0, 4326.0, 18.0, 18.259, 18.49, 
479.0, 0.0, 4326.0, 18.0, 18.240, 18.49, 
479.0, 0.0, 4326.0, 18.0, 18.329, 18.70, 
480.0, 0.0, 4270.0, 18.0, 18.259, 18.59, 
480.0, 0.0, 4270.0, 18.0, 18.229, 18.129, 
481.0, 0.0, 4270.0, 18.0, 18.239, 18.100, 
481.0, 0.0, 4270.0, 18.0, 18.319, 18.59, 
481.0, 0.0, 4270.0, 18.0, 18.289, 18.69, 
482.0, 0.0, 10000.0, 18.0, 18.410, 18.130, 
482.0, 0.0, 4201.0, 18.0, 18.269, 18.89, 
482.0, 0.0, 4201.0, 18.0, 18.309, 18.100, 
483.0, 0.0, 4201.0, 18.0, 18.240, 18.89, 
483.0, 0.0, 4201.0, 18.0, 18.209, 18.119, 
483.0, 0.0, 4201.0, 18.0, 18.329, 18.109, 
484.0, 0.0, 4114.0, 18.0, 18.369, 18.119, 
484.0, 0.0, 4114.0, 18.0, 18.259, 18.79, 
485.0, 0.0, 4114.0, 18.0, 18.199, 18.109, 
485.0, 0.0, 4114.0, 18.0, 18.289, 18.89, 
485.0, 0.0, 4114.0, 18.0, 18.299, 18.119, 
486.0, 0.0, 4083.500, 18.0, 18.369, 18.79, 
486.0, 0.0, 4053.0, 18.0, 18.429, 18.160, 
486.0, 0.0, 4053.0, 18.0, 18.329, 18.59, 
487.0, 0.0, 4053.0, 18.0, 18.389, 18.119, 
487.0, 0.0, 4053.0, 18.0, 18.319, 18.129, 
487.0, 0.0, 4053.0, 18.0, 18.399, 18.130, 
488.0, 0.0, 3974.0, 18.0, 18.299, 18.119, 
488.0, 0.0, 3974.0, 18.0, 18.319, 18.129, 
489.0, 0.0, 3974.0, 18.0, 18.289, 18.70, 
489.0, 0.0, 3974.0, 18.0, 18.289, 18.139, 
489.0, 0.0, 3974.0, 18.0, 18.369, 18.160, 
490.0, 0.0, 3944.500, 18.0, 18.369, 18.139, 
490.0, 0.0, 3915.0, 18.0, 18.389, 18.150, 
490.0, 0.0, 3915.0, 18.0, 18.369, 18.160, 
491.0, 0.0, 3915.0, 18.0, 18.419, 18.139, 
491.0, 0.0, 3915.0, 18.0, 18.309, 18.139, 
491.0, 0.0, 3915.0, 18.0, 18.369, 18.160, 
492.0, 0.0, 3871.0, 18.0, 18.309, 18.139, 
492.0, 0.0, 3871.0, 18.0, 18.329, 18.139, 
493.0, 0.0, 3871.0, 18.0, 18.470, 18.139, 
493.0, 0.0, 3871.0, 18.0, 18.419, 18.139, 
493.0, 0.0, 3871.0, 18.0, 18.369, 18.119, 
494.0, 0.0, 3870.0, 18.0, 18.379, 18.169, 
494.0, 0.0, 3869.0, 18.0, 18.410, 18.160, 
494.0, 0.0, 3869.0, 18.0, 18.349, 18.149, 
495.0, 0.0, 3869.0, 18.0, 18.500, 18.190, 
495.0, 0.0, 3869.0, 18.0, 18.369, 18.199, 
495.0, 0.0, 3869.0, 18.0, 18.419, 18.180, 
496.0, 0.0, 3861.0, 18.0, 18.399, 18.200, 
496.0, 0.0, 3861.0, 18.0, 18.389, 18.160, 
497.0, 0.0, 3861.0, 18.0, 18.419, 18.160, 
497.0, 0.0, 3861.0, 18.0, 18.429, 18.179, 
497.0, 0.0, 3861.0, 18.0, 18.419, 18.160, 
498.0, 0.0, 3863.500, 18.0, 18.449, 18.210, 
498.0, 0.0, 3866.0, 18.0, 18.339, 18.149, 
498.0, 0.0, 3866.0, 18.0, 18.360, 18.170, 
499.0, 0.0, 3866.0, 18.0, 18.389, 18.180, 
499.0, 0.0, 3866.0, 18.0, 18.449, 18.179, 
499.0, 0.0, 3866.0, 18.0, 18.440, 18.150, 
500.0, 0.0, 3860.0, 18.0, 18.449, 18.199, 
500.0, 0.0, 3860.0, 18.0, 18.470, 18.160, 
501.0, 0.0, 3860.0, 18.0, 18.449, 18.210, 
501.0, 0.0, 3860.0, 18.125, 18.369, 18.199, 
501.0, 0.0, 3860.0, 18.125, 18.379, 18.199, 
502.0, 0.0, 10000.0, 18.0, 18.269, 18.170, 
502.0, 0.0, 3841.0, 18.0, 18.419, 18.210, 
503.0, 0.0, 3841.0, 18.0, 18.419, 18.200, 
503.0, 0.0, 3841.0, 18.0, 18.440, 18.229, 
503.0, 0.0, 3841.0, 18.0, 18.419, 18.169, 
504.0, 0.0, 3810.0, 18.0, 18.449, 18.180, 
504.0, 0.0, 3779.0, 18.0, 18.479, 18.220, 
504.0, 0.0, 3779.0, 18.0, 18.419, 18.200, 
505.0, 0.0, 3779.0, 18.0, 18.529, 18.220, 
505.0, 0.0, 3779.0, 18.125, 18.449, 18.220, 
505.0, 0.0, 6889.500, 18.125, 18.449, 18.229, 
506.0, 0.0, 3781.0, 18.125, 18.429, 18.229, 
507.0, 0.0, 3781.0, 18.250, 18.500, 18.240, 
507.0, 0.0, 3781.0, 18.125, 18.470, 18.190, 
507.0, 0.0, 3781.0, 18.250, 18.529, 18.190, 
508.0, 0.0, 3776.500, 18.125, 18.479, 18.250, 
508.0, 0.0, 3772.0, 18.125, 18.459, 18.240, 
508.0, 0.0, 3772.0, 18.0, 18.519, 18.240, 
509.0, 0.0, 3772.0, 18.125, 18.549, 18.240, 
509.0, 0.0, 3772.0, 18.250, 18.470, 18.220, 
509.0, 0.0, 3772.0, 18.250, 18.489, 18.230, 
510.0, 0.0, 3761.0, 18.250, 18.509, 18.239, 
510.0, 0.0, 3761.0, 18.250, 18.429, 18.270, 
511.0, 0.0, 3761.0, 18.250, 18.519, 18.240, 
511.0, 0.0, 3761.0, 18.250, 18.529, 18.250, 
511.0, 0.0, 3761.0, 18.250, 18.449, 18.250, 
512.0, 0.0, 3757.0, 18.250, 18.459, 18.240, 
512.0, 0.0, 3753.0, 18.250, 18.479, 18.250, 
512.0, 0.0, 3753.0, 18.250, 18.539, 18.250, 
513.0, 0.0, 3753.0, 18.250, 18.459, 18.269, 
513.0, 0.0, 3753.0, 18.250, 18.399, 18.220, 
513.0, 0.0, 6876.500, 18.250, 18.429, 18.269, 
514.0, 0.0, 3752.0, 18.250, 18.449, 18.250, 
515.0, 0.0, 3752.0, 18.250, 18.459, 18.259, 
515.0, 0.0, 3752.0, 18.125, 18.559, 18.240, 
515.0, 0.0, 3752.0, 18.250, 18.509, 18.259, 
516.0, 0.0, 3749.500, 18.250, 18.589, 18.259, 
516.0, 0.0, 3747.0, 18.250, 18.479, 18.269, 
516.0, 0.0, 3747.0, 18.250, 18.529, 18.269, 
517.0, 0.0, 3747.0, 18.250, 18.569, 18.290, 
517.0, 0.0, 3747.0, 18.250, 18.509, 18.260, 
517.0, 0.0, 3747.0, 18.250, 18.639, 18.289, 
518.0, 0.0, 3740.0, 18.250, 18.559, 18.309, 
518.0, 0.0, 3740.0, 18.250, 18.539, 18.279, 
519.0, 0.0, 3740.0, 18.250, 18.589, 18.309, 
519.0, 0.0, 3740.0, 18.250, 18.509, 18.299, 
519.0, 0.0, 3740.0, 18.250, 18.589, 18.309, 
520.0, 0.0, 3734.0, 18.250, 18.529, 18.329, 
520.0, 0.0, 3728.0, 18.250, 18.519, 18.289, 
520.0, 0.0, 3728.0, 18.250, 18.489, 18.320, 
521.0, 0.0, 3728.0, 18.250, 18.549, 18.309, 
521.0, 0.0, 3728.0, 18.250, 18.610, 18.350, 
522.0, 0.0, 6864.0, 18.250, 18.639, 18.299, 
522.0, 0.0, 3728.0, 18.250, 18.589, 18.339, 
523.0, 0.0, 3728.0, 18.250, 18.559, 18.260, 
523.0, 0.0, 3728.0, 18.250, 18.589, 18.279, 
523.0, 0.0, 3728.0, 18.250, 18.529, 18.329, 
524.0, 0.0, 3734.0, 18.250, 18.509, 18.320, 
524.0, 0.0, 3740.0, 18.250, 18.519, 18.349, 
524.0, 0.0, 3740.0, 18.250, 18.569, 18.339, 
525.0, 0.0, 3740.0, 18.250, 18.559, 18.309, 
525.0, 0.0, 3740.0, 18.250, 18.559, 18.309, 
526.0, 0.0, 3740.0, 18.250, 18.639, 18.369, 
526.0, 0.0, 3777.0, 18.250, 18.660, 18.339, 
526.0, 0.0, 3777.0, 18.250, 18.610, 18.360, 
527.0, 0.0, 3777.0, 18.250, 18.679, 18.360, 
527.0, 0.0, 3777.0, 18.250, 18.569, 18.350, 
527.0, 0.0, 3777.0, 18.250, 18.559, 18.360, 
528.0, 0.0, 3790.500, 18.250, 18.639, 18.360, 
528.0, 0.0, 3804.0, 18.250, 18.529, 18.320, 
528.0, 0.0, 3804.0, 18.250, 18.649, 18.380, 
529.0, 0.0, 3804.0, 18.250, 18.599, 18.380, 
529.0, 0.0, 3804.0, 18.250, 18.589, 18.339, 
530.0, 0.0, 6902.0, 18.250, 18.599, 18.380, 
530.0, 0.0, 3816.0, 18.250, 18.599, 18.389, 
531.0, 0.0, 3816.0, 18.375, 18.569, 18.380, 
531.0, 0.0, 3816.0, 18.250, 18.610, 18.380, 
531.0, 0.0, 3816.0, 18.250, 18.529, 18.339, 
532.0, 0.0, 3819.500, 18.375, 18.639, 18.390, 
532.0, 0.0, 3823.0, 18.250, 18.599, 18.389, 
532.0, 0.0, 3823.0, 18.250, 18.630, 18.360, 
533.0, 0.0, 3823.0, 18.375, 18.660, 18.390, 
533.0, 0.0, 3823.0, 18.375, 18.569, 18.400, 
534.0, 0.0, 3823.0, 18.375, 18.599, 18.350, 
534.0, 0.0, 3820.0, 18.250, 18.610, 18.380, 
534.0, 0.0, 3820.0, 18.250, 18.669, 18.360, 
535.0, 0.0, 3820.0, 18.375, 18.569, 18.389, 
535.0, 0.0, 3820.0, 18.250, 18.690, 18.370, 
535.0, 0.0, 3820.0, 18.375, 18.639, 18.400, 
536.0, 0.0, 3818.0, 18.500, 18.629, 18.400, 
536.0, 0.0, 3816.0, 18.375, 18.669, 18.419, 
537.0, 0.0, 3816.0, 18.375, 18.649, 18.400, 
537.0, 0.0, 3816.0, 18.250, 18.690, 18.400, 
537.0, 0.0, 3816.0, 18.375, 18.669, 18.389, 
538.0, 0.0, 6908.0, 18.375, 18.720, 18.430, 
538.0, 0.0, 3798.0, 18.500, 18.709, 18.400, 
539.0, 0.0, 3798.0, 18.375, 18.649, 18.410, 
539.0, 0.0, 3798.0, 18.500, 18.639, 18.399, 
539.0, 0.0, 3798.0, 18.375, 18.649, 18.419, 
540.0, 0.0, 3797.500, 18.500, 18.729, 18.440, 
540.0, 0.0, 3797.0, 18.500, 18.679, 18.419, 
541.0, 0.0, 3797.0, 18.500, 18.690, 18.419, 
541.0, 0.0, 3797.0, 18.500, 18.720, 18.420, 
541.0, 0.0, 3797.0, 18.500, 18.699, 18.460, 
542.0, 0.0, 3797.0, 18.500, 18.759, 18.440, 
542.0, 0.0, 3788.0, 18.500, 18.690, 18.420, 
542.0, 0.0, 3788.0, 18.375, 18.690, 18.420, 
543.0, 0.0, 3788.0, 18.375, 18.750, 18.420, 
543.0, 0.0, 3788.0, 18.500, 18.699, 18.450, 
543.0, 0.0, 3788.0, 18.500, 18.740, 18.479, 
544.0, 0.0, 10000.0, 18.500, 18.790, 18.429, 
544.0, 0.0, 3774.0, 18.500, 18.770, 18.450, 
545.0, 0.0, 3774.0, 18.500, 18.770, 18.450, 
545.0, 0.0, 3774.0, 18.500, 18.709, 18.449, 
545.0, 0.0, 3774.0, 18.500, 18.740, 18.470, 
546.0, 0.0, 3764.500, 18.500, 18.809, 18.450, 
546.0, 0.0, 3755.0, 18.500, 18.779, 18.440, 
547.0, 0.0, 3755.0, 18.500, 18.800, 18.480, 
547.0, 0.0, 3755.0, 18.500, 18.720, 18.460, 
547.0, 0.0, 3755.0, 18.500, 18.720, 18.460, 
548.0, 0.0, 3755.0, 18.500, 18.709, 18.459, 
548.0, 0.0, 3717.0, 18.500, 18.720, 18.470, 
548.0, 0.0, 3717.0, 18.500, 18.750, 18.470, 
549.0, 0.0, 3717.0, 18.500, 18.790, 18.460, 
549.0, 0.0, 3717.0, 18.500, 18.729, 18.460, 
549.0, 0.0, 3717.0, 18.500, 18.790, 18.500, 
550.0, 0.0, 3690.0, 18.500, 18.709, 18.449, 
550.0, 0.0, 3663.0, 18.500, 18.750, 18.500, 
551.0, 0.0, 3663.0, 18.500, 18.830, 18.470, 
551.0, 0.0, 3663.0, 18.500, 18.860, 18.479, 
551.0, 0.0, 3663.0, 18.500, 18.790, 18.470, 
552.0, 0.0, 6831.500, 18.500, 18.830, 18.479, 
552.0, 0.0, 3548.0, 18.500, 18.779, 18.490, 
553.0, 0.0, 3548.0, 18.500, 18.800, 18.490, 
553.0, 0.0, 3548.0, 18.500, 18.720, 18.489, 
553.0, 0.0, 3548.0, 18.500, 18.820, 18.529, 
554.0, 0.0, 3512.500, 18.500, 18.790, 18.509, 
554.0, 0.0, 3477.0, 18.500, 18.779, 18.510, 
555.0, 0.0, 3477.0, 18.500, 18.830, 18.519, 
555.0, 0.0, 3477.0, 18.500, 18.850, 18.519, 
555.0, 0.0, 3477.0, 18.500, 18.830, 18.489, 
556.0, 0.0, 3477.0, 18.500, 18.830, 18.500, 
556.0, 0.0, 3409.0, 18.500, 18.930, 18.540, 
556.0, 0.0, 3409.0, 18.500, 18.779, 18.529, 
557.0, 0.0, 3409.0, 18.500, 18.800, 18.479, 
557.0, 0.0, 3409.0, 18.500, 18.770, 18.500, 
557.0, 0.0, 3409.0, 18.500, 18.860, 18.540, 
558.0, 0.0, 3381.500, 18.500, 18.860, 18.519, 
558.0, 0.0, 3354.0, 18.500, 18.870, 18.540, 
559.0, 0.0, 3354.0, 18.500, 18.830, 18.500, 
559.0, 0.0, 3354.0, 18.500, 18.869, 18.550, 
559.0, 0.0, 3354.0, 18.500, 18.809, 18.550, 
560.0, 0.0, 6677.0, 18.500, 18.900, 18.529, 
560.0, 0.0, 3309.0, 18.500, 18.869, 18.549, 
561.0, 0.0, 3309.0, 18.500, 18.880, 18.579, 
561.0, 0.0, 3309.0, 18.500, 18.910, 18.529, 
561.0, 0.0, 3309.0, 18.500, 18.889, 18.579, 
562.0, 0.0, 3288.500, 18.500, 18.870, 18.599, 
562.0, 0.0, 3268.0, 18.500, 18.860, 18.589, 
563.0, 0.0, 3268.0, 18.500, 18.850, 18.589, 
563.0, 0.0, 3268.0, 18.500, 19.100, 18.569, 
563.0, 0.0, 3268.0, 18.500, 20.720, 18.570, 
564.0, 0.0, 3268.0, 18.500, 25.649, 18.580, 
564.0, 0.0, 3240.0, 18.500, 32.389, 18.580, 
564.0, 0.0, 3240.0, 18.500, 40.639, 18.589, 
565.0, 0.0, 3240.0, 18.500, 49.720, 18.599, 
565.0, 0.0, 3240.0, 18.500, 60.169, 18.610, 
565.0, 0.0, 3240.0, 18.500, 70.549, 18.600, 
566.0, 0.0, 3255.0, 18.625, 83.639, 18.669, 
566.0, 0.0, 3270.0, 18.625, 95.59, 18.710, 
567.0, 0.0, 3270.0, 18.750, 107.879, 18.729, 
567.0, 0.0, 3270.0, 18.750, 122.839, 18.830, 
567.0, 0.0, 3270.0, 18.750, 136.940, 18.849, 
568.0, 0.0, 3270.0, 18.750, 148.29, 18.900, 
568.0, 0.0, 3288.0, 19.0, 150.620, 19.20, 
568.0, 0.0, 3288.0, 19.250, 159.649, 19.199, 
569.0, 0.0, 3288.0, 19.375, 172.490, 19.199, 
569.0, 0.0, 3288.0, 19.500, 179.529, 19.279, 
570.0, 0.0, 3288.0, 19.750, 190.509, 19.419, 
570.0, 0.0, 3300.0, 19.875, 197.789, 19.599, 
570.0, 0.0, 3312.0, 20.0, 203.809, 19.690, 
571.0, 0.0, 3312.0, 20.125, 213.639, 19.840, 
571.0, 0.0, 3312.0, 20.500, 221.790, 19.990, 
571.0, 0.0, 3312.0, 20.750, 229.9, 20.130, 
572.0, 0.0, 3312.0, 21.125, 234.649, 20.330, 
572.0, 0.0, 3389.0, 21.500, 239.979, 20.580, 
572.0, 0.0, 3389.0, 21.625, 246.909, 20.739, 
573.0, 0.0, 3389.0, 22.0, 247.449, 21.89, 
573.0, 0.0, 3389.0, 22.375, 251.399, 21.180, 
574.0, 0.0, 3389.0, 22.750, 257.709, 21.399, 
574.0, 0.0, 3439.500, 23.125, 256.59, 21.619, 
574.0, 0.0, 3490.0, 23.375, 256.510, 21.930, 
575.0, 0.0, 3490.0, 23.875, 262.149, 22.179, 
575.0, 0.0, 3490.0, 24.375, 266.559, 22.379, 
575.0, 0.0, 3490.0, 24.625, 268.919, 22.610, 
576.0, 0.0, 3490.0, 25.125, 269.220, 22.889, 
576.0, 0.0, 3715.0, 25.625, 276.230, 23.199, 
576.0, 0.0, 3715.0, 25.875, 284.269, 23.410, 
577.0, 0.0, 3715.0, 26.375, 284.910, 23.659, 
577.0, 0.0, 3715.0, 26.750, 288.509, 23.870, 
578.0, 0.0, 3715.0, 27.125, 298.860, 24.120, 
578.0, 0.0, 3917.500, 27.625, 290.119, 24.419, 
578.0, 0.0, 4120.0, 28.125, 288.419, 24.740, 
579.0, 0.0, 4120.0, 28.500, 292.59, 24.960, 
579.0, 0.0, 4120.0, 28.625, 285.230, 25.210, 
579.0, 0.0, 4120.0, 29.125, 284.669, 25.459, 
580.0, 0.0, 7060.0, 29.875, 280.480, 25.779, 
580.0, 0.0, 4569.0, 30.375, 281.449, 26.169, 
581.0, 0.0, 4569.0, 30.875, 282.630, 26.430, 
581.0, 0.0, 4569.0, 31.125, 281.279, 26.590, 
581.0, 0.0, 4569.0, 31.375, 271.579, 26.889, 
582.0, 0.0, 4831.0, 31.875, 273.220, 27.259, 
582.0, 0.0, 5093.0, 32.250, 272.629, 27.460, 
583.0, 0.0, 5093.0, 32.625, 270.669, 27.659, 
583.0, 0.0, 5093.0, 33.0, 276.209, 27.889, 
583.0, 0.0, 5093.0, 33.125, 268.59, 28.69, 
584.0, 0.0, 5093.0, 33.500, 271.669, 28.319, 
584.0, 0.0, 5580.0, 33.875, 273.249, 28.569, 
584.0, 0.0, 5580.0, 34.125, 265.300, 28.779, 
585.0, 0.0, 5580.0, 34.500, 270.459, 28.949, 
585.0, 0.0, 5580.0, 34.625, 265.679, 29.160, 
586.0, 0.0, 5580.0, 35.125, 265.589, 29.540, 
586.0, 0.0, 5829.500, 35.375, 266.320, 29.639, 
586.0, 0.0, 6079.0, 35.625, 258.760, 29.819, 
587.0, 0.0, 6079.0, 35.875, 256.489, 30.29, 
587.0, 0.0, 6079.0, 36.125, 259.320, 30.250, 
587.0, 0.0, 6079.0, 36.375, 256.679, 30.409, 
588.0, 0.0, 6079.0, 36.625, 255.179, 30.690, 
588.0, 0.0, 6528.0, 37.0, 254.789, 30.899, 
589.0, 0.0, 6528.0, 37.250, 254.830, 31.120, 
589.0, 0.0, 6528.0, 37.500, 251.769, 31.309, 
589.0, 0.0, 6528.0, 37.750, 251.989, 31.539, 
590.0, 0.0, 6528.0, 37.875, 252.100, 31.690, 
590.0, 0.0, 6729.500, 38.125, 242.119, 31.859, 
590.0, 0.0, 6931.0, 38.250, 252.149, 32.29, 
591.0, 0.0, 6931.0, 38.625, 245.80, 32.250, 
591.0, 0.0, 6931.0, 38.750, 244.140, 32.419, 
591.0, 0.0, 6931.0, 38.875, 245.629, 32.610, 
592.0, 0.0, 6931.0, 39.125, 246.849, 32.819, 
592.0, 0.0, 7333.0, 39.250, 239.219, 33.0, 
593.0, 0.0, 7333.0, 39.500, 242.410, 33.190, 
593.0, 0.0, 7333.0, 39.750, 240.399, 33.360, 
593.0, 0.0, 7333.0, 39.750, 240.40, 33.520, 
594.0, 0.0, 7333.0, 40.0, 240.219, 33.710, 
594.0, 0.0, 7466.0, 40.250, 234.729, 33.919, 
594.0, 0.0, 7599.0, 40.375, 236.929, 34.80, 
595.0, 0.0, 7599.0, 40.625, 240.619, 34.240, 
595.0, 0.0, 7599.0, 40.875, 234.740, 34.449, 
595.0, 0.0, 7599.0, 41.0, 233.690, 34.539, 
596.0, 0.0, 8799.500, 41.250, 237.399, 34.809, 
596.0, 0.0, 7795.0, 41.500, 231.319, 35.150, 
597.0, 0.0, 7795.0, 41.625, 228.349, 35.190, 
597.0, 0.0, 7795.0, 41.625, 231.289, 35.360, 
598.0, 0.0, 7795.0, 41.875, 227.199, 35.509, 
598.0, 0.0, 7886.0, 42.0, 227.729, 35.660, 
598.0, 0.0, 7977.0, 42.250, 225.159, 35.800, 
599.0, 0.0, 7977.0, 42.250, 224.509, 35.930, 
599.0, 0.0, 7977.0, 42.500, 225.750, 36.89, 
599.0, 0.0, 7977.0, 42.500, 222.499, 36.190, 
600.0, 0.0, 7977.0, 42.750, 224.469, 36.379, 
600.0, 0.0, 8139.0, 42.875, 216.599, 36.569, 
601.0, 0.0, 8139.0, 43.0, 221.160, 36.680, 
601.0, 0.0, 8139.0, 43.250, 220.589, 36.839, 
601.0, 0.0, 8139.0, 43.375, 217.50, 37.110, 
602.0, 0.0, 8139.0, 43.500, 219.449, 37.99, 
602.0, 0.0, 8285.500, 43.625, 214.799, 37.240, 
602.0, 0.0, 8432.0, 43.750, 219.300, 37.360, 
603.0, 0.0, 8432.0, 43.875, 219.529, 37.489, 
603.0, 0.0, 8432.0, 44.0, 211.800, 37.619, 
603.0, 0.0, 8432.0, 44.0, 209.660, 37.760, 
604.0, 0.0, 8432.0, 44.250, 217.599, 37.880, 
604.0, 0.0, 8762.0, 44.375, 209.220, 38.109, 
605.0, 0.0, 8762.0, 44.500, 211.580, 38.199, 
605.0, 0.0, 8762.0, 44.750, 213.569, 38.380, 
605.0, 0.0, 8762.0, 44.750, 207.619, 38.449, 
606.0, 0.0, 8762.0, 45.0, 208.100, 38.569, 
606.0, 0.0, 8982.500, 45.250, 205.880, 38.769, 
606.0, 0.0, 9203.0, 45.250, 204.269, 38.829, 
607.0, 0.0, 9203.0, 45.500, 202.509, 38.959, 
607.0, 0.0, 9203.0, 45.625, 205.690, 39.69, 
607.0, 0.0, 9203.0, 45.750, 206.849, 39.170, 
608.0, 0.0, 9203.0, 45.875, 201.809, 39.300, 
608.0, 0.0, 9520.0, 46.0, 200.509, 39.410, 
609.0, 0.0, 9520.0, 46.250, 200.220, 39.550, 
609.0, 0.0, 9520.0, 46.500, 203.29, 39.779, 
609.0, 0.0, 9520.0, 46.500, 196.509, 39.729, 
610.0, 0.0, 9520.0, 46.625, 199.929, 39.800, 
610.0, 0.0, 9655.0, 46.750, 198.539, 39.919, 
610.0, 0.0, 9790.0, 46.750, 195.750, 40.10, 
611.0, 0.0, 9790.0, 46.750, 195.990, 40.139, 
611.0, 0.0, 9790.0, 47.0, 191.579, 40.199, 
611.0, 0.0, 9790.0, 47.0, 192.879, 40.260, 
612.0, 0.0, 9790.0, 47.125, 198.600, 40.379, 
612.0, 0.0, 9977.0, 47.250, 192.919, 40.470, 
613.0, 0.0, 9977.0, 47.375, 191.429, 40.729, 
613.0, 0.0, 9977.0, 47.500, 200.860, 40.660, 
613.0, 0.0, 9977.0, 47.750, 205.830, 40.789, 
614.0, 0.0, 9977.0, 47.750, 205.869, 40.889, 
614.0, 0.0, 9988.500, 48.0, 207.430, 40.940, 
614.0, 0.0, 10000.0, 48.0, 212.439, 41.70, 
615.0, 0.0, 10000.0, 48.250, 211.589, 41.130, 
615.0, 0.0, 10000.0, 48.500, 222.160, 41.229, 
615.0, 0.0, 10000.0, 48.750, 223.279, 41.349, 
616.0, 0.0, 10000.0, 48.875, 216.689, 41.440, 
616.0, 0.0, 10000.0, 49.0, 226.919, 41.579, 
617.0, 0.0, 10000.0, 49.250, 227.909, 41.639, 
617.0, 0.0, 10000.0, 49.500, 229.9, 41.809, 
617.0, 0.0, 10000.0, 49.750, 229.149, 41.919, 
618.0, 0.0, 10000.0, 49.875, 228.979, 42.80, 
618.0, 0.0, 10000.0, 50.0, 231.769, 42.199, 
618.0, 0.0, 10000.0, 50.250, 232.319, 42.329, 
619.0, 0.0, 10000.0, 50.375, 229.579, 42.410, 
619.0, 0.0, 10000.0, 50.625, 223.679, 42.540, 
619.0, 0.0, 10000.0, 50.750, 223.559, 42.680, 
620.0, 0.0, 10000.0, 51.0, 231.470, 42.839, 
620.0, 0.0, 10000.0, 51.125, 225.770, 42.899, 
621.0, 0.0, 10000.0, 51.250, 226.979, 43.39, 
621.0, 0.0, 10000.0, 51.500, 223.269, 43.170, 
621.0, 0.0, 10000.0, 51.625, 221.199, 43.289, 
622.0, 0.0, 10000.0, 51.875, 222.559, 43.379, 
622.0, 0.0, 10000.0, 52.125, 216.669, 43.549, 
622.0, 0.0, 10000.0, 52.250, 225.609, 43.609, 
623.0, 0.0, 10000.0, 52.500, 218.769, 43.869, 
623.0, 0.0, 10000.0, 52.500, 221.919, 43.869, 
623.0, 0.0, 10000.0, 52.750, 222.209, 43.990, 
624.0, 0.0, 10000.0, 53.0, 224.619, 44.110, 
624.0, 0.0, 10000.0, 53.250, 215.259, 44.270, 
625.0, 0.0, 10000.0, 53.250, 222.190, 44.449, 
625.0, 0.0, 10000.0, 53.500, 225.110, 44.459, 
625.0, 0.0, 10000.0, 53.625, 225.859, 44.569, 
626.0, 0.0, 10000.0, 53.875, 223.169, 44.659, 
626.0, 0.0, 10000.0, 54.125, 231.419, 44.729, 
626.0, 0.0, 10000.0, 54.250, 213.110, 44.829, 
627.0, 0.0, 10000.0, 54.500, 213.809, 44.970, 
627.0, 0.0, 10000.0, 54.750, 230.369, 45.89, 
627.0, 0.0, 10000.0, 54.875, 233.559, 45.160, 
628.0, 0.0, 10000.0, 55.125, 219.860, 45.360, 
629.0, 0.0, 10000.0, 55.375, 228.559, 45.539, 
629.0, 0.0, 10000.0, 55.500, 217.909, 45.700, 
629.0, 0.0, 10000.0, 55.750, 225.349, 45.720, 
630.0, 0.0, 10000.0, 56.0, 228.830, 45.929, 
630.0, 0.0, 10000.0, 56.125, 227.249, 45.899, 
630.0, 0.0, 10000.0, 56.375, 211.379, 45.970, 
631.0, 0.0, 10000.0, 56.625, 207.860, 46.59, 
631.0, 0.0, 10000.0, 56.875, 215.549, 46.130, 
632.0, 0.0, 10000.0, 57.0, 206.249, 46.250, 
632.0, 0.0, 10000.0, 57.375, 233.209, 46.360, 
633.0, 0.0, 10000.0, 57.625, 235.649, 46.430, 
633.0, 0.0, 10000.0, 58.0, 234.759, 46.559, 
633.0, 0.0, 10000.0, 58.125, 213.270, 46.600, 
634.0, 0.0, 10000.0, 58.500, 209.899, 46.660, 
634.0, 0.0, 10000.0, 59.0, 209.290, 46.790, 
635.0, 0.0, 10000.0, 59.0, 208.569, 46.889, 
635.0, 0.0, 10000.0, 59.250, 208.20, 47.50, 
635.0, 0.0, 10000.0, 59.500, 207.550, 47.20, 
636.0, 0.0, 10000.0, 59.625, 206.729, 47.29, 
636.0, 0.0, 10000.0, 59.750, 206.20, 47.109, 
636.0, 0.0, 10000.0, 60.0, 205.639, 47.119, 
637.0, 0.0, 10000.0, 60.250, 204.999, 47.229, 
637.0, 0.0, 10000.0, 60.500, 204.649, 47.250, 
638.0, 0.0, 10000.0, 60.750, 203.889, 47.259, 
638.0, 0.0, 10000.0, 61.0, 200.319, 47.330, 
638.0, 0.0, 10000.0, 61.250, 198.259, 47.349, 
639.0, 0.0, 10000.0, 61.375, 195.239, 47.410, 
639.0, 0.0, 10000.0, 61.750, 192.999, 47.450, 
639.0, 0.0, 10000.0, 61.875, 193.299, 47.470, 
640.0, 0.0, 10000.0, 62.0, 194.359, 47.460, 
640.0, 0.0, 10000.0, 62.250, 193.679, 47.470, 
640.0, 0.0, 10000.0, 62.500, 191.299, 47.509, 
641.0, 0.0, 10000.0, 62.750, 190.549, 47.500, 
641.0, 0.0, 10000.0, 63.0, 190.740, 47.549, 
642.0, 0.0, 10000.0, 63.250, 190.649, 47.580, 
642.0, 0.0, 10000.0, 63.375, 189.470, 47.609, 
642.0, 0.0, 10000.0, 63.625, 187.809, 47.610, 
643.0, 0.0, 10000.0, 63.750, 187.569, 47.610, 
643.0, 0.0, 10000.0, 64.0, 186.339, 47.609, 
643.0, 0.0, 10000.0, 64.250, 184.330, 47.680, 
644.0, 0.0, 10000.0, 64.500, 184.59, 47.699, 
644.0, 0.0, 10000.0, 64.750, 184.160, 47.709, 
644.0, 0.0, 10000.0, 64.750, 183.509, 47.709, 
645.0, 0.0, 10000.0, 65.0, 183.220, 47.699, 
645.0, 0.0, 10000.0, 65.125, 181.460, 47.720, 
646.0, 0.0, 10000.0, 65.250, 180.970, 47.709, 
646.0, 0.0, 10000.0, 65.500, 183.220, 47.710, 
646.0, 0.0, 10000.0, 65.500, 183.449, 47.750, 
647.0, 0.0, 10000.0, 65.625, 179.309, 47.779, 
647.0, 0.0, 10000.0, 65.750, 178.639, 47.770, 
647.0, 0.0, 10000.0, 65.875, 177.820, 47.800, 
648.0, 0.0, 10000.0, 66.0, 177.750, 47.809, 
648.0, 0.0, 10000.0, 66.250, 176.569, 47.859, 
649.0, 0.0, 10000.0, 66.250, 176.319, 47.830, 
649.0, 0.0, 10000.0, 66.500, 176.9, 47.839, 
649.0, 0.0, 10000.0, 66.625, 175.139, 47.899, 
650.0, 0.0, 10000.0, 66.750, 174.709, 47.850, 
650.0, 0.0, 10000.0, 66.875, 174.19, 47.889, 
651.0, 0.0, 10000.0, 67.0, 173.470, 47.909, 
651.0, 0.0, 10000.0, 67.250, 173.0, 47.910, 
651.0, 0.0, 10000.0, 67.250, 172.709, 47.929, 
652.0, 0.0, 10000.0, 67.500, 171.990, 47.919, 
652.0, 0.0, 10000.0, 67.500, 171.610, 47.929, 
653.0, 0.0, 10000.0, 67.625, 170.889, 47.950, 
653.0, 0.0, 10000.0, 67.750, 170.439, 47.980, 
653.0, 0.0, 10000.0, 67.750, 169.929, 47.970, 
654.0, 0.0, 10000.0, 68.0, 169.419, 47.930, 
654.0, 0.0, 10000.0, 68.0, 168.789, 47.959, 
654.0, 0.0, 10000.0, 68.0, 168.500, 47.989, 
655.0, 0.0, 10000.0, 68.125, 168.149, 47.929, 
655.0, 0.0, 10000.0, 68.250, 167.509, 47.949, 
655.0, 0.0, 10000.0, 68.250, 167.69, 47.929, 
656.0, 0.0, 10000.0, 68.500, 166.610, 47.950, 
656.0, 0.0, 10000.0, 68.500, 166.190, 47.919, 
657.0, 0.0, 10000.0, 68.750, 165.779, 47.929, 
657.0, 0.0, 10000.0, 68.750, 165.330, 47.919, 
657.0, 0.0, 10000.0, 68.875, 164.949, 47.889, 
658.0, 0.0, 10000.0, 69.0, 164.619, 47.899, 
658.0, 0.0, 10000.0, 69.250, 164.190, 47.869, 
658.0, 0.0, 10000.0, 69.250, 163.650, 47.919, 
659.0, 0.0, 10000.0, 69.375, 163.259, 47.889, 
659.0, 0.0, 10000.0, 69.500, 162.789, 47.859, 
659.0, 0.0, 10000.0, 69.500, 162.460, 47.829, 
660.0, 0.0, 10000.0, 69.625, 162.19, 47.809, 
660.0, 0.0, 10000.0, 69.750, 161.549, 47.819, 
661.0, 0.0, 10000.0, 69.750, 161.250, 47.789, 
661.0, 0.0, 10000.0, 70.0, 160.760, 47.770, 
661.0, 0.0, 10000.0, 70.0, 160.490, 47.750, 
662.0, 0.0, 10000.0, 70.125, 160.39, 47.750, 
662.0, 0.0, 10000.0, 70.375, 159.389, 47.720, 
662.0, 0.0, 10000.0, 70.500, 157.959, 47.720, 
663.0, 0.0, 10000.0, 70.500, 157.860, 47.770, 
663.0, 0.0, 10000.0, 70.750, 157.309, 47.750, 
663.0, 0.0, 10000.0, 70.875, 157.240, 47.720, 
664.0, 0.0, 10000.0, 71.0, 157.250, 47.750, 
664.0, 0.0, 10000.0, 71.0, 156.969, 47.699, 
665.0, 0.0, 10000.0, 71.250, 156.419, 47.699, 
665.0, 0.0, 10000.0, 71.250, 155.39, 47.709, 
665.0, 0.0, 10000.0, 71.500, 154.360, 47.650, 
666.0, 0.0, 10000.0, 71.500, 153.899, 47.620, 
666.0, 0.0, 10000.0, 71.750, 153.279, 47.630, 
667.0, 0.0, 9415.0, 71.750, 152.309, 47.589, 
667.0, 0.0, 9415.0, 71.750, 152.20, 47.580, 
667.0, 0.0, 9415.0, 71.750, 151.509, 47.580, 
668.0, 0.0, 9415.0, 71.750, 151.690, 47.549, 
668.0, 0.0, 8925.0, 71.750, 152.99, 47.509, 
669.0, 0.0, 8435.0, 72.0, 151.660, 47.500, 
669.0, 0.0, 8435.0, 72.0, 150.899, 47.470, 
669.0, 0.0, 8435.0, 72.0, 150.479, 47.440, 
670.0, 0.0, 8435.0, 72.250, 150.220, 47.449, 
670.0, 0.0, 8435.0, 72.250, 150.220, 47.449, 
670.0, 0.0, 7541.0, 72.375, 150.479, 47.440, 
671.0, 0.0, 7541.0, 72.500, 150.39, 47.410, 
671.0, 0.0, 7541.0, 72.625, 150.269, 47.529, 
671.0, 0.0, 7541.0, 72.750, 150.100, 47.369, 
672.0, 0.0, 7541.0, 72.875, 149.329, 47.369, 
672.0, 0.0, 7144.500, 73.0, 149.800, 47.339, 
673.0, 0.0, 6748.0, 73.125, 150.529, 47.339, 
673.0, 0.0, 6748.0, 73.250, 150.360, 47.269, 
673.0, 0.0, 6748.0, 73.375, 149.759, 47.319, 
674.0, 0.0, 6748.0, 73.500, 149.910, 47.250, 
674.0, 0.0, 6748.0, 73.500, 149.169, 47.279, 
674.0, 0.0, 6031.0, 73.750, 148.299, 47.240, 
675.0, 0.0, 6031.0, 73.750, 147.459, 47.250, 
675.0, 0.0, 6031.0, 74.0, 145.849, 47.190, 
676.0, 0.0, 6031.0, 74.0, 144.199, 47.150, 
676.0, 0.0, 6031.0, 74.125, 142.679, 47.150, 
676.0, 0.0, 5691.0, 74.250, 142.59, 47.160, 
677.0, 0.0, 5351.0, 74.125, 141.759, 47.130, 
677.0, 0.0, 5351.0, 74.250, 141.500, 47.119, 
677.0, 0.0, 5351.0, 74.375, 141.130, 47.99, 
678.0, 0.0, 5351.0, 74.500, 141.419, 47.119, 
678.0, 0.0, 5351.0, 74.500, 141.600, 47.39, 
678.0, 0.0, 4813.0, 74.500, 142.929, 47.39, 
679.0, 0.0, 4813.0, 74.750, 144.289, 47.29, 
679.0, 0.0, 4813.0, 74.750, 142.799, 46.989, 
680.0, 0.0, 4813.0, 74.750, 140.399, 47.0, 
680.0, 0.0, 4813.0, 74.750, 139.220, 47.120, 
680.0, 0.0, 4563.500, 74.875, 138.729, 46.959, 
681.0, 0.0, 4314.0, 75.0, 138.49, 46.910, 
681.0, 0.0, 4314.0, 75.0, 142.129, 46.919, 
681.0, 0.0, 4314.0, 75.0, 153.470, 46.910, 
682.0, 0.0, 4314.0, 75.0, 156.39, 46.910, 
682.0, 0.0, 4314.0, 75.0, 152.309, 46.879, 
682.0, 0.0, 3863.0, 75.125, 144.279, 46.830, 
683.0, 0.0, 3863.0, 75.250, 142.459, 46.820, 
683.0, 0.0, 3863.0, 75.250, 137.490, 46.790, 
684.0, 0.0, 3863.0, 75.500, 135.19, 46.779, 
684.0, 0.0, 3863.0, 75.375, 136.29, 46.769, 
684.0, 0.0, 3649.0, 75.500, 136.699, 46.699, 
685.0, 0.0, 3435.0, 75.500, 134.500, 46.670, 
685.0, 0.0, 3435.0, 75.500, 134.589, 46.820, 
685.0, 0.0, 3435.0, 75.625, 137.959, 46.670, 
686.0, 0.0, 3435.0, 75.750, 138.399, 46.589, 
686.0, 0.0, 3435.0, 75.750, 136.489, 46.580, 
686.0, 0.0, 3060.0, 75.750, 137.100, 46.580, 
687.0, 0.0, 3060.0, 76.0, 137.440, 46.570, 
687.0, 0.0, 3060.0, 76.0, 137.709, 46.539, 
688.0, 0.0, 3060.0, 76.0, 137.629, 46.550, 
688.0, 0.0, 3060.0, 76.250, 137.469, 46.549, 
688.0, 0.0, 2890.0, 76.250, 137.360, 46.549, 
