Time (ms), GPS Distance (m), GPS Displacement (m), GPS Speed (km/h), Target Speed (km/h), Power (W), Cadence (rpm), Velocity (km/h), Simulated Distance (m), Heart Rate (bpm)33723.0064086, 0, 0, 0, 0, 0, 0, 0, 0, 0, 
33833.0064086, 0, 0, 0, 0, 0, 0, 0, 0, 0, 
36909.0068969, 7, 8406, 0, 0, 0, 0, 0, 0, 0, 
38407.0073547, 21, 8420, 0, 0, 0, 0, 0, 0, 0, 
41405.0080261, 25, 8422, 0, 0, 0, 0, 0, 0, 0, 
43403.0083312, 193, 8589, 0, 0, 0, 0, 0, 0, 0, 
45401.0088195, 279, 8674, 0, 0, 0, 0, 0, 0, 0, 
45900.00885, 279, 8674, 0, 0, 0, 0, 0, 0, 0, 
46399.0088195, 281, 8676, 0, 0, 0, 0, 0, 0, 0, 
47898.0093383, 282, 8677, 0, 0, 0, 0, 0, 0, 0, 
48398.0093078, 283, 8679, 0, 0, 0, 0, 0, 0, 0, 
49897.0098266, 284, 8678, 0, 0, 0, 0, 0, 0, 0, 
50397.007843, 284, 8678, 0, 0, 0, 0, 0, 0, 0, 
50894.0078735, 284, 8678, 0, 0, 0, 0, 0, 0, 0, 
51896.0080566, 284, 8678, 0, 0, 0, 0, 0, 0, 0, 
52396.0082092, 284, 8678, 0, 0, 0, 0, 0, 0, 0, 
52894.0082397, 284, 8678, 0, 0, 0, 0, 0, 0, 0, 
54393.0085754, 284, 8678, 0, 0, 0, 0, 0, 0, 0, 
54893.0086059, 284, 8678, 0, 0, 0, 0, 0, 0, 0, 
55391.0088195, 284, 8678, 0, 0, 0, 0, 0, 0, 0, 
56892.00885, 284, 8678, 0, 0, 0, 0, 0, 0, 0, 
57392.0093078, 284, 8678, 0, 0, 0, 0, 0, 0, 0, 
58890.0093383, 290, 8672, 0, 0, 0, 0, 0, 0, 0, 
59388.0097961, 294, 8668, 0, 0, 0, 0, 0, 0, 0, 
59888.0098266, 294, 8668, 0, 0, 0, 0, 0, 0, 0, 
61387.0119323, 475, 8489, 0, 0, 0, 0, 0, 0, 0, 
61886.0119628, 475, 8489, 0, 0, 0, 0, 0, 0, 0, 
62385.0121154, 566, 8398, 0, 0, 0, 0, 0, 0, 0, 
63386.0122375, 567, 8399, 0, 0, 0, 0, 0, 0, 0, 
63885.012268, 567, 8399, 0, 0, 0, 0, 0, 0, 0, 
64385.0124816, 567, 8399, 0, 0, 0, 0, 0, 0, 0, 
65884.0127563, 567, 8398, 0, 0, 0, 0, 0, 0, 0, 
66383.0127258, 658, 8489, 0, 0, 0, 0, 0, 0, 0, 
66881.0127563, 658, 8489, 0, 0, 0, 0, 0, 0, 0, 
68381.0132141, 840, 8670, 0, 0, 0, 0, 0, 0, 0, 
68881.0132446, 840, 8670, 0, 0, 0, 0, 0, 0, 0, 
70379.0156555, 841, 8670, 0, 0, 0, 0, 0, 0, 0, 
70879.015686, 841, 8670, 0, 0, 0, 0, 0, 0, 0, 
71376.0158386, 842, 8669, 0, 0, 0, 0, 0, 0, 0, 
72878.0160522, 842, 8668, 0, 0, 0, 0, 0, 0, 0, 
73376.0161437, 842, 8668, 0, 0, 0, 0, 0, 0, 0, 
73875.0161743, 842, 8668, 0, 0, 0, 0, 0, 0, 0, 
74875.0164184, 843, 8669, 0, 0, 0, 0, 0, 0, 0, 
75375.016632, 844, 8670, 0, 0, 0, 0, 0, 0, 0, 
75875.0166625, 844, 8670, 0, 0, 0, 0, 0, 0, 0, 
77374.0171203, 844, 8670, 0, 0, 0, 0, 0, 0, 0, 
77873.0171508, 844, 8670, 0, 0, 0, 0, 0, 0, 0, 
78371.0171203, 845, 8668, 0, 0, 0, 0, 0, 0, 0, 
79872.0176391, 847, 8670, 0, 0, 0, 0, 0, 0, 0, 
80370.0156555, 849, 8672, 0, 0, 0, 0, 0, 0, 0, 
81869.0158691, 850, 8673, 0, 0, 0, 0, 0, 0, 0, 
82369.0160217, 995, 8530, 0.7919999, 0, 0, 0, 0, 0, 0, 
82867.0160522, 995, 8530, 0.7919999, 0, 0, 0, 0, 0, 0, 
84367.0163879, 1290, 8239, 0.6839999, 0, 0, 0, 0, 0, 0, 
84867.0164184, 1290, 8239, 0.6839999, 0, 0, 0, 0, 0, 0, 
86365.016632, 1292, 8239, 0.4679999, 0, 0, 0, 0, 0, 0, 
86864.0166625, 1292, 8239, 0.4679999, 0, 0, 0, 0, 0, 0, 
87364.0171203, 1322, 8209, 4.1399998, 0, 0, 0, 0, 0, 0, 
88863.0171508, 1352, 8179, 2.592, 0, 0, 0, 0, 0, 0, 
89363.0176086, 1382, 8149, 1.8359999, 0, 0, 0, 0, 0, 0, 
89862.0176391, 1382, 8149, 1.8359999, 0, 0, 0, 0, 0, 0, 
90861.015686, 1383, 8148, 0.9, 0, 0, 0, 0, 0, 0, 
91361.0158386, 1384, 8148, 0.5039999, 0, 0, 0, 0, 0, 0, 
91860.0158691, 1384, 8148, 0.5039999, 0, 0, 0, 0, 0, 0, 
93359.0161437, 1385, 8147, 0.6839999, 0, 0, 0, 0, 0, 0, 
93859.0161743, 1385, 8147, 0.6839999, 0, 0, 0, 0, 0, 0, 
94356.0163879, 1385, 8147, 0.3239999, 0, 0, 0, 0, 0, 0, 
95857.0166625, 1385, 8147, 0.2879999, 0, 0, 0, 0, 0, 0, 
96357.016632, 1385, 8147, 0.2879999, 0, 0, 0, 0, 0, 0, 
97855.0171508, 1385, 8147, 0.2879999, 0, 0, 0, 0, 0, 0, 
98355.0171203, 1385, 8147, 0.4319999, 0, 0, 0, 0, 0, 0, 
98854.0171508, 1385, 8147, 0.4319999, 0, 0, 0, 0, 0, 0, 
100354.023468, 1385, 8147, 0.3959999, 0, 0, 0, 0, 0, 0, 
100853.0234985, 1385, 8147, 0.3959999, 0, 0, 0, 0, 0, 0, 
101351.0236511, 1386, 8147, 0.3959999, 0, 0, 0, 0, 0, 0, 
102351.0238342, 1386, 8147, 0.3959999, 0, 0, 0, 0, 0, 0, 
102851.0238647, 1386, 8147, 0.3959999, 0, 0, 0, 0, 0, 0, 
103351.0239562, 1387, 8148, 0.2879999, 0, 0, 0, 0, 0, 0, 
104849.0242309, 1387, 8148, 0.2519999, 0, 0, 0, 0, 0, 0, 
105349.0244445, 1387, 8148, 0.1799999, 0, 0, 0, 0, 0, 0, 
105846.024475, 1387, 8148, 0.1799999, 0, 0, 0, 0, 0, 0, 
107346.0249328, 1387, 8148, 0.2159999, 0, 0, 0, 0, 0, 0, 
107846.0249633, 1387, 8148, 0.2159999, 0, 0, 0, 0, 0, 0, 
109345.0254211, 1387, 8148, 0.0719999, 0, 0, 0, 0, 0, 0, 
109845.0254516, 1387, 8148, 0.0719999, 0, 0, 0, 0, 0, 0, 
110343.0254211, 1387, 8148, 0.3239999, 0, 0, 0, 0, 0, 0, 
111844.0256347, 1387, 8148, 0.3599999, 0, 0, 0, 0, 0, 0, 
112343.0257873, 1387, 8148, 0.3599999, 0, 0, 0, 0, 0, 0, 
112841.0258178, 1387, 8148, 0.3599999, 0, 0, 0, 0, 0, 0, 
113842.0259399, 1387, 8148, 0.2519999, 0, 0, 0, 0, 0, 0, 
114341.0261535, 1387, 8148, 0.1799999, 0, 0, 0, 0, 0, 0, 
114840.026184, 1387, 8148, 0.1799999, 0, 0, 0, 0, 0, 0, 
116339.0263977, 1387, 8148, 0.2159999, 0, 0, 0, 0, 0, 0, 
116839.0264282, 1387, 8148, 0.2159999, 0, 0, 0, 0, 0, 0, 
117337.0268859, 1387, 8148, 0.1799999, 0, 0, 0, 0, 0, 0, 
118337.0268859, 1388, 8147, 0.0719999, 0, 0, 0, 0, 0, 0, 
118837.0269165, 1388, 8147, 0.0719999, 0, 0, 0, 0, 0, 0, 
119336.0273742, 1388, 8147, 0.3959999, 0, 0, 0, 0, 0, 0, 
120836.0274047, 1388, 8147, 0.4679999, 0, 0, 0, 0, 0, 0, 
121334.0275573, 1388, 8148, 0.4679999, 0, 0, 0, 0, 0, 0, 
121833.0275878, 1388, 8148, 0.4679999, 0, 0, 0, 0, 0, 0, 
123332.0278625, 1388, 8148, 0.6119999, 0, 0, 0, 0, 0, 0, 
123833.027893, 1388, 8148, 0.6119999, 0, 0, 0, 0, 0, 0, 
125331.0283508, 1389, 8148, 0.6839999, 0, 0, 0, 0, 0, 0, 
125831.0283813, 1389, 8148, 0.6839999, 0, 0, 0, 0, 0, 0, 
126330.0283508, 1389, 8148, 0.3599999, 0, 0, 0, 0, 0, 0, 
127828.0288696, 1390, 8148, 1.2599999, 0, 0, 0, 0, 0, 0, 
128328.0288391, 1390, 8148, 2.3039998, 0, 0, 0, 0, 0, 0, 
128827.0288696, 1390, 8148, 2.3039998, 0, 0, 0, 0, 0, 0, 
129827.0293579, 1390, 8148, 1.9439998, 0, 0, 0, 0, 0, 0, 
130326.0293273, 1391, 8147, 2.1959998, 0, 0, 0, 0, 0, 0, 
130826.0293579, 1391, 8147, 2.1959998, 0, 0, 0, 0, 0, 0, 
132325.0296936, 1391, 8147, 1.0799999, 0, 0, 0, 0, 0, 0, 
133322.0298156, 1391, 8147, 0.5759999, 0, 0, 0, 0, 0, 0, 
134822.0300903, 1392, 8147, 3.2759997, 0, 0, 0, 0, 0, 0, 
135322.0303039, 1392, 8148, 1.7639999, 0, 0, 0, 0, 0, 0, 
136821.0303344, 1393, 8149, 1.0079998, 0, 0, 0, 0, 0, 0, 
137320.0307922, 1393, 8149, 0.4319999, 0, 0, 0, 0, 0, 0, 
137819.0308227, 1393, 8149, 0.4319999, 0, 0, 0, 0, 0, 0, 
139318.0312805, 1393, 8149, 0.4319999, 0, 0, 0, 0, 0, 0, 
139819.031311, 1393, 8149, 0.4319999, 0, 0, 0, 0, 0, 0, 
140316.0312805, 1393, 8149, 0.4319999, 0, 0, 0, 0, 0, 0, 
141317.0314636, 1393, 8149, 0.4319999, 0, 0, 0, 0, 0, 0, 
141816.0314941, 1393, 8149, 0.4319999, 0, 0, 0, 0, 0, 0, 
142316.0316467, 1393, 8149, 0.4319999, 0, 0, 0, 0, 0, 0, 
143814.0317993, 1393, 8149, 0.4319999, 0, 0, 0, 0, 0, 0, 
144315.0320129, 1393, 8149, 0.4319999, 0, 0, 0, 0, 0, 0, 
144814.0320434, 1393, 8149, 0.4319999, 0, 0, 0, 0, 0, 0, 
145813.0322875, 1393, 8149, 0.4679999, 0, 0, 0, 0, 0, 0, 
146312.032257, 1393, 8149, 0.4679999, 0, 0, 0, 0, 0, 0, 
146811.0322875, 1393, 8149, 0.4679999, 0, 0, 0, 0, 0, 0, 
148311.0327453, 1393, 8149, 0.4679999, 0, 0, 0, 0, 0, 0, 
148810.0327758, 1393, 8149, 0.4679999, 0, 0, 0, 0, 0, 0, 
149308.0332336, 1393, 8149, 0.4679999, 0, 0, 0, 0, 0, 0, 
150808.031311, 1394, 8150, 0.6479999, 0, 0, 0, 0, 0, 0, 
151307.0314636, 1395, 8150, 0.5759999, 0, 0, 0, 0, 0, 0, 
152807.0316772, 1395, 8151, 0.6479999, 0, 0, 0, 0, 0, 0, 
153306.0317687, 1395, 8151, 0.6119999, 0, 0, 0, 0, 0, 0, 
153805.0317993, 1395, 8151, 0.6119999, 0, 0, 0, 0, 0, 0, 
155303.032257, 1395, 8151, 0.3959999, 0, 0, 0, 0, 0, 0, 
155804.0322875, 1395, 8151, 0.3959999, 0, 0, 0, 0, 0, 0, 
156301.032257, 1395, 8151, 0.4319999, 0, 0, 0, 0, 0, 0, 
157301.0327453, 1396, 8150, 0.1439999, 0, 0, 0, 0, 0, 0, 
157802.0327758, 1396, 8150, 0.1439999, 0, 0, 0, 0, 0, 0, 
158302.0327453, 1396, 8150, 0.3959999, 0, 0, 0, 0, 0, 0, 
159801.0332641, 1396, 8150, 0.4319999, 0, 0, 0, 0, 0, 0, 
160300.0351867, 1397, 8149, 0.1799999, 0, 0, 0, 0, 0, 0, 
160798.0352172, 1397, 8149, 0.1799999, 0, 0, 0, 0, 0, 0, 
162297.0355377, 1397, 8148, 0.2519999, 0, 0, 0, 0, 0, 0, 
162798.0355834, 1397, 8148, 0.2519999, 0, 0, 0, 0, 0, 0, 
164296.0359039, 1398, 8148, 0.1439999, 0, 0, 0, 0, 0, 0, 
164796.0359497, 1398, 8148, 0.1439999, 0, 0, 0, 0, 0, 0, 
165293.036148, 1398, 8148, 0.1079999, 0, 0, 0, 0, 0, 0, 
166794.0361938, 1398, 8148, 0.1439999, 0, 0, 0, 0, 0, 0, 
167292.0366363, 1398, 8148, 0.0359999, 0, 0, 0, 0, 0, 0, 
167792.0366821, 1398, 8148, 0.0359999, 0, 0, 0, 0, 0, 0, 
168793.0366821, 1399, 8147, 0.1079999, 0, 0, 0, 0, 0, 0, 
169291.0371246, 1399, 8147, 0.1799999, 0, 0, 0, 0, 0, 0, 
169791.0371704, 1399, 8147, 0.1799999, 0, 0, 0, 0, 0, 0, 
171289.0392608, 1399, 8147, 0.3599999, 0, 0, 0, 0, 0, 0, 
172288.0394439, 1399, 8147, 0.1079999, 0, 0, 0, 0, 0, 0, 
173788.0396118, 1399, 8147, 0.2879999, 0, 0, 0, 0, 0, 0, 
174286.0398101, 1399, 8147, 0.1079999, 0, 0, 0, 0, 0, 0, 
175787.0401, 1399, 8147, 0.1079999, 0, 0, 0, 0, 0, 0, 
176285.0400543, 1399, 8147, 0.0359999, 0, 0, 0, 0, 0, 0, 
176783.0401, 1399, 8147, 0.0359999, 0, 0, 0, 0, 0, 0, 
178284.0405425, 1399, 8147, 0.1439999, 0, 0, 0, 0, 0, 0, 
178784.0405883, 1399, 8147, 0.1439999, 0, 0, 0, 0, 0, 0, 
180281.0390777, 1399, 8147, 0.1079999, 0, 0, 0, 0, 0, 0, 
180782.0391235, 1399, 8147, 0.1079999, 0, 0, 0, 0, 0, 0, 
181280.0392608, 1399, 8147, 0.0359999, 0, 0, 0, 0, 0, 0, 
182779.0394897, 1399, 8147, 0.0719999, 0, 0, 0, 0, 0, 0, 
183278.039566, 1399, 8147, 0.2879999, 0, 0, 0, 0, 0, 0, 
183778.0396118, 1399, 8147, 0.2879999, 0, 0, 0, 0, 0, 0, 
184778.0398559, 1399, 8147, 0.2879999, 0, 0, 0, 0, 0, 0, 
185277.0400543, 1399, 8147, 0, 0, 0, 0, 0, 0, 0, 
185777.0401, 1399, 8147, 0, 0, 0, 0, 0, 0, 0, 
187275.0405425, 1399, 8147, 0.1079999, 0, 0, 0, 0, 0, 0, 
187776.0405883, 1399, 8147, 0.1079999, 0, 0, 0, 0, 0, 0, 
188273.0405425, 1399, 8147, 0.0719999, 0, 0, 0, 0, 0, 0, 
189773.0410766, 1399, 8147, 0.0359999, 0, 0, 0, 0, 0, 0, 
190272.0390777, 1399, 8147, 0.2159999, 0, 0, 0, 0, 0, 0, 
191772.0393066, 1399, 8147, 0.2519999, 0, 0, 0, 0, 0, 0, 
192270.0394439, 1399, 8147, 0.3239999, 0, 0, 0, 0, 0, 0, 
192771.0394897, 1399, 8147, 0.3239999, 0, 0, 0, 0, 0, 0, 
194269.0398101, 1399, 8147, 0.2159999, 0, 0, 0, 0, 0, 0, 
194768.0398559, 1399, 8147, 0.2159999, 0, 0, 0, 0, 0, 0, 
195266.0400543, 1399, 8147, 0.1799999, 0, 0, 0, 0, 0, 0, 
196267.0400543, 1399, 8147, 0.1439999, 0, 0, 0, 0, 0, 0, 
196767.0401, 1399, 8147, 0.1439999, 0, 0, 0, 0, 0, 0, 
197266.0405425, 1399, 8147, 0.2879999, 0, 0, 0, 0, 0, 0, 
198765.0405883, 1399, 8147, 0.2159999, 0, 0, 0, 0, 0, 0, 
199264.0410308, 1399, 8147, 0.1799999, 0, 0, 0, 0, 0, 0, 
199762.0410766, 1399, 8147, 0.1799999, 0, 0, 0, 0, 0, 0, 
201263.0470733, 1399, 8147, 0.4679999, 0, 0, 0, 0, 0, 0, 
201762.0471191, 1399, 8147, 0.4679999, 0, 0, 0, 0, 0, 0, 
203260.0473785, 1400, 8147, 0.1439999, 0, 0, 0, 0, 0, 0, 
203761.0474243, 1400, 8147, 0.1439999, 0, 0, 0, 0, 0, 0, 
204258.0476226, 1400, 8147, 0.1799999, 0, 0, 0, 0, 0, 0, 
206258.0478668, 1400, 8147, 0.1079999, 0, 0, 0, 0, 0, 0, 
206756.0479125, 1400, 8147, 0.1079999, 0, 0, 0, 0, 0, 0, 
207758.0484008, 1400, 8147, 0.2159999, 0, 0, 0, 0, 0, 0, 
208257.048355, 1400, 8147, 0.2159999, 0, 0, 0, 0, 0, 0, 
208756.0484008, 1400, 8147, 0.2159999, 0, 0, 0, 0, 0, 0, 
210754.0488891, 1400, 8147, 0.0719999, 0, 0, 0, 0, 0, 0, 
211252.0490264, 1400, 8147, 0.0719999, 0, 0, 0, 0, 0, 0, 
212253.0492095, 1400, 8147, 0.0719999, 0, 0, 0, 0, 0, 0, 
212753.0492553, 1400, 8147, 0.0719999, 0, 0, 0, 0, 0, 0, 
213252.0493316, 1400, 8147, 0.0719999, 0, 0, 0, 0, 0, 0, 
215249.0498199, 1400, 8147, 0.0719999, 0, 0, 0, 0, 0, 0, 
215748.0498657, 1400, 8147, 0.0719999, 0, 0, 0, 0, 0, 0, 
217248.0503082, 1400, 8147, 0, 0, 0, 0, 0, 0, 0, 
217748.0503539, 1400, 8147, 0, 0, 0, 0, 0, 0, 0, 
219246.0507965, 1400, 8147, 0.0719999, 0, 0, 0, 0, 0, 0, 
219747.0508422, 1400, 8147, 0.0719999, 0, 0, 0, 0, 0, 0, 
220246.0507965, 1400, 8147, 0.1439999, 0, 0, 0, 0, 0, 0, 
221745.0510253, 1400, 8147, 0.0719999, 0, 0, 0, 0, 0, 0, 
222243.0511627, 1400, 8147, 0.0719999, 0, 0, 0, 0, 0, 0, 
222742.0512084, 1400, 8147, 0.0719999, 0, 0, 0, 0, 0, 0, 
223742.0513305, 1400, 8147, 0.0719999, 0, 0, 0, 0, 0, 0, 
224242.0515289, 1400, 8147, 0.1079999, 0, 0, 0, 0, 0, 0, 
224742.0515747, 1400, 8147, 0.1079999, 0, 0, 0, 0, 0, 0, 
226740.0518188, 1400, 8147, 0.1799999, 0, 0, 0, 0, 0, 0, 
227237.0522613, 1400, 8147, 0.1079999, 0, 0, 0, 0, 0, 0, 
228738.0523071, 1400, 8147, 0.1439999, 0, 0, 0, 0, 0, 0, 
229237.0527496, 1400, 8147, 0.0719999, 0, 0, 0, 0, 0, 0, 
230735.0527954, 1400, 8147, 0.1439999, 0, 0, 0, 0, 0, 0, 
231235.0529327, 1401, 8147, 0.1439999, 0, 0, 0, 0, 0, 0, 
231734.0529785, 1401, 8147, 0.1439999, 0, 0, 0, 0, 0, 0, 
233234.0532379, 1401, 8147, 0.1799999, 0, 0, 0, 0, 0, 0, 
233734.0532836, 1401, 8147, 0.1799999, 0, 0, 0, 0, 0, 0, 
234231.053482, 1401, 8147, 0.2519999, 0, 0, 0, 0, 0, 0, 
235232.0537261, 1401, 8147, 0.1439999, 0, 0, 0, 0, 0, 0, 
235731.0537719, 1401, 8147, 0.1439999, 0, 0, 0, 0, 0, 0, 
236231.0537261, 1401, 8147, 0.2519999, 0, 0, 0, 0, 0, 0, 
237733.0542602, 1401, 8147, 0.3959999, 0, 0, 0, 0, 0, 0, 
238230.0542144, 1401, 8147, 0.4319999, 0, 0, 0, 0, 0, 0, 
238727.0542602, 1401, 8147, 0.4319999, 0, 0, 0, 0, 0, 0, 
239728.0547485, 1401, 8147, 0.1799999, 0, 0, 0, 0, 0, 0, 
240228.0547027, 1401, 8147, 0.1799999, 0, 0, 0, 0, 0, 0, 
240727.0547485, 1401, 8147, 0.1799999, 0, 0, 0, 0, 0, 0, 
242226.0550689, 1401, 8147, 0.1799999, 0, 0, 0, 0, 0, 0, 
242724.0551147, 1401, 8147, 0.1799999, 0, 0, 0, 0, 0, 0, 
243223.055191, 1401, 8147, 0.1799999, 0, 0, 0, 0, 0, 0, 
244723.0554809, 1401, 8147, 0.1799999, 0, 0, 0, 0, 0, 0, 
245223.0556793, 1401, 8147, 0.1799999, 0, 0, 0, 0, 0, 0, 
246721.055725, 1401, 8147, 0.1799999, 0, 0, 0, 0, 0, 0, 
247222.0561675, 1401, 8147, 0.1799999, 0, 0, 0, 0, 0, 0, 
247733.0562133, 1401, 8147, 0.1799999, 0, 0, 0, 0, 0, 0, 
249220.0566558, 1401, 8148, 0.0719999, 0, 0, 0, 0, 0, 0, 
249726.0567016, 1401, 8148, 0.0719999, 0, 0, 0, 0, 0, 0, 
250217.0547027, 1401, 8148, 0.1079999, 0, 0, 0, 0, 0, 0, 
251218.0548858, 1401, 8148, 0.3959999, 0, 0, 0, 0, 0, 0, 
251727.0549316, 1401, 8148, 0.3959999, 0, 0, 0, 0, 0, 0, 
252217.0550689, 1401, 8148, 0.2159999, 0, 0, 0, 0, 0, 0, 
253727.0552368, 1401, 8148, 0.0719999, 0, 0, 0, 0, 0, 0, 
254216.0554351, 1401, 8148, 0.1079999, 0, 0, 0, 0, 0, 0, 
254712.0554809, 1401, 8148, 0.1079999, 0, 0, 0, 0, 0, 0, 
256214.0556793, 1401, 8148, 0.2879999, 0, 0, 0, 0, 0, 0, 
256712.055725, 1401, 8148, 0.2879999, 0, 0, 0, 0, 0, 0, 
258211.0561675, 1401, 8148, 0, 0, 0, 0, 0, 0, 0, 
258710.0562133, 1401, 8148, 0, 0, 0, 0, 0, 0, 0, 
259209.0566558, 1401, 8148, 0.1079999, 0, 0, 0, 0, 0, 0, 
260708.0586547, 1401, 8148, 0.1079999, 0, 0, 0, 0, 0, 0, 
261209.0587921, 1401, 8148, 0.3599999, 0, 0, 0, 0, 0, 0, 
261727.0588378, 1401, 8148, 0.3599999, 0, 0, 0, 0, 0, 0, 
262706.0590209, 1401, 8148, 1.0799999, 0, 0, 0, 0, 0, 0, 
263206.0590972, 1401, 8148, 1.7639999, 0, 0, 0, 0, 0, 0, 
263727.059143, 1401, 8148, 1.7639999, 0, 0, 0, 0, 0, 0, 
265205.0595855, 1402, 8147, 2.1599998, 0, 0, 0, 0, 0, 0, 
265729.0596313, 1402, 8147, 2.1599998, 0, 0, 0, 0, 0, 0, 
267203.0600738, 1403, 8147, 2.0159997, 0, 0, 0, 0, 0, 0, 
267734.0601196, 1403, 8147, 2.0159997, 0, 0, 0, 0, 0, 0, 
268203.0600738, 1403, 8146, 2.0519998, 0, 0, 0, 0, 0, 0, 
269728.0606079, 1404, 8146, 1.9439998, 0, 0, 0, 0, 0, 0, 
270200.0625152, 1404, 8145, 1.7279999, 0, 0, 0, 0, 0, 0, 
270697.062561, 1404, 8145, 1.7279999, 0, 0, 0, 0, 0, 0, 
272199.0628738, 1405, 8145, 2.0159997, 0, 0, 0, 0, 0, 0, 
272697.0629272, 1405, 8145, 2.0159997, 0, 0, 0, 0, 0, 0, 
274197.06324, 1405, 8145, 1.7999999, 0, 0, 0, 0, 0, 0, 
274695.0632934, 1405, 8145, 1.7999999, 0, 0, 0, 0, 0, 0, 
275195.0634841, 1405, 8145, 1.7999999, 0, 0, 0, 0, 0, 0, 
276694.0635375, 1405, 8145, 1.7999999, 0, 0, 0, 0, 0, 0, 
277194.0639724, 1405, 8145, 1.7999999, 0, 0, 0, 0, 0, 0, 
277733.0640258, 1405, 8145, 1.7999999, 0, 0, 0, 0, 0, 0, 
278691.0640258, 1405, 8145, 1.7999999, 0, 0, 0, 0, 0, 0, 
279192.0644607, 1405, 8145, 1.7999999, 0, 0, 0, 0, 0, 0, 
279727.0645141, 1405, 8145, 1.7999999, 0, 0, 0, 0, 0, 0, 
281191.0626907, 1405, 8145, 1.0799999, 0, 0, 0, 0, 0, 0, 
281728.0627441, 1405, 8145, 1.0799999, 0, 0, 0, 0, 0, 0, 
282187.0628738, 1406, 8144, 1.6919998, 0, 0, 0, 0, 0, 0, 
283726.0630493, 1406, 8144, 1.8719999, 0, 0, 0, 0, 0, 0, 
284188.06324, 1407, 8144, 1.7999999, 0, 0, 0, 0, 0, 0, 
285733.0635375, 1407, 8144, 1.7999999, 0, 0, 0, 0, 0, 0, 
286186.0634841, 1407, 8144, 1.7999999, 0, 0, 0, 0, 0, 0, 
286683.0635375, 1407, 8144, 1.7999999, 0, 0, 0, 0, 0, 0, 
288683.0640258, 1407, 8144, 1.7999999, 0, 0, 0, 0, 0, 0, 
289182.0644607, 1407, 8144, 1.7999999, 0, 0, 0, 0, 0, 0, 
290183.0625076, 1407, 8144, 1.7999999, 0, 0, 0, 0, 0, 0, 
290680.062561, 1407, 8144, 1.7999999, 0, 0, 0, 0, 0, 0, 
291215.0626983, 1407, 8144, 1.7999999, 0, 0, 0, 0, 0, 0, 
292679.0629272, 1407, 8144, 0.2879999, 0, 0, 0, 0, 0, 0, 
293180.0629959, 1409, 8143, 0.1799999, 0, 0, 0, 0, 0, 0, 
293727.0630493, 1409, 8143, 0.1799999, 0, 0, 0, 0, 0, 0, 
295178.0634841, 1409, 8143, 0.2519999, 0, 0, 0, 0, 0, 0, 
295733.0635375, 1409, 8143, 0.2519999, 0, 0, 0, 0, 0, 0, 
297176.0639724, 1409, 8143, 0.2159999, 0, 0, 0, 0, 0, 0, 
297726.0640258, 1409, 8143, 0.2159999, 0, 0, 0, 0, 0, 0, 
298173.0639724, 1409, 8143, 0.0719999, 0, 0, 0, 0, 0, 0, 
299726.0645141, 1410, 8144, 1.2599999, 0, 0, 0, 0, 0, 0, 
300173.0625076, 1410, 8144, 1.3679998, 0, 0, 0, 0, 0, 0, 
300670.062561, 1410, 8144, 1.3679998, 0, 0, 0, 0, 0, 0, 
301729.0627441, 1411, 8144, 0.5399999, 0, 0, 0, 0, 0, 0, 
302172.0628738, 1411, 8144, 0.1439999, 0, 0, 0, 0, 0, 0, 
302669.0629272, 1411, 8144, 0.1439999, 0, 0, 0, 0, 0, 0, 
304169.06324, 1411, 8144, 0.1079999, 0, 0, 0, 0, 0, 0, 
304668.0632934, 1411, 8144, 0.1079999, 0, 0, 0, 0, 0, 0, 
305167.0634841, 1411, 8144, 0.2159999, 0, 0, 0, 0, 0, 0, 
306168.0634841, 1411, 8144, 0.2519999, 0, 0, 0, 0, 0, 0, 
308664.0640258, 1411, 8144, 1.2599999, 0, 0, 0, 0, 0, 0, 
309165.0644607, 1411, 8144, 1.9079998, 0, 0, 0, 0, 0, 0, 
311163.0646438, 1412, 8143, 2.8799998, 0, 0, 0, 0, 0, 0, 
311727.0646972, 1412, 8143, 2.8799998, 0, 0, 0, 0, 0, 0, 
313161.064949, 1414, 8141, 3.0239999, 0, 0, 0, 0, 0, 0, 
313726.0650024, 1414, 8141, 3.0239999, 0, 0, 0, 0, 0, 0, 
314160.0651931, 1414, 8141, 3.0239999, 0, 0, 0, 0, 0, 0, 
315732.0654907, 1416, 8139, 3.5279998, 0, 0, 0, 0, 0, 0, 
316158.0654373, 1417, 8139, 3.7439999, 0, 0, 0, 0, 0, 0, 
316656.0654907, 1417, 8139, 3.7439999, 0, 0, 0, 0, 0, 0, 
339032.0703124, 1436, 8121, 17.8199996, 0, 0, 0, 0, 0, 0, 
339530.070343, 1436, 8121, 17.8199996, 0, 0, 0, 0, 0, 0, 
341046.0704955, 1442, 8115, 20.7719993, 0, 264.6300201, 36.5074501, 10.5138235, 2.3999264, 0, 
341528.0705261, 1442, 8115, 20.7719993, 0, 264.6300201, 36.5074501, 10.5138235, 2.3999264, 0, 
342041.0706787, 1442, 8115, 20.7719993, 0, 223.6072692, 39.9999961, 14.2219552, 7.553214, 0, 
343539.0708312, 1454, 8104, 23.6159991, 0, 147.9648818, 42.5079689, 16.2780856, 13.5324935, 0, 
344537.0710754, 1466, 8093, 24.5519981, 0, 196.8385238, 44.6428527, 18.4940223, 20.0232868, 0, 
345525.0713195, 1476, 8084, 25.3079986, 0, 196.8385238, 44.6428527, 18.4940223, 20.0232868, 0, 
346038.071289, 1476, 8084, 25.3079986, 0, 222.7734069, 46.6744422, 20.6196365, 27.0067043, 0, 
346523.0713195, 1476, 8084, 25.3079986, 0, 222.7734069, 46.6744422, 20.6196365, 27.0067043, 0, 
348037.0717773, 1476, 8084, 25.3079986, 0, 297.1019134, 50.7292289, 25.0037136, 41.9958762, 0, 
348522.0718078, 1476, 8084, 25.3079986, 0, 297.1019134, 50.7292289, 25.0037136, 41.9958762, 0, 
349021.0722656, 1476, 8084, 25.3079986, 0, 297.1019134, 50.7292289, 25.0037136, 41.9958762, 0, 
350533.070343, 1476, 8084, 25.3079986, 0, 250.2372894, 55.172409, 28.0723628, 58.0292739, 0, 
351021.0704955, 1476, 8084, 25.3079986, 0, 250.2372894, 55.172409, 28.0723628, 58.0292739, 0, 
353034.0708007, 1476, 8084, 25.3079986, 0, 190.279457, 58.323204, 30.2418346, 74.6933669, 0, 
353529.0708312, 1476, 8084, 25.3079986, 0, 291.1471404, 60.6980247, 31.6187267, 83.1863098, 0, 
355031.071289, 1476, 8084, 25.3079986, 0, 365.8812866, 62.7615013, 33.164093, 91.7880249, 0, 
355529.0713195, 1476, 8084, 25.3079986, 0, 312.4694824, 64.6900253, 34.4318923, 100.4957122, 0, 
356029.071289, 1476, 8084, 25.3079986, 0, 222.6742553, 66.1886367, 35.3563422, 109.2822418, 0, 
357029.0717773, 1476, 8084, 36.3239974, 0, 283.3613128, 67.7200851, 36.4192733, 118.1146316, 0, 
357515.0718078, 1476, 8084, 36.3239974, 0, 283.3613128, 67.7200851, 36.4192733, 118.1146316, 0, 
358029.0717773, 1476, 8084, 36.3239974, 0, 273.1216888, 69.2041473, 37.4050903, 127.0043182, 0, 
359526.0722961, 1476, 8084, 36.3239974, 0, 183.8271865, 70.8800887, 38.8018989, 144.9235457, 0, 
360523.0742492, 1476, 8084, 36.3239974, 0, 146.5931625, 72.1587448, 39.3782539, 153.9522628, 0, 
361524.0744323, 1476, 8084, 36.3239974, 0, 237.6688842, 73.1261367, 40.1652831, 163.0169143, 0, 
362025.0745849, 1476, 8084, 36.3239974, 0, 247.6124877, 74.1656341, 40.9525336, 172.131401, 0, 
362511.0746154, 1476, 8084, 36.3239974, 0, 247.6124877, 74.1656341, 40.9525336, 172.131401, 0, 
364023.0749511, 1476, 8084, 36.3239974, 0, 307.530426, 76.1179809, 42.8152389, 190.4730605, 0, 
364521.0749816, 1476, 8084, 36.3239974, 0, 339.9917602, 77.9727019, 43.8292732, 199.7331924, 0, 
365020.0751953, 1476, 8084, 36.3239974, 0, 288.5392303, 79.2079162, 44.7046089, 209.0476989, 0, 
366519.0752258, 1548, 8016, 44.0279998, 0, 254.3225555, 80.6993865, 46.2590446, 227.8342132, 0, 
367006.0756835, 1548, 8016, 44.0279998, 0, 254.3225555, 80.6993865, 46.2590446, 227.8342132, 0, 
368518.0757141, 1627, 7942, 45.5039978, 0, 298.6382903, 82.673088, 47.9016799, 246.8167571, 0, 
369017.0761718, 1627, 7942, 45.5039978, 0, 252.036148, 83.9748, 48.6085242, 256.3940582, 0, 
369515.0762023, 1627, 7942, 45.5039978, 0, 241.94281, 84.8056487, 49.2835731, 266.0133209, 0, 
371016.078308, 1711, 7863, 46.7999992, 0, 297.8743133, 86.1140975, 50.7836036, 285.3804778, 0, 
371514.0783386, 1711, 7863, 46.7999992, 0, 300.2243041, 87.5273437, 51.5097465, 295.1196441, 0, 
372000.0784912, 1711, 7863, 46.7999992, 0, 300.2243041, 87.5273437, 51.5097465, 295.1196441, 0, 
373014.0786132, 1711, 7863, 46.7999992, 0, 283.2337799, 88.7573928, 52.8706626, 314.7199707, 0, 
373512.0786437, 1711, 7863, 46.7999992, 0, 313.7312927, 89.955017, 53.5753402, 324.5810241, 0, 
374000.0788574, 1711, 7863, 46.7999992, 0, 313.7312927, 89.955017, 53.5753402, 324.5810241, 0, 
375511.079132, 1776, 7803, 50.1119995, 0, 264.1937713, 91.5099029, 55.4087371, 354.3548583, 0, 
375998.0791625, 1776, 7803, 50.1119995, 0, 264.1937713, 91.5099029, 55.4087371, 354.3548583, 0, 
376508.079132, 1776, 7803, 50.1119995, 0, 205.3005523, 92.7356948, 55.9159316, 364.358612, 0, 
377996.0796508, 1807, 7773, 50.9759978, 0, 205.3005523, 92.7356948, 55.9159316, 364.358612, 0, 
378494.0796203, 1807, 7773, 50.9759978, 0, 205.3005523, 92.7356948, 55.9159316, 364.358612, 0, 
380007.0781249, 1831, 7751, 51.7679977, 0, 230.9839629, 94.5005798, 59.0671691, 425.1958618, 0, 
380506.0781555, 1854, 7729, 52.3079986, 0, 240.1220855, 96.3855361, 59.5753478, 435.4534911, 0, 
380991.078186, 1854, 7729, 52.3079986, 0, 240.1220855, 96.3855361, 59.5753478, 435.4534911, 0, 
382504.0785217, 1878, 7707, 53.171997, 0, 226.0386505, 97.270996, 61.0215797, 466.4485778, 0, 
383004.0786132, 1878, 7707, 53.171997, 0, 285.9456939, 98.2800903, 61.5617294, 476.8426208, 0, 
383490.0786437, 1878, 7707, 53.171997, 0, 285.9456939, 98.2800903, 61.5617294, 476.8426208, 0, 
384502.0788879, 1902, 7684, 54.1799964, 0, 288.4012298, 99.1735458, 62.6294021, 497.713623, 0, 
385002.0791015, 1902, 7684, 54.1799964, 0, 243.3869476, 99.9167327, 63.1001396, 508.199829, 0, 
385502.079132, 1902, 7684, 54.1799964, 0, 187.775505, 100.5867538, 63.5021362, 518.688507, 0, 
387500.0796203, 1956, 7633, 55.2599983, 0, 191.2197799, 83.2754974, 64.4781417, 544.3023376, 0, 
389497.0801086, 1991, 7600, 56.0879974, 0, 257.931137, 73.1558532, 66.1011123, 588.9259948, 0, 
389985.0801391, 1991, 7600, 56.0879974, 0, 257.931137, 73.1558532, 66.1011123, 588.9259948, 0, 
391495.0783386, 2012, 7580, 57.2039985, 0, 306.6367797, 74.557312, 67.1184158, 618.7061157, 0, 
391996.0783691, 2012, 7580, 57.2039985, 0, 275.4881133, 75.1879653, 67.570671, 633.6341552, 0, 
392494.0785217, 2033, 7561, 57.5999984, 0, 259.4831085, 75.8054275, 67.993019, 648.5367431, 0, 
393995.0786743, 2054, 7540, 58.1039962, 0, 259.9017181, 76.433113, 68.8234252, 678.3703002, 0, 
394480.0788879, 2054, 7540, 58.1039962, 0, 259.9017181, 76.433113, 68.8234252, 678.3703002, 0, 
396491.079132, 2096, 7500, 59.579998, 0, 316.7868347, 77.6196593, 70.2554092, 723.1652831, 0, 
396978.0791625, 2096, 7500, 59.579998, 0, 316.7868347, 77.6196593, 70.2554092, 723.1652831, 0, 
398489.0796203, 2123, 7475, 60.5519981, 0, 267.6149444, 78.9214019, 71.0460128, 753.005371, 0, 
398989.0796508, 2123, 7475, 60.5519981, 0, 268.2162017, 79.6812667, 71.433258, 767.9063109, 0, 
399486.0801086, 2123, 7475, 60.5519981, 0, 301.8073119, 80.1603164, 71.8575286, 782.8026122, 0, 
400487.0937805, 2151, 7449, 61.5959968, 0, 317.847412, 80.7536926, 72.2609481, 797.6748656, 0, 
401486.0939636, 2179, 7422, 62.0999984, 0, 282.9732818, 81.1358947, 72.5531768, 812.5484619, 0, 
402985.0941772, 2201, 7401, 62.5679969, 0, 260.8827972, 82.079338, 73.3313522, 856.9824828, 0, 
403472.0942687, 2201, 7401, 62.5679969, 0, 260.8827972, 82.079338, 73.3313522, 856.9824828, 0, 
403983.0942993, 2201, 7401, 62.5679969, 0, 239.663681, 82.9301986, 73.558464, 871.7428588, 0, 
405483.094757, 2246, 7358, 63.8279991, 0, 240.9017943, 83.5073013, 74.0092697, 901.1949462, 0, 
405983.0947875, 2246, 7358, 63.8279991, 0, 219.6177367, 84.1514663, 74.2058715, 915.8723754, 0, 
407481.0952453, 2276, 7330, 64.4399948, 0, 207.1908569, 84.4772949, 74.5661849, 945.2238769, 0, 
407981.0952758, 2276, 7330, 64.4399948, 0, 211.4624938, 84.925682, 74.7482528, 959.8753661, 0, 
408465.0952453, 2276, 7330, 64.4399948, 0, 211.4624938, 84.925682, 74.7482528, 959.8753661, 0, 
409979.0957641, 2305, 7303, 65.159996, 0, 246.6849364, 85.3788604, 75.3207397, 989.1701049, 0, 
410977.0957641, 2334, 7275, 65.5919952, 0, 233.0889434, 86.1450042, 75.8524627, 1018.4180297, 0, 
411977.0959472, 2334, 7275, 65.5919952, 0, 230.6135864, 86.517662, 76.1115875, 1033.0551147, 0, 
412477.0960998, 2334, 7275, 65.5919952, 0, 273.5374908, 86.9565124, 76.4145355, 1047.6721801, 0, 
412977.0961303, 2334, 7275, 65.5919952, 0, 256.1329498, 87.2727203, 76.6958923, 1062.2920532, 0, 
414475.096466, 2376, 7235, 66.9239959, 0, 231.4312744, 87.7834625, 77.1983795, 1091.510559, 0, 
414974.0964965, 2376, 7235, 66.9239959, 0, 263.6109161, 88.2352905, 77.4796066, 1106.1190872, 0, 
415460.0967102, 2376, 7235, 66.9239959, 0, 263.6109161, 88.2352905, 77.4796066, 1106.1190872, 0, 
416973.0967407, 2418, 7195, 67.5359954, 0, 228.0809936, 88.6699447, 78.2013168, 1150.0125198, 0, 
417459.0971984, 2418, 7195, 67.7519989, 0, 228.0809936, 88.6699447, 78.2013168, 1150.0125198, 0, 
418971.0972289, 2467, 7149, 68.0039978, 0, 217.0418243, 89.2414398, 78.8726196, 1194.0150833, 0, 
419458.0976867, 2467, 7149, 68.1839981, 0, 217.0418243, 89.2414398, 78.8726196, 1194.0150833, 0, 
421469.0978698, 2535, 7083, 68.5439987, 0, 244.9627074, 89.7531738, 79.6142806, 1238.1603546, 0, 
421968.0979003, 2535, 7083, 68.5439987, 0, 271.037033, 90.2255554, 79.8826598, 1252.8916778, 0, 
423467.098175, 2579, 7042, 69.2279968, 0, 274.3022308, 90.5660324, 80.4203796, 1282.3919219, 0, 
423966.0982055, 2579, 7042, 69.2279968, 0, 209.7306671, 90.909088, 80.6220397, 1297.154129, 0, 
424466.0984191, 2579, 7042, 69.4440002, 0, 208.5896301, 91.0470352, 80.8179168, 1311.9303893, 0, 
426464.0986633, 2629, 6994, 69.9119948, 0, 248.1156005, 91.4401779, 81.407196, 1356.2831725, 0, 
427963.0991821, 2654, 6969, 70.0559997, 0, 227.8420257, 91.9188003, 81.7530212, 1385.867279, 0, 
428463.0991516, 2673, 6951, 70.1999969, 0, 183.1833877, 92.1658935, 81.8811874, 1400.6625671, 0, 
428961.0991821, 2673, 6951, 70.1999969, 0, 147.5724563, 92.1658935, 81.9748305, 1415.4778747, 0, 
430460.0996398, 2711, 6915, 70.4519958, 0, 157.8631515, 92.3076858, 82.1805801, 1445.1170349, 0, 
430960.0996704, 2711, 6915, 70.4519958, 0, 172.0318527, 92.5925903, 82.2957916, 1459.9198913, 0, 
431458.0998229, 2731, 6897, 70.7039947, 0, 168.5121536, 92.7356948, 82.4068374, 1474.7203064, 0, 
432958.1000366, 2750, 6878, 70.883995, 0, 183.1076736, 93.0593185, 82.6545104, 1504.2823181, 0, 
433458.1001281, 2770, 6859, 71.1359939, 0, 230.7327575, 93.3852081, 82.8213271, 1519.0487976, 0, 
435442.1006164, 2808, 6822, 71.5319976, 0, 230.7327575, 93.3852081, 82.8213271, 1519.0487976, 0, 
435955.1006469, 2808, 6822, 71.5319976, 0, 224.897293, 93.9150771, 83.4584808, 1578.0666198, 0, 
437453.1011047, 2847, 6785, 72.2519988, 0, 244.2903442, 94.6745528, 83.8041458, 1607.5118408, 0, 
437953.1011352, 2847, 6785, 72.2519988, 0, 198.7391586, 95.0871581, 83.9334182, 1622.2121581, 0, 
438452.1011047, 2867, 6766, 72.3600005, 0, 237.6230163, 95.0118713, 84.1044082, 1636.9504394, 0, 
439452.101593, 2886, 6747, 72.6119994, 0, 220.4705505, 95.3137359, 84.2681732, 1651.6713866, 0, 
439952.1016235, 2886, 6747, 72.6119994, 0, 201.5510711, 95.3895034, 84.4141387, 1666.4077148, 0, 
440451.101593, 2906, 6728, 72.8279952, 0, 179.1931228, 95.9232558, 84.538742, 1681.0854492, 0, 
441950.1018066, 2926, 6709, 73.1159973, 0, 210.6713103, 79.9999923, 84.9028396, 1716.3857421, 0, 
442436.1019592, 2946, 6690, 73.4039993, 0, 210.6713103, 79.9999923, 84.9028396, 1716.3857421, 0, 
442947.1019897, 2946, 6690, 73.4039993, 0, 236.7404327, 80.2675552, 85.1098175, 1734.0363769, 0, 
444447.1023254, 2986, 6651, 74.0879974, 0, 282.1201629, 80.7808761, 85.6135329, 1769.2598876, 0, 
444947.1023559, 2986, 6651, 74.0879974, 0, 300.4329528, 81.1358947, 85.8803024, 1786.8737792, 0, 
446446.1025695, 3027, 6612, 74.6639938, 0, 263.3401946, 81.5217361, 86.3313369, 1822.0815429, 0, 
446945.1026, 3027, 6612, 74.6639938, 0, 236.3197479, 81.9672088, 86.5256652, 1839.6553954, 0, 
447429.1030578, 3047, 6593, 74.9519958, 0, 236.3197479, 81.9672088, 86.5256652, 1839.6553954, 0, 
448943.1030883, 3067, 6573, 75.2759933, 0, 261.5553131, 82.2199325, 86.9614715, 1874.8226318, 0, 
449442.1035461, 3088, 6553, 75.5999984, 0, 276.4473724, 82.6446227, 87.1909789, 1892.3830566, 0, 
449941.1035766, 3088, 6553, 75.5999984, 0, 312.6137389, 82.9875487, 87.4539413, 1909.920288, 0, 
450941.1016235, 3109, 6533, 76.0679931, 0, 304.838623, 83.2754974, 87.7065658, 1927.4484863, 0, 
451940.1018066, 3130, 6513, 76.3559951, 0, 279.681961, 83.5073013, 87.9324111, 1944.97583, 0, 
453438.1020812, 3171, 6473, 76.7879943, 0, 214.3872833, 83.8379058, 88.2723007, 1997.5190429, 0, 
453925.1021118, 3171, 6473, 76.7879943, 0, 214.3872833, 83.8379058, 88.2723007, 1997.5190429, 0, 
454436.1023254, 3192, 6453, 76.8599929, 0, 220.9759826, 84.0924987, 88.3843307, 2015.0253906, 0, 
455437.1025695, 3213, 6433, 77.1119995, 0, 262.4563445, 84.2696609, 88.5356674, 2032.520874, 0, 
455937.1026, 3213, 6433, 77.1119995, 0, 234.1205291, 84.4475631, 88.658615, 2050.0064697, 0, 
456435.1025695, 3234, 6413, 77.3279952, 0, 265.5882415, 84.6262283, 88.810707, 2067.4822997, 0, 
457934.1030883, 3254, 6393, 77.5799941, 0, 247.9258575, 84.8956451, 89.0784225, 2102.4054031, 0, 
458434.1030578, 3276, 6372, 77.7599945, 0, 243.8057861, 85.1063766, 89.206726, 2119.8624343, 0, 
458918.1030883, 3276, 6372, 77.7599945, 0, 243.8057861, 85.1063766, 89.206726, 2119.8624343, 0, 
460432.1054992, 3319, 6331, 78.0839996, 0, 203.2230682, 85.3484954, 89.4728851, 2172.2005691, 0, 
460918.1055297, 3319, 6331, 78.0839996, 0, 203.2230682, 85.3484954, 89.4728851, 2172.2005691, 0, 
462430.1058654, 3361, 6290, 78.5879974, 0, 273.9933929, 85.7142791, 89.7798156, 2207.0553131, 0, 
462930.1058959, 3361, 6290, 78.5879974, 0, 258.3818816, 86.0214996, 89.9165343, 2224.4635162, 0, 
463429.1059875, 3382, 6269, 78.7679977, 0, 263.2467803, 86.1450042, 90.0632476, 2241.8741607, 0, 
464928.1062622, 3404, 6248, 78.947998, 0, 224.6841735, 86.3309326, 90.4095916, 2276.7154693, 0, 
465427.1064758, 3425, 6228, 79.1639938, 0, 220.6783752, 86.6425933, 90.5767593, 2294.12294, 0, 
466926.1065063, 3447, 6207, 79.3439941, 0, 213.9052428, 86.7678909, 90.8966445, 2328.9808654, 0, 
467428.1069641, 3469, 6185, 79.5239944, 0, 209.9560088, 87.019577, 91.0510864, 2346.4049377, 0, 
467914.1069946, 3469, 6185, 79.5239944, 0, 209.9560088, 87.019577, 91.0510864, 2346.4049377, 0, 
469426.1074523, 3512, 6143, 80.0279998, 0, 250.8420562, 87.4210739, 91.6197356, 2398.6437072, 0, 
469912.1074829, 3512, 6143, 80.0279998, 0, 250.8420562, 87.4210739, 91.6197356, 2398.6437072, 0, 
470424.1094055, 3534, 6122, 80.2439956, 0, 230.2724609, 87.7192916, 91.7874984, 2416.0672912, 0, 
471924.1096191, 3556, 6101, 80.5319976, 0, 254.0034332, 88.0410766, 92.1622314, 2450.8900451, 0, 
472423.1097717, 3578, 6079, 80.7119979, 0, 238.1477508, 88.3002166, 92.3332671, 2468.3019103, 0, 
473922.1099243, 3600, 6058, 81.107994, 0, 266.2742767, 88.6262893, 92.7214813, 2503.1024475, 0, 
474421.1101379, 3622, 6037, 81.3599929, 0, 244.0373535, 88.9547729, 92.8936691, 2520.4908752, 0, 
474919.1101684, 3622, 6037, 81.3599929, 0, 207.2767333, 89.0207672, 93.032875, 2537.8956603, 0, 
476420.110382, 3666, 5994, 81.7919998, 0, 210.131195, 86.7365341, 93.3221511, 2573.7042541, 0, 
476906.1104125, 3666, 5994, 81.7919998, 0, 210.131195, 86.7365341, 93.3221511, 2573.7042541, 0, 
477417.1108703, 3688, 5972, 81.972, 0, 166.5656509, 57.3065872, 93.4802932, 2600.8685912, 0, 
478417.1108703, 3711, 5951, 82.1879959, 0, 208.3651122, 57.4437484, 93.6931304, 2628.0216674, 0, 
478904.1109008, 3711, 5951, 82.1879959, 0, 208.3651122, 57.4437484, 93.6931304, 2628.0216674, 0, 
479416.1113586, 3732, 5929, 82.4039993, 0, 209.1088104, 57.6645812, 93.9045104, 2655.132019, 0, 
480916.109436, 3755, 5907, 82.6559982, 0, 226.1918792, 57.8034629, 94.1365203, 2682.2411498, 0, 
481913.1096191, 3778, 5886, 82.907997, 0, 281.4643707, 57.999031, 94.4130096, 2709.3319702, 0, 
482914.1098022, 3800, 5864, 83.3399963, 0, 293.9299773, 58.2807159, 94.6690063, 2736.368103, 0, 
483399.1098937, 3823, 5841, 83.6999969, 0, 293.9299773, 58.2807159, 94.6690063, 2736.368103, 0, 
483900.1099243, 3823, 5841, 83.6999969, 0, 293.9299773, 58.2807159, 94.6690063, 2736.368103, 0, 
485410.110382, 3869, 5797, 84.383995, 0, 290.9772185, 58.7227745, 95.164833, 2790.2467651, 0, 
485911.1104125, 3869, 5797, 84.383995, 0, 301.164978, 59.0841903, 95.4205627, 2817.1271362, 0, 
486394.110382, 3892, 5774, 84.671997, 0, 301.164978, 59.0841903, 95.4205627, 2817.1271362, 0, 
487909.1109008, 3915, 5752, 84.959999, 0, 264.8139495, 59.4059371, 95.8321838, 2870.7841186, 0, 
488395.1108703, 3938, 5729, 85.2839965, 0, 264.8139495, 59.4059371, 95.8321838, 2870.7841186, 0, 
489908.1113891, 3961, 5707, 85.5719985, 0, 282.0043487, 59.8354492, 96.3099288, 2924.3036498, 0, 
490392.1094055, 3984, 5684, 85.895996, 0, 282.0043487, 59.8354492, 96.3099288, 2924.3036498, 0, 
490906.109436, 3984, 5684, 85.895996, 0, 286.0377655, 60.1202354, 96.5972824, 2951.0426635, 0, 
492404.1097717, 4032, 5638, 86.3639983, 0, 269.0086517, 60.3621673, 96.8602065, 2977.7504272, 0, 
492904.1098022, 4032, 5638, 86.3639983, 0, 274.1993865, 60.5143699, 97.1267929, 3004.4641113, 0, 
493388.1098937, 4055, 5615, 86.4719924, 0, 274.1993865, 60.5143699, 97.1267929, 3004.4641113, 0, 
494403.1101379, 4079, 5592, 86.723999, 0, 253.560501, 60.5754623, 97.3657913, 3031.2204589, 0, 
494903.1101684, 4079, 5592, 86.723999, 0, 249.2536621, 60.7594909, 97.5972289, 3057.960205, 0, 
495388.110382, 4102, 5569, 86.9759978, 0, 249.2536621, 60.7594909, 97.5972289, 3057.960205, 0, 
496901.1104125, 4126, 5546, 87.3359985, 0, 274.7195587, 61.0376358, 98.115364, 3111.4006423, 0, 
497386.1108703, 4150, 5522, 87.659996, 0, 274.7195587, 61.0376358, 98.115364, 3111.4006423, 0, 
497898.1109008, 4150, 5522, 87.659996, 0, 261.0774688, 61.3183402, 98.3534927, 3138.1013259, 0, 
499397.1113586, 4197, 5476, 88.3079986, 0, 271.7172393, 61.6332778, 98.8483581, 3191.4279861, 0, 
499885.1113891, 4197, 5476, 88.3079986, 0, 271.7172393, 61.6332778, 98.8483581, 3191.4279861, 0, 
501395.1252136, 4246, 5428, 88.9199981, 0, 262.6156158, 62.06361, 99.3548278, 3244.6538238, 0, 
501882.1252441, 4246, 5428, 88.9199981, 0, 262.6156158, 62.06361, 99.3548278, 3244.6538238, 0, 
502392.1253967, 4270, 5405, 89.3159942, 0, 272.1838836, 62.4024925, 99.6326751, 3271.227066, 0, 
503895.1255493, 4294, 5381, 89.5319976, 0, 268.4062957, 62.6631812, 99.9029311, 3297.7624664, 0, 
504393.1257629, 4319, 5357, 89.7839965, 0, 289.8167571, 62.8272209, 100.1951827, 3324.3032531, 0, 
504879.1257934, 4319, 5357, 89.7839965, 0, 289.8167571, 62.8272209, 100.1951827, 3324.3032531, 0, 
505892.1260375, 4344, 5333, 90.107994, 0, 279.9145965, 63.0252075, 100.4731521, 3350.835968, 0, 
506392.126007, 4368, 5309, 90.4679946, 0, 277.7470245, 63.2244415, 100.745758, 3377.3576965, 0, 
506877.1260375, 4368, 5309, 90.4679946, 0, 277.7470245, 63.2244415, 100.745758, 3377.3576965, 0, 
508390.1264953, 4418, 5260, 91.0079956, 0, 280.9932708, 63.525669, 101.2909393, 3430.3642883, 0, 
508890.1265258, 4418, 5260, 91.0079956, 0, 236.893753, 63.7958488, 101.5098037, 3456.8550109, 0, 
509374.1269836, 4442, 5236, 91.223999, 0, 236.893753, 63.7958488, 101.5098037, 3456.8550109, 0, 
510388.1269836, 4467, 5212, 91.4399948, 0, 283.6698455, 63.8977584, 101.7787017, 3483.367218, 0, 
510887.1270141, 4467, 5212, 91.4399948, 0, 270.16716, 64.0683364, 102.0300979, 3509.8764953, 0, 
511373.1271667, 4492, 5187, 91.5479965, 0, 270.16716, 64.0683364, 102.0300979, 3509.8764953, 0, 
512885.1273803, 4517, 5163, 91.6559982, 0, 221.7955627, 64.1711196, 102.4217071, 3562.9770812, 0, 
513372.1274719, 4542, 5138, 91.8359985, 0, 221.7955627, 64.1711196, 102.4217071, 3562.9770812, 0, 
513884.1275024, 4542, 5138, 91.8359985, 0, 202.8007049, 64.2742309, 102.5942153, 3589.5578918, 0, 
515884.1279907, 4592, 5089, 92.159996, 0, 247.8590545, 64.4468307, 103.0336227, 3642.7356567, 0, 
517381.1284484, 4643, 5039, 92.6279983, 0, 280.8001861, 64.7074661, 103.536621, 3695.9419555, 0, 
517868.1284789, 4643, 5039, 92.6279983, 0, 280.8001861, 64.7074661, 103.536621, 3695.9419555, 0, 
518381.1284484, 4668, 5015, 92.8079986, 0, 221.9661101, 65.0054092, 103.7208175, 3722.5112915, 0, 
519879.1289672, 4693, 4990, 93.0239944, 0, 229.8728332, 65.07592, 103.9120406, 3749.0999145, 0, 
520379.1289367, 4719, 4964, 93.4199981, 0, 290.306076, 65.3238906, 104.1655273, 3775.6443481, 0, 
520863.1289672, 4719, 4964, 93.4199981, 0, 290.306076, 65.3238906, 104.1655273, 3775.6443481, 0, 
521877.1291503, 4719, 4964, 93.4199981, 0, 282.8813934, 65.59169, 104.6505737, 3828.7039184, 0, 
522363.1293029, 4719, 4964, 93.4199981, 0, 282.8813934, 65.59169, 104.6505737, 3828.7039184, 0, 
522876.1293334, 4719, 4964, 93.4199981, 0, 284.6022186, 65.8616866, 104.8908157, 3855.2166137, 0, 
524376.1296691, 4719, 4964, 93.4199981, 0, 279.9405059, 66.0792922, 105.1237487, 3881.7017212, 0, 
524874.1296997, 4719, 4964, 93.4199981, 0, 307.0631713, 66.2251586, 105.3827438, 3908.1904907, 0, 
525359.1299133, 4719, 4964, 93.4199981, 0, 307.0631713, 66.2251586, 105.3827438, 3908.1904907, 0, 
526873.1299438, 4719, 4964, 93.4199981, 0, 189.8497848, 66.3900375, 105.6542052, 3961.1694946, 0, 
527373.1304016, 4719, 4964, 93.4199981, 0, 174.9228133, 66.5557327, 105.7729492, 3987.6419067, 0, 
528871.1304321, 4804, 4880, 95.2199935, 0, 219.5158386, 66.666664, 105.9363097, 4014.1057128, 0, 
529370.1308898, 4890, 4796, 95.435997, 0, 238.822525, 66.8151397, 106.1179656, 4040.5537109, 0, 
529854.1309204, 4890, 4796, 95.435997, 0, 238.822525, 66.8151397, 106.1179656, 4040.5537109, 0, 
531368.1310729, 5003, 4685, 95.6879958, 0, 248.7421722, 66.8523635, 106.4985351, 4093.5603027, 0, 
531867.1311035, 5003, 4685, 95.6879958, 0, 321.5317687, 66.9269332, 106.7676925, 4120.1149978, 0, 
532353.1312561, 5029, 4659, 95.8679962, 0, 321.5317687, 66.9269332, 106.7676925, 4120.1149978, 0, 
533366.1313781, 5055, 4634, 96.0839996, 0, 350.6009826, 67.1892471, 107.0945281, 4146.6399001, 0, 
533866.1314086, 5055, 4634, 96.0839996, 0, 272.6244659, 67.3022918, 107.3407516, 4173.1911697, 0, 
534352.1316223, 5081, 4607, 96.3719939, 0, 272.6244659, 67.3022918, 107.3407516, 4173.1911697, 0, 
536365.1318664, 5134, 4556, 96.8399963, 0, 342.594757, 67.6056289, 108.2803115, 4252.9260406, 0, 
536848.1318969, 5134, 4556, 96.8399963, 0, 342.594757, 67.6056289, 108.2803115, 4252.9260406, 0, 
537863.1323852, 5160, 4530, 97.1639938, 0, 333.5121765, 67.8732986, 108.5763168, 4279.5510406, 0, 
538362.1323547, 5187, 4504, 97.4159927, 0, 317.2042541, 68.0272064, 108.8537368, 4306.1863098, 0, 
538861.1323852, 5187, 4504, 97.4159927, 0, 297.6010894, 68.2205734, 109.1096038, 4332.8113098, 0, 
540360.132843, 5240, 4451, 97.7039947, 0, 333.9943236, 68.298233, 109.3986434, 4359.4724426, 0, 
540859.1328735, 5240, 4451, 97.7039947, 0, 302.2392578, 68.454071, 109.6544799, 4386.1389465, 0, 
541344.1330261, 5267, 4425, 97.9559936, 0, 302.2392578, 68.454071, 109.6544799, 4386.1389465, 0, 
542857.1332397, 5294, 4398, 98.0639953, 0, 240.2283477, 68.5518341, 110.0425643, 4439.553009, 0, 
543356.1333312, 5320, 4372, 98.1359939, 0, 314.2557983, 68.7285156, 110.3022231, 4466.2698059, 0, 
544856.1336059, 5347, 4346, 98.4239959, 0, 350.0115966, 68.8073348, 110.5259017, 4493.0144348, 0, 
545355.1338195, 5374, 4318, 98.6399993, 0, 357.3138732, 68.965515, 110.7544479, 4519.752716, 0, 
545855.13385, 5374, 4318, 98.6399993, 0, 320.8766174, 69.0846252, 110.9466933, 4546.4953918, 0, 
547353.1343078, 5428, 4265, 98.9279937, 0, 301.022583, 69.2440795, 111.1186218, 4573.2204894, 0, 
547853.1343383, 5428, 4265, 98.9279937, 0, 302.4112243, 69.4042739, 111.2903518, 4599.9250793, 0, 
548338.1343078, 5456, 4238, 99.2159957, 0, 302.4112243, 69.4042739, 111.2903518, 4599.9250793, 0, 
549351.1347961, 5483, 4211, 99.4679946, 0, 317.6231384, 69.5249099, 111.6590575, 4653.3709106, 0, 
549837.1348266, 5483, 4211, 99.4679946, 0, 317.6231384, 69.5249099, 111.6590575, 4653.3709106, 0, 
550350.132843, 5510, 4184, 99.5759963, 0, 229.0976409, 69.7268982, 111.7587127, 4680.0725707, 0, 
551848.1330566, 5536, 4158, 99.7199936, 0, 248.3771056, 69.8283309, 111.9918365, 4733.4773559, 0, 
552335.1332092, 5564, 4130, 99.8639983, 0, 248.3771056, 69.8283309, 111.9918365, 4733.4773559, 0, 
552846.1332397, 5564, 4130, 99.8639983, 0, 352.6999511, 69.9300689, 112.2029113, 4760.1936645, 0, 
554347.1335754, 5618, 4077, 100.1520004, 0, 276.1606597, 70.0934524, 112.3420181, 4786.8894653, 0, 
554846.1336059, 5618, 4077, 100.1520004, 0, 212.7572937, 70.052536, 112.422264, 4813.6272582, 0, 
556844.13385, 5674, 4022, 100.2600021, 0, 213.6728667, 70.1344222, 112.5830459, 4867.0974731, 0, 
557342.1343078, 5701, 3995, 100.2600021, 0, 172.5261917, 70.1754302, 112.6251754, 4893.8411254, 0, 
558842.1343383, 5729, 3967, 100.1880035, 0, 154.335472, 70.1344222, 112.6754531, 4947.3811645, 0, 
559329.1347961, 5756, 3940, 100.1520004, 0, 154.335472, 70.1344222, 112.6754531, 4947.3811645, 0, 
559840.1348266, 5756, 3940, 100.1520004, 0, 143.0621261, 70.052536, 112.690277, 4974.1902465, 0, 
560840.1367797, 5784, 3913, 100.1880035, 0, 182.4246292, 70.0934524, 112.7408523, 5000.9916991, 0, 
561340.1369323, 5811, 3886, 100.1520004, 0, 180.6375045, 70.1344222, 112.7895278, 5027.7890625, 0, 
561825.1369628, 5811, 3886, 100.1520004, 0, 180.6375045, 70.1344222, 112.7895278, 5027.7890625, 0, 
563339.1372375, 5866, 3831, 100.3320007, 0, 265.2176666, 70.1754302, 113.0399169, 5081.4233398, 0, 
563837.137268, 5866, 3831, 100.3320007, 0, 280.4059295, 70.2576064, 113.177391, 5108.2553787, 0, 
564323.1374816, 5893, 3804, 100.3680038, 0, 280.4059295, 70.2576064, 113.177391, 5108.2553787, 0, 
565835.1377563, 5920, 3778, 100.4400024, 0, 254.0114898, 70.2576064, 113.4024887, 5162.0053787, 0, 
566336.1377258, 5948, 3750, 100.5839996, 0, 203.72789, 70.3812255, 113.4681625, 5188.8676833, 0, 
567833.1382446, 5976, 3722, 100.6200027, 0, 218.9846648, 70.3812255, 113.5473632, 5215.7470855, 0, 
568334.1382141, 6003, 3695, 100.7280044, 0, 268.9850005, 70.4638824, 113.6709594, 5242.6186675, 0, 
568817.1382446, 6003, 3695, 100.7280044, 0, 268.9850005, 70.4638824, 113.6709594, 5242.6186675, 0, 
570830.140686, 6059, 3640, 100.800003, 0, 250.8090057, 70.54673, 113.9892272, 5323.2959289, 0, 
572331.1410217, 6114, 3585, 100.8720016, 0, 259.1503448, 70.6297759, 114.2126769, 5377.14505, 0, 
572815.1410522, 6114, 3585, 100.8720016, 0, 259.1503448, 70.6297759, 114.2126769, 5377.14505, 0, 
574827.1414184, 6170, 3530, 101.0520019, 0, 220.2075347, 70.6991271, 114.4387817, 5457.9985656, 0, 
575313.141632, 6197, 3503, 101.1600036, 0, 220.2075347, 70.6991271, 114.4387817, 5457.9985656, 0, 
575824.1416625, 6197, 3503, 101.1600036, 0, 300.2798156, 70.8382491, 114.5842437, 5484.9404601, 0, 
576825.1416625, 6225, 3475, 101.3040008, 0, 284.849472, 70.9219817, 114.7148056, 5511.8833312, 0, 
577312.1421203, 6253, 3447, 101.4480056, 0, 284.849472, 70.9219817, 114.7148056, 5511.8833312, 0, 
577824.1421508, 6253, 3447, 101.4480056, 0, 231.8171996, 71.0059127, 114.7975769, 5538.8193664, 0, 
579323.1426086, 6308, 3392, 101.736, 0, 293.9890594, 71.1111068, 115.0712814, 5592.6948547, 0, 
579809.1426391, 6308, 3392, 101.736, 0, 293.9890594, 71.1111068, 115.0712814, 5592.6948547, 0, 
580321.1406555, 6337, 3364, 101.9520034, 0, 325.3460693, 71.2589034, 115.2338867, 5619.6279906, 0, 
581820.1408691, 6364, 3336, 102.0600051, 0, 302.6492614, 71.4073181, 115.5163421, 5673.4859008, 0, 
582307.1410217, 6393, 3308, 102.2400054, 0, 302.6492614, 71.4073181, 115.5163421, 5673.4859008, 0, 
584318.1413879, 6449, 3252, 102.600006, 0, 293.5385589, 71.6703109, 115.9089126, 5754.2114868, 0, 
584804.1414184, 6449, 3252, 102.600006, 0, 293.5385589, 71.6703109, 115.9089126, 5754.2114868, 0, 
586815.1416625, 6505, 3196, 102.8880004, 0, 297.2163238, 71.9712066, 116.3691177, 5834.8960571, 0, 
587301.1421203, 6533, 3168, 102.9960021, 0, 297.2163238, 71.9712066, 116.3691177, 5834.8960571, 0, 
588302.1421203, 6562, 3140, 103.1040039, 0, 297.2163238, 71.9712066, 116.3691177, 5834.8960571, 0, 
589314.1426086, 6590, 3112, 103.248001, 0, 304.4302062, 72.1442794, 116.8443679, 5915.7109985, 0, 
590812.140686, 6619, 3083, 103.2840042, 0, 278.0038604, 72.289154, 117.1099929, 5969.6504516, 0, 
591299.1408233, 6646, 3056, 103.248001, 0, 278.0038604, 72.289154, 117.1099929, 5969.6504516, 0, 
591809.1408691, 6646, 3056, 103.248001, 0, 235.5305023, 72.289154, 117.2053222, 5996.6616821, 0, 
593310.1411437, 6704, 2999, 103.3199996, 0, 236.4247283, 72.289154, 117.3959808, 6050.7504882, 0, 
593795.1411743, 6704, 2999, 103.3199996, 0, 236.4247283, 72.289154, 117.3959808, 6050.7504882, 0, 
595309.141632, 6760, 2942, 103.4280013, 0, 221.8595428, 72.3109359, 117.5596466, 6104.9043044, 0, 
595807.1416625, 6760, 2942, 103.4280013, 0, 287.8496551, 72.3327255, 117.6966857, 6132.0078201, 0, 
596292.1416168, 6789, 2914, 103.4280013, 0, 287.8496551, 72.3327255, 117.6966857, 6132.0078201, 0, 
597806.1421508, 6817, 2885, 103.3920059, 0, 223.2015686, 72.3109359, 117.7766037, 6186.2812576, 0, 
598306.1421203, 6846, 2857, 103.4280013, 0, 292.3258819, 72.3327255, 117.8655929, 6213.4292144, 0, 
598790.1421508, 6846, 2857, 103.4280013, 0, 292.3258819, 72.3327255, 117.8655929, 6213.4292144, 0, 
599803.1426391, 6874, 2829, 103.6080016, 0, 326.1195068, 72.5075454, 118.0988311, 6267.6684722, 0, 
600290.1250152, 6903, 2801, 103.788002, 0, 326.1195068, 72.5075454, 118.0988311, 6267.6684722, 0, 
600802.125061, 6903, 2801, 103.788002, 0, 323.5243225, 72.5952758, 118.2116622, 6294.7949371, 0, 
602303.1253967, 6960, 2744, 103.8960037, 0, 325.4890136, 72.7272644, 118.4387206, 6349.0273742, 0, 
604301.1257629, 7017, 2686, 104.2200012, 0, 332.461853, 72.8597411, 118.6742553, 6403.2671203, 0, 
604798.1257934, 7017, 2686, 104.2200012, 0, 349.5934143, 73.0371246, 118.8045501, 6430.3628234, 0, 
606796.1260375, 7075, 2629, 104.364006, 0, 320.6822204, 73.1038665, 119.0151824, 6484.58255, 0, 
607297.12648, 7103, 2600, 104.4720001, 0, 300.8040161, 73.1261367, 119.1029129, 6511.7182922, 0, 
607780.1265258, 7103, 2600, 104.4720001, 0, 300.8040161, 73.1261367, 119.1029129, 6511.7182922, 0, 
609296.1269683, 7161, 2543, 104.6520003, 0, 294.8854217, 73.2153701, 119.2669067, 6565.9804992, 0, 
609794.1270141, 7161, 2543, 104.6520003, 0, 313.2666931, 73.2600707, 119.3631667, 6593.1245422, 0, 
611294.1271514, 7219, 2485, 104.7240066, 0, 264.340866, 73.3048248, 119.4735183, 6647.4268188, 0, 
611778.1271972, 7219, 2485, 104.7240066, 0, 264.340866, 73.3048248, 119.4735183, 6647.4268188, 0, 
612293.1273345, 7248, 2456, 104.7960052, 0, 309.6570739, 73.3496322, 119.5654754, 6674.5845336, 0, 
613790.1275024, 7276, 2428, 104.9400024, 0, 318.0673828, 73.4843826, 119.7613601, 6728.8652953, 0, 
614788.1277465, 7306, 2399, 105.1200027, 0, 321.8550109, 73.5744857, 119.8612441, 6756.0059204, 0, 
615788.1279907, 7334, 2370, 105.1920013, 0, 238.4352111, 73.6196288, 119.8922347, 6783.1445922, 0, 
616289.1279449, 7364, 2340, 105.300003, 0, 340.4485473, 73.6196288, 120.0064544, 6810.2998657, 0, 
616774.1279907, 7364, 2340, 105.300003, 0, 340.4485473, 73.6196288, 120.0064544, 6810.2998657, 0, 
618785.1284789, 7422, 2283, 105.2639999, 0, 261.8915862, 73.6798934, 120.1538391, 6891.7876586, 0, 
619271.1289215, 7451, 2253, 105.1560058, 0, 261.8915862, 73.6798934, 120.1538391, 6891.7876586, 0, 
620783.1289672, 7479, 2225, 105.1200027, 0, 189.1687087, 73.5744857, 120.1321258, 6946.2192993, 0, 
621284.1291046, 7509, 2196, 104.9400024, 0, 141.0120315, 73.394493, 120.0821762, 6973.4937133, 0, 
622782.1293334, 7537, 2168, 104.8680038, 0, 210.5066833, 73.327217, 120.0912704, 7028.083496, 0, 
623268.1294097, 7567, 2138, 104.7240066, 0, 210.5066833, 73.327217, 120.0912704, 7028.083496, 0, 
623778.1294555, 7567, 2138, 104.7240066, 0, 266.8489532, 73.3496322, 120.0887145, 7055.3706054, 0, 
625281.129898, 7625, 2080, 104.7240066, 0, 294.9204558, 73.327217, 120.1296005, 7109.9702224, 0, 
625765.1299438, 7625, 2080, 104.7240066, 0, 294.9204558, 73.327217, 120.1296005, 7109.9702224, 0, 
626278.129898, 7625, 2080, 104.7240066, 0, 327.0953674, 73.3048248, 120.176094, 7137.2880935, 0, 
627278.1303863, 7683, 2022, 104.7240066, 0, 283.8798064, 73.3048248, 120.186943, 7164.6128005, 0, 
628278.1303863, 7711, 1994, 104.7600021, 0, 319.8276977, 73.394493, 120.2271957, 7191.9096755, 0, 
629775.1309204, 7741, 1964, 104.5440063, 0, 256.2954254, 73.3048248, 120.2032165, 7246.574234, 0, 
630276.1308746, 7769, 1936, 104.5440063, 0, 227.6710052, 73.0816039, 120.1678314, 7273.9834136, 0, 
630759.1309204, 7769, 1936, 104.5440063, 0, 227.6710052, 73.0816039, 120.1678314, 7273.9834136, 0, 
631774.1311035, 7798, 1907, 104.4720001, 0, 231.7524719, 73.1038665, 120.1041488, 7328.7622375, 0, 
632260.1312408, 7798, 1907, 104.4720001, 0, 231.7524719, 73.1038665, 120.1041488, 7328.7622375, 0, 
632772.1312866, 7798, 1907, 104.4720001, 0, 309.398468, 72.9926986, 120.1364898, 7356.1894836, 0, 
634272.131607, 7876, 1830, 104.0400009, 0, 168.3672561, 72.9040069, 119.9685363, 7411.0801086, 0, 
634757.1316528, 7876, 1830, 104.0400009, 0, 168.3672561, 72.9040069, 119.9685363, 7411.0801086, 0, 
635270.1318511, 7915, 1791, 103.8600005, 0, 134.8787765, 72.6392211, 119.8574905, 7438.5932922, 0, 
636769.1318969, 7942, 1763, 103.6440047, 0, 119.14682, 72.5733261, 119.6749801, 7493.6025695, 0, 
637255.1323394, 7972, 1734, 103.5, 0, 119.14682, 72.5733261, 119.6749801, 7493.6025695, 0, 
638767.1323852, 8000, 1706, 103.2840042, 0, 92.9064406, 72.3763503, 119.5229034, 7548.6846007, 0, 
639267.1328277, 8029, 1677, 103.1040039, 0, 90.9012374, 72.2456283, 119.4459991, 7576.2490539, 0, 
639752.1328735, 8029, 1677, 103.1040039, 0, 90.9012374, 72.2456283, 119.4459991, 7576.2490539, 0, 
641265.1330108, 8086, 1620, 102.6720046, 0, 88.1547927, 71.9640121, 119.2872924, 7631.5391235, 0, 
641764.1330566, 8086, 1620, 102.6720046, 0, 62.5868759, 71.6845855, 119.1870422, 7659.2617797, 0, 
642249.1331939, 8114, 1592, 102.4560012, 0, 62.5868759, 71.6845855, 119.1870422, 7659.2617797, 0, 
643264.133316, 8143, 1563, 102.2040023, 0, 70.7739028, 71.5990371, 119.0004501, 7714.706604, 0, 
643761.1333618, 8143, 1563, 102.2040023, 0, 70.7739028, 71.5990371, 119.0004501, 7714.706604, 0, 
644262.1335601, 8143, 1563, 102.2040023, 0, 76.1379775, 71.3860778, 118.9124908, 7742.4795532, 0, 
645761.13385, 8180, 1525, 101.8800048, 0, 98.5845413, 71.3436355, 118.8439788, 7770.2510375, 0, 
646261.1338043, 8218, 1488, 101.736, 0, 159.2534408, 71.3012466, 118.8274535, 7798.0288696, 0, 
646758.13385, 8218, 1488, 101.736, 0, 150.1320114, 71.1743698, 118.8032836, 7825.8516235, 0, 
648258.1342925, 8284, 1422, 101.6640014, 0, 149.2651748, 71.1743698, 118.7784194, 7853.668518, 0, 
648758.1343383, 8284, 1422, 101.6640014, 0, 138.1592788, 71.1321792, 118.7441101, 7881.4951782, 0, 
650257.1328277, 8312, 1394, 101.6280059, 0, 144.1585616, 71.0900421, 118.6857986, 7937.1592407, 0, 
651254.1330108, 8350, 1356, 101.4480056, 0, 154.3154373, 70.9639205, 118.665779, 7965.0317993, 0, 
652753.1332397, 8387, 1319, 101.4840011, 0, 163.5786666, 70.9639205, 118.6414718, 8020.7661132, 0, 
653241.133316, 8425, 1281, 101.5559997, 0, 163.5786666, 70.9639205, 118.6414718, 8020.7661132, 0, 
653770.1333618, 8425, 1281, 101.5559997, 0, 216.1496276, 71.0900421, 118.6615905, 8048.583496, 0, 
655759.13385, 8481, 1225, 101.6640014, 0, 235.9927978, 71.1321792, 118.371704, 8104.1215896, 0, 
657250.1342925, 8537, 1168, 101.6640014, 0, 193.6892165, 71.1743698, 118.0127792, 8159.4751052, 0, 
657765.1343383, 8537, 1168, 101.6640014, 0, 193.7120895, 71.2589034, 117.8356551, 8187.0561599, 0, 
658234.1342925, 8566, 1140, 101.7000045, 0, 193.7120895, 71.2589034, 117.8356551, 8187.0561599, 0, 
659248.1347808, 8594, 1112, 101.736, 0, 248.0328826, 71.2377548, 117.5764007, 8242.1323394, 0, 
659744.1348266, 8594, 1112, 101.736, 0, 248.0328826, 71.2377548, 117.5764007, 8242.1323394, 0, 
660247.136734, 8622, 1084, 101.6640014, 0, 229.4451293, 71.1743698, 117.4322357, 8269.6479644, 0, 
661760.1369628, 8651, 1055, 101.6280059, 0, 205.6078643, 71.1743698, 117.2683029, 8297.1274566, 0, 
662245.1371002, 8651, 1055, 101.6280059, 0, 189.3421096, 71.0900421, 117.091011, 8324.5991516, 0, 
662742.1371459, 8651, 1055, 101.6280059, 0, 164.655754, 70.9639205, 116.8929443, 8352.0757141, 0, 
664243.1374664, 8726, 980, 101.3040008, 0, 185.230751, 71.0059127, 116.7139206, 8379.4917297, 0, 
664741.1375122, 8726, 980, 101.3040008, 0, 183.1821365, 70.9639205, 116.5339813, 8406.8823547, 0, 
666739.1377563, 8792, 914, 101.1600036, 0, 173.2601089, 70.8173446, 116.1576156, 8461.6460265, 0, 
667240.1381988, 8820, 886, 101.088005, 0, 157.7271347, 70.7130203, 115.9576644, 8489.0005187, 0, 
668737.1382446, 8848, 858, 100.9440002, 0, 231.5973815, 70.650566, 115.6894149, 8543.6470031, 0, 
669225.1386871, 8876, 830, 100.8360061, 0, 231.5973815, 70.650566, 115.6894149, 8543.6470031, 0, 
669760.1387329, 8876, 830, 100.8360061, 0, 203.485321, 70.5052795, 115.5317916, 8570.9761046, 0, 
670736.140686, 8904, 802, 100.7639999, 0, 166.3091964, 70.4225311, 115.3419036, 8598.2964172, 0, 
671237.1408233, 8932, 774, 100.5839996, 0, 154.4288864, 70.4225311, 115.1424713, 8625.5708618, 0, 
671752.1408691, 8932, 774, 100.5839996, 0, 154.4288864, 70.4225311, 115.1424713, 8625.5708618, 0, 
673234.1411285, 8988, 718, 100.1880035, 0, 154.0612716, 70.2164993, 114.7434921, 8680.137268, 0, 
673759.1411743, 8988, 718, 100.1880035, 0, 155.5228042, 70.0934524, 114.5472259, 8707.3970336, 0, 
674219.1413726, 8988, 718, 100.1880035, 0, 155.5228042, 70.0934524, 114.5472259, 8707.3970336, 0, 
675761.1416625, 9025, 681, 99.9719924, 0, 172.2046432, 69.991249, 114.185913, 8761.8638305, 0, 
676232.1416168, 9062, 644, 99.8639983, 0, 146.5811386, 69.8893356, 113.9839171, 8789.0698852, 0, 
677769.1421508, 9100, 606, 99.683998, 0, 139.6670455, 69.7268982, 113.7762146, 8816.2905883, 0, 
678230.142105, 9127, 579, 99.5759963, 0, 170.447792, 69.7268982, 113.5975799, 8843.465393, 0, 
678713.1421508, 9127, 579, 99.5759963, 0, 170.447792, 69.7268982, 113.5975799, 8843.465393, 0, 
680227.1406402, 9155, 551, 99.4679946, 0, 168.6027908, 69.6459655, 113.2381591, 8897.7485961, 0, 
680726.140686, 9155, 551, 99.4679946, 0, 234.2526245, 69.565216, 113.1204147, 8924.8648071, 0, 
681213.1408233, 9192, 514, 99.4319991, 0, 234.2526245, 69.565216, 113.1204147, 8924.8648071, 0, 
682226.1410064, 9228, 478, 99.4319991, 0, 238.392929, 69.565216, 113.007164, 8951.9526977, 0, 
682724.1410522, 9228, 478, 99.4319991, 0, 221.3622894, 69.6055602, 112.8790359, 8978.996643, 0, 
683226.1411285, 9266, 440, 99.3239974, 0, 208.7224578, 69.4846496, 112.7398071, 9006.055664, 0, 
684723.1414184, 9294, 413, 99.1799926, 0, 240.5615539, 69.4444427, 112.6306228, 9033.1005859, 0, 
685223.1416168, 9321, 385, 99.107994, 0, 227.358551, 69.4444427, 112.5099182, 9060.1171874, 0, 
685764.1416625, 9321, 385, 99.107994, 0, 250.0724792, 69.4042739, 112.41082, 9087.1230468, 0, 
686721.1416625, 9349, 357, 99.1439971, 0, 235.6484222, 69.4042739, 112.2989959, 9114.1035232, 0, 
687209.142105, 9376, 330, 99.1439971, 0, 235.6484222, 69.4042739, 112.2989959, 9114.1035232, 0, 
687759.1421508, 9376, 330, 99.0719985, 0, 211.3336028, 69.4042739, 112.1653442, 9141.0546951, 0, 
689224.1425933, 9432, 275, 99.107994, 0, 253.1809387, 69.3641586, 111.9768828, 9194.9111404, 0, 
689746.1426391, 9432, 275, 99.1799926, 0, 253.1809387, 69.3641586, 111.9768828, 9194.9111404, 0, 
690225.1406402, 9460, 246, 99.1799926, 0, 208.1758575, 69.324089, 111.8419875, 9221.8164214, 0, 
691759.1408691, 9487, 219, 98.8559951, 0, 213.2364196, 69.2440795, 111.7124176, 9248.7207183, 0, 
692216.1410064, 9487, 219, 98.8559951, 0, 233.0068359, 69.1642608, 111.6018981, 9275.6269683, 0, 
694226.1413726, 9561, 146, 98.6039962, 0, 195.8879012, 69.0051727, 111.3119735, 9329.4668273, 0, 
694713.1414184, 9561, 146, 98.3159942, 0, 174.9221419, 68.8468093, 111.148674, 9356.3935851, 0, 
696213.1416168, 9625, 82, 98.0639953, 0, 174.9221419, 68.8468093, 111.148674, 9356.3935851, 0, 
696698.1416625, 9625, 82, 97.595993, 0, 174.9221419, 68.8468093, 111.148674, 9356.3935851, 0, 
697198.1420974, 9625, 82, 97.595993, 0, 174.9221419, 68.8468093, 111.148674, 9356.3935851, 0, 
698698.1421508, 9679, 28, 95.2559966, 0, 0, 0, 109.6443252, 9478.5351867, 0, 
700697.187561, 9732, 27, 90.2519988, 0, 0, 0, 108.9071349, 9539.0918273, 0, 
701741.1877441, 9757, 51, 87.7319946, 0, 0, 0, 108.5258483, 9570.5898742, 0, 
703196.1879959, 9782, 75, 84.959999, 0, 0, 0, 107.9978942, 9614.1953735, 0, 
703740.1880493, 9806, 99, 84.959999, 0, 0, 0, 107.8017806, 9630.4697875, 0, 
705193.1884841, 9829, 122, 79.7039947, 0, 0, 0, 107.2789459, 9673.7549438, 0, 
705742.1885375, 9851, 144, 79.7039947, 0, 0, 0, 107.0831527, 9690.0401, 0, 
706191.1884841, 9851, 144, 79.7039947, 0, 0, 0, 106.9242934, 9703.2666625, 0, 
707741.1890258, 9894, 187, 72.4319991, 0, 0, 0, 106.3717345, 9749.125061, 0, 
708191.1889724, 9894, 187, 72.4319991, 0, 0, 0, 106.2139205, 9762.2940063, 0, 
708688.1890258, 9915, 208, 72.4319991, 0, 0, 0, 106.0391159, 9776.8867797, 0, 
709747.1895141, 9934, 228, 68.1479949, 0, 0, 0, 105.6666564, 9807.9365844, 0, 
710190.1894607, 9934, 228, 68.1479949, 0, 0, 0, 105.5134048, 9820.7539672, 0, 
710687.1895141, 9934, 228, 68.1479949, 0, 0, 0, 105.3397827, 9835.2793578, 0, 
712187.1898269, 9960, 253, 64.7279968, 0, 0, 0, 104.8163833, 9878.9453734, 0, 
712685.1898803, 9960, 253, 64.7279968, 0, 0, 0, 104.6439437, 9893.4043579, 0, 
713185.189949, 9960, 253, 64.7279968, 0, 0, 0, 104.4722289, 9907.8106078, 0, 
714185.1901931, 9960, 253, 64.7279968, 0, 0, 0, 104.1275253, 9936.69635, 0, 
714684.1902465, 9960, 253, 64.7279968, 0, 0, 0, 103.956581, 9951.0596313, 0, 
715185.1904373, 9960, 253, 64.7279968, 0, 0, 0, 103.7860183, 9965.399475, 0, 
716682.1904907, 10008, 301, 61.7759971, 0, 0, 0, 103.2728729, 10008.4218749, 0, 
717182.1909255, 10008, 301, 61.7759971, 0, 0, 0, 103.1041412, 10022.6386718, 0, 
717748.1909789, 10008, 301, 61.7759971, 0, 0, 0, 102.9126662, 10038.7763671, 0, 
719180.1914138, 10061, 354, 60.659996, 0, 0, 0, 102.4283676, 10079.5019531, 0, 
719741.1914672, 10061, 354, 60.659996, 0, 0, 0, 102.239891, 10095.4208984, 0, 
721178.1915969, 10113, 406, 57.7079963, 0, 0, 0, 101.7577438, 10136.0507888, 0, 
721743.1916503, 10113, 406, 57.7079963, 0, 0, 0, 101.5698928, 10151.9502029, 0, 
722178.19178, 10113, 406, 57.7079963, 0, 0, 0, 101.4268035, 10164.0732498, 0, 
723741.1919555, 10151, 444, 52.7759971, 0, 0, 0, 100.9073485, 10207.9404449, 0, 
724175.1921462, 10151, 444, 52.7759971, 0, 0, 0, 100.7654876, 10219.9843902, 0, 
724672.1921997, 10151, 444, 52.7759971, 0, 0, 0, 100.602127, 10233.8564605, 0, 
725746.1924438, 10186, 479, 50.4719962, 0, 0, 0, 100.2498168, 10263.7334137, 0, 
726174.1923904, 10186, 479, 50.4719962, 0, 0, 0, 100.1114578, 10275.504898, 0, 
726672.1924438, 10186, 479, 50.4719962, 0, 0, 0, 99.9491576, 10289.3144683, 0, 
728172.1928787, 10221, 513, 48.9959983, 0, 0, 0, 99.460884, 10330.7471008, 0, 
728670.1929321, 10244, 537, 48.2759971, 0, 0, 0, 99.2999725, 10344.4668273, 0, 
729169.1933669, 10244, 537, 48.2759971, 0, 0, 0, 99.1400451, 10358.1094055, 0, 
730669.1934204, 10267, 560, 47.4119987, 0, 0, 0, 98.6566161, 10399.2344055, 0, 
731169.1935501, 10267, 560, 47.4119987, 0, 0, 0, 98.4977188, 10412.8164367, 0, 
732666.1937866, 10289, 582, 46.5479965, 0, 0, 0, 98.0189971, 10453.6211242, 0, 
733168.1938552, 10289, 582, 46.5479965, 0, 0, 0, 97.8611144, 10467.1426086, 0, 
733761.1939086, 10289, 582, 46.5479965, 0, 0, 0, 97.6734161, 10483.219757, 0, 
735740.1943969, 10338, 631, 45.4319991, 0, 0, 0, 97.0464401, 10536.7138977, 0, 
736163.1943435, 10338, 631, 45.4319991, 0, 0, 0, 96.9150695, 10548.001007, 0, 
737163.1948318, 10338, 631, 45.4319991, 0, 0, 0, 96.6024017, 10574.8242492, 0, 
737742.1948852, 10338, 631, 45.4319991, 0, 0, 0, 96.4225158, 10590.2929992, 0, 
738162.1948318, 10338, 631, 45.4319991, 0, 0, 0, 96.2931671, 10601.4277954, 0, 
739741.1953735, 10367, 659, 43.8839988, 0, 0, 0, 95.8027496, 10643.5020141, 0, 
740658.1953735, 10392, 684, 43.5959968, 0, 0, 0, 95.5206756, 10667.7891235, 0, 
742159.1956863, 10416, 709, 43.2719993, 0, 0, 0, 95.0600128, 10707.4141235, 0, 
742658.1957397, 10416, 709, 43.2719993, 0, 0, 0, 94.9088744, 10720.4746703, 0, 
744157.1960525, 10433, 725, 42.0119972, 0, 0, 0, 94.4523086, 10759.8193969, 0, 
744655.1961059, 10433, 725, 42.0119972, 0, 0, 0, 94.3021163, 10772.8223266, 0, 
745154.1962966, 10433, 725, 42.0119972, 0, 0, 0, 94.1525192, 10785.7783813, 0, 
746653.19635, 10456, 749, 40.2839965, 0, 0, 0, 93.7003021, 10824.8359985, 0, 
747154.1967849, 10456, 749, 40.2839965, 0, 0, 0, 93.5513381, 10837.7617797, 0, 
748652.1968383, 10483, 776, 39.671997, 0, 0, 0, 93.1034164, 10876.5186157, 0, 
749152.1972732, 10483, 776, 39.671997, 0, 0, 0, 92.9556579, 10889.3613891, 0, 
749747.1973266, 10483, 776, 39.671997, 0, 0, 0, 92.7793808, 10904.6846313, 0, 
751151.1955032, 10509, 802, 39.2759971, 0, 0, 0, 92.3649902, 10940.63385, 0, 
751740.1955566, 10509, 802, 39.2759971, 0, 0, 0, 92.1919097, 10955.7061157, 0, 
752148.1956863, 10509, 802, 39.2759971, 0, 0, 0, 92.0733032, 10966.0449829, 0, 
753736.1958618, 10550, 842, 38.736, 0, 0, 0, 92.0733032, 10966.0449829, 0, 
754145.1960525, 10550, 842, 38.736, 0, 0, 0, 92.0733032, 10966.0449829, 0, 
755753.19635, 10568, 861, 38.5559997, 0, 33.4043312, 27.0392055, 91.5183334, 11022.6271362, 0, 
756143.1962966, 10568, 861, 38.5559997, 0, 33.4043312, 27.0392055, 91.5183334, 11022.6271362, 0, 
756640.19635, 10568, 861, 38.5559997, 0, 33.4043312, 27.0392055, 91.5183334, 11022.6271362, 0, 
758154.1967849, 10586, 878, 38.4119987, 0, 32.9892615, 26.8937682, 90.9647368, 11079.1710815, 0, 
758640.1968383, 10604, 897, 38.3759994, 0, 32.9892615, 26.8937682, 90.9647368, 11079.1710815, 0, 
760153.1992263, 10618, 910, 38.303997, 0, 24.5782871, 26.7677879, 90.3890762, 11135.6300735, 0, 
760638.1992797, 10618, 910, 38.303997, 0, 24.5782871, 26.7677879, 90.3890762, 11135.6300735, 0, 
761137.1994094, 10618, 910, 38.303997, 0, 24.5782871, 26.7677879, 90.3890762, 11135.6300735, 0, 
762637.1996459, 10635, 928, 36.972, 0, 24.5782871, 26.7677879, 90.3890762, 11135.6300735, 0, 
763137.1997146, 10635, 928, 36.972, 0, 24.5782871, 26.7677879, 90.3890762, 11135.6300735, 0, 
763745.199768, 10635, 928, 36.972, 0, 24.5782871, 26.7677879, 90.3890762, 11135.6300735, 0, 
764637.2000122, 10657, 949, 34.4519996, 0, 0, 0, 89.0973586, 11247.3605499, 0, 
765137.2002029, 10657, 949, 34.4519996, 0, 0, 0, 88.9578704, 11259.6261749, 0, 
765747.2002563, 10657, 949, 34.4519996, 0, 0, 0, 88.786621, 11274.6847686, 0, 
767135.2006912, 10681, 973, 31.499998, 0, 0, 0, 88.3988189, 11308.7189636, 0, 
767740.2007446, 10681, 973, 31.499998, 0, 0, 0, 88.2305908, 11323.5363464, 0, 
768133.2006912, 10681, 973, 31.499998, 0, 0, 0, 88.1225357, 11333.0646667, 0, 
769741.2012329, 10701, 993, 25.8839988, 0, 0, 0, 87.6762618, 11372.2775573, 0, 
770132.2031326, 10701, 993, 25.8839988, 0, 0, 0, 87.5698852, 11381.6730651, 0, 
771741.2033691, 10729, 1022, 21.8159999, 0, 0, 0, 87.1265335, 11420.6886901, 0, 
772130.2034988, 10729, 1022, 21.8159999, 0, 0, 0, 87.0212554, 11430.0011901, 0, 
772627.2035522, 10729, 1022, 21.8159999, 0, 0, 0, 86.8860702, 11441.9572448, 0, 
774628.2039184, 10745, 1037, 19.2599983, 0, 0, 0, 86.3404769, 11490.0031433, 0, 
775127.2041091, 10745, 1037, 19.2599983, 0, 0, 0, 86.2066039, 11501.8654479, 0, 
776127.2041091, 10745, 1037, 19.2599983, 0, 0, 0, 85.9372787, 11525.702362, 0, 
776626.2041625, 10754, 1047, 18.972, 0, 0, 0, 85.8036498, 11537.5568542, 0, 
777125.2045974, 10754, 1047, 18.972, 0, 0, 0, 85.6705321, 11549.3693542, 0, 
778624.2046508, 10763, 1055, 18.143999, 0, 0, 0, 85.2694549, 11584.8634948, 0, 
779124.2050857, 10763, 1055, 18.143999, 0, 0, 0, 85.1370925, 11596.6261901, 0, 
779743.2051391, 10763, 1055, 18.143999, 0, 0, 0, 84.9727935, 11611.2277831, 0, 
780622.203186, 10774, 1066, 10.1519994, 0, 0, 0, 84.740364, 11631.8762206, 0, 
781122.2033157, 10774, 1066, 10.1519994, 0, 0, 0, 84.6092757, 11643.5422363, 0, 
781749.2033691, 10774, 1066, 10.1519994, 0, 0, 0, 84.444107, 11658.2404785, 0, 
783120.2036209, 10779, 1071, 0.0359999, 0, 0, 0, 84.0836257, 11690.2609863, 0, 
783740.2036743, 10779, 1071, 0.0359999, 0, 0, 0, 83.9218215, 11704.6818847, 0, 
785740.2041625, 10783, 1076, 0.6119999, 0, 0, 0, 83.3990478, 11751.0900878, 0, 
786117.2041091, 10783, 1076, 0.6119999, 0, 0, 0, 83.3023986, 11759.72583, 0, 
787739.2046508, 10783, 1076, 0.4319999, 0, 0, 0, 82.8823852, 11797.1174316, 0, 
788115.2045974, 10783, 1076, 0.4319999, 0, 0, 0, 82.7867202, 11805.6770019, 0, 
788614.2046508, 10783, 1076, 0.4319999, 0, 0, 0, 82.6590499, 11817.0969238, 0, 
790113.2031326, 10783, 1076, 0.2159999, 0, 0, 0, 82.2751617, 11851.3439941, 0, 
790612.203186, 10783, 1076, 0.2159999, 0, 0, 0, 82.1487121, 11862.6711425, 0, 
791111.2033157, 10783, 1076, 0.2159999, 0, 0, 0, 82.022499, 11873.9807128, 0, 
792112.2034988, 10783, 1076, 0.2159999, 0, 0, 0, 81.7688217, 11896.6838378, 0, 
792610.2035522, 10783, 1076, 0.2159999, 0, 0, 0, 81.6433105, 11907.9406737, 0, 
793110.2036209, 10783, 1076, 0.2159999, 0, 0, 0, 81.5177764, 11919.2033691, 0, 
794608.2039184, 10783, 1076, 0.2159999, 0, 0, 0, 81.1402969, 11952.9777831, 0, 
795109.2041091, 10783, 1076, 0.2159999, 0, 0, 0, 81.0156936, 11964.1711425, 0, 
795607.2041625, 10783, 1076, 0.1799999, 0, 0, 0, 80.8918304, 11975.3020019, 0, 
797107.2045974, 10784, 1076, 0.1079999, 0, 0, 0, 80.5170898, 12008.8841552, 0, 
797605.2046508, 10784, 1076, 0.3239999, 0, 0, 0, 80.3936385, 12019.9915771, 0, 
799105.2050857, 10785, 1076, 0.4679999, 0, 0, 0, 80.0224151, 12053.3001708, 0, 
799604.2051391, 10785, 1076, 0.6119999, 0, 0, 0, 79.9001235, 12064.3167724, 0, 
800102.1875076, 10785, 1076, 0.6119999, 0, 0, 0, 79.7782974, 12075.2943115, 0, 
801602.1877441, 10785, 1076, 0.6119999, 0, 0, 0, 79.4099807, 12108.3919753, 0, 
802102.1878738, 10785, 1076, 0.6119999, 0, 0, 0, 79.2885589, 12119.3470535, 0, 
802600.1879272, 10785, 1076, 0.4319999, 0, 0, 0, 79.1680984, 12130.2191238, 0, 
803600.1880493, 10785, 1076, 0.5759999, 0, 0, 0, 78.9249724, 12152.1322097, 0, 
807845.1890258, 10785, 1076, 0.5039999, 0, 0, 0, 77.8901748, 12244.5228424, 0, 
809344.1894836, 10785, 1076, 0.2519999, 0, 0, 0, 77.5326766, 12276.7943267, 0, 
810843.1895141, 10786, 1076, 0.6839999, 0, 0, 0, 77.1761703, 12309.0043029, 0, 
811343.1896667, 10786, 1076, 0.3239999, 0, 0, 0, 77.0592651, 12319.6078185, 0, 
812840.1898803, 10786, 1076, 0.5759999, 0, 0, 0, 76.7060241, 12351.5570373, 0, 
813341.1899719, 10786, 1076, 0.6119999, 0, 0, 0, 76.5894851, 12362.1390685, 0, 
813838.1900024, 10786, 1076, 0.6119999, 0, 0, 0, 76.4736251, 12372.662506, 0, 
815339.1904601, 10786, 1076, 1.2239999, 0, 0, 0, 76.1230697, 12404.4115295, 0, 
815838.1904907, 10786, 1076, 1.2239999, 0, 0, 0, 76.0075607, 12414.912506, 0, 
816337.1904601, 10786, 1076, 0.4319999, 0, 0, 0, 75.8929595, 12425.334381, 0, 
